-- MySQL dump 10.16  Distrib 10.3.9-MariaDB, for Win64 (AMD64)
--
-- Host: 127.0.0.1    Database: ai
-- ------------------------------------------------------
-- Server version	10.3.9-MariaDB

/*!40101 SET @OLD_CHARACTER_SET_CLIENT=@@CHARACTER_SET_CLIENT */;
/*!40101 SET @OLD_CHARACTER_SET_RESULTS=@@CHARACTER_SET_RESULTS */;
/*!40101 SET @OLD_COLLATION_CONNECTION=@@COLLATION_CONNECTION */;
/*!40101 SET NAMES utf8 */;
/*!40103 SET @OLD_TIME_ZONE=@@TIME_ZONE */;
/*!40103 SET TIME_ZONE='+00:00' */;
/*!40014 SET @OLD_UNIQUE_CHECKS=@@UNIQUE_CHECKS, UNIQUE_CHECKS=0 */;
/*!40014 SET @OLD_FOREIGN_KEY_CHECKS=@@FOREIGN_KEY_CHECKS, FOREIGN_KEY_CHECKS=0 */;
/*!40101 SET @OLD_SQL_MODE=@@SQL_MODE, SQL_MODE='NO_AUTO_VALUE_ON_ZERO' */;
/*!40111 SET @OLD_SQL_NOTES=@@SQL_NOTES, SQL_NOTES=0 */;

--
-- Table structure for table `app`
--

DROP TABLE IF EXISTS `app`;
/*!40101 SET @saved_cs_client     = @@character_set_client */;
/*!40101 SET character_set_client = utf8 */;
CREATE TABLE `app` (
  `id` bigint(20) NOT NULL AUTO_INCREMENT,
  `key` char(32) NOT NULL,
  `name` varchar(50) NOT NULL COMMENT '机器人名字，比如：总部机器人1',
  `description` varchar(256) DEFAULT NULL COMMENT '机器人描述或备注',
  PRIMARY KEY (`id`),
  UNIQUE KEY `app_id_uindex` (`id`),
  UNIQUE KEY `app_name_uindex` (`name`)
) ENGINE=InnoDB AUTO_INCREMENT=8 DEFAULT CHARSET=utf8 COMMENT='机器人客户端表';
/*!40101 SET character_set_client = @saved_cs_client */;

--
-- Dumping data for table `app`
--

LOCK TABLES `app` WRITE;
/*!40000 ALTER TABLE `app` DISABLE KEYS */;
INSERT INTO `app` (`id`, `key`, `name`, `description`) VALUES (7,'vP7C9QFkGuhnnFoT','测试APP','测试使用');
/*!40000 ALTER TABLE `app` ENABLE KEYS */;
UNLOCK TABLES;

--
-- Table structure for table `auth_account_log`
--

DROP TABLE IF EXISTS `auth_account_log`;
/*!40101 SET @saved_cs_client     = @@character_set_client */;
/*!40101 SET character_set_client = utf8 */;
CREATE TABLE `auth_account_log` (
  `ID` int(11) unsigned NOT NULL AUTO_INCREMENT COMMENT '用户账户操作日志主键',
  `LOG_NAME` varchar(255) DEFAULT NULL COMMENT '日志名称(login,register,logout)',
  `USER_ID` varchar(30) DEFAULT NULL COMMENT '用户id',
  `CREATE_TIME` datetime DEFAULT current_timestamp() COMMENT '创建时间',
  `SUCCEED` tinyint(4) DEFAULT NULL COMMENT '是否执行成功(0失败1成功)',
  `MESSAGE` varchar(255) DEFAULT NULL COMMENT '具体消息',
  `IP` varchar(255) DEFAULT NULL COMMENT '登录ip',
  PRIMARY KEY (`ID`) USING BTREE
) ENGINE=InnoDB AUTO_INCREMENT=338 DEFAULT CHARSET=utf8 ROW_FORMAT=DYNAMIC COMMENT='登录注册登出记录';
/*!40101 SET character_set_client = @saved_cs_client */;

--
-- Dumping data for table `auth_account_log`
--

LOCK TABLES `auth_account_log` WRITE;
/*!40000 ALTER TABLE `auth_account_log` DISABLE KEYS */;
INSERT INTO `auth_account_log` (`ID`, `LOG_NAME`, `USER_ID`, `CREATE_TIME`, `SUCCEED`, `MESSAGE`, `IP`) VALUES (17,'用户登录日志','tom','2018-04-22 13:22:39',1,NULL,'10.0.75.2'),(18,'用户登录日志','admin','2018-06-02 17:42:59',1,'登录成功','127.0.0.1'),(19,'用户登录日志','admin','2018-06-06 17:08:38',1,'登录成功','127.0.0.1'),(20,'用户登录日志','admin','2018-06-06 17:10:50',1,'登录成功','127.0.0.1'),(21,'用户登录日志','admin','2018-06-06 20:14:28',1,'登录成功','127.0.0.1'),(22,'用户登录日志','admin','2018-06-06 20:29:18',1,'登录成功','127.0.0.1'),(23,'用户登录日志','admin','2018-06-06 20:32:04',1,'登录成功','127.0.0.1'),(24,'用户登录日志','admin','2018-06-06 20:38:04',1,'登录成功','127.0.0.1'),(25,'用户登录日志','admin','2018-06-06 20:42:16',1,'登录成功','127.0.0.1'),(26,'用户登录日志','admin','2018-06-06 20:43:36',1,'登录成功','127.0.0.1'),(27,'用户登录日志','admin','2018-06-06 20:56:02',1,'登录成功','127.0.0.1'),(28,'用户登录日志','admin','2018-06-06 21:02:37',1,'登录成功','127.0.0.1'),(29,'用户登录日志','admin','2018-06-06 21:04:09',1,'登录成功','127.0.0.1'),(30,'用户登录日志','admin','2018-06-06 21:04:51',1,'登录成功','127.0.0.1'),(31,'用户登录日志','admin','2018-06-06 21:08:31',1,'登录成功','127.0.0.1'),(32,'用户登录日志','admin','2018-06-06 21:10:26',1,'登录成功','127.0.0.1'),(33,'用户登录日志','admin','2018-06-06 21:16:36',1,'登录成功','127.0.0.1'),(34,'用户登录日志','admin','2018-06-06 21:16:46',1,'登录成功','127.0.0.1'),(35,'用户登录日志','admin','2018-06-07 08:27:25',1,'登录成功','127.0.0.1'),(36,'用户登录日志','admin','2018-06-07 09:10:01',1,'登录成功','127.0.0.1'),(37,'用户登录日志','admin','2018-06-07 09:11:05',1,'登录成功','127.0.0.1'),(38,'用户登录日志','admin','2018-06-14 11:23:02',1,'登录成功','127.0.0.1'),(39,'用户登录日志','admin','2018-06-14 11:24:06',1,'登录成功','127.0.0.1'),(40,'用户登录日志','admin','2018-06-15 10:02:28',1,'登录成功','127.0.0.1'),(41,'用户登录日志','admin','2018-06-22 15:57:22',1,'登录成功','127.0.0.1'),(42,'用户登录日志','admin','2018-06-22 16:23:18',1,'登录成功','127.0.0.1'),(43,'用户登录日志','admin','2018-06-22 16:37:09',1,'登录成功','127.0.0.1'),(44,'用户登录日志','admin','2018-06-22 16:37:28',1,'登录成功','127.0.0.1'),(45,'用户登录日志','admin','2018-06-22 16:37:28',1,'登录成功','127.0.0.1'),(46,'用户登录日志','admin','2018-06-22 16:37:29',1,'登录成功','127.0.0.1'),(47,'用户登录日志','admin','2018-06-22 16:37:29',1,'登录成功','127.0.0.1'),(48,'用户登录日志','admin','2018-06-22 16:37:29',1,'登录成功','127.0.0.1'),(49,'用户登录日志','admin','2018-06-22 16:37:29',1,'登录成功','127.0.0.1'),(50,'用户登录日志','admin','2018-06-22 16:37:29',1,'登录成功','127.0.0.1'),(51,'用户登录日志','admin','2018-06-22 16:37:30',1,'登录成功','127.0.0.1'),(52,'用户登录日志','admin','2018-06-22 16:37:30',1,'登录成功','127.0.0.1'),(53,'用户登录日志','admin','2018-06-22 16:37:30',1,'登录成功','127.0.0.1'),(54,'用户登录日志','admin','2018-06-22 16:37:30',1,'登录成功','127.0.0.1'),(55,'用户登录日志','admin','2018-06-22 16:37:31',1,'登录成功','127.0.0.1'),(56,'用户登录日志','admin','2018-06-22 16:37:32',1,'登录成功','127.0.0.1'),(57,'用户登录日志','admin','2018-06-22 16:37:32',1,'登录成功','127.0.0.1'),(58,'用户登录日志','admin','2018-06-22 16:37:32',1,'登录成功','127.0.0.1'),(59,'用户登录日志','admin','2018-06-22 16:37:32',1,'登录成功','127.0.0.1'),(60,'用户登录日志','admin','2018-06-22 16:37:32',1,'登录成功','127.0.0.1'),(61,'用户登录日志','admin','2018-06-22 16:37:33',1,'登录成功','127.0.0.1'),(62,'用户登录日志','admin','2018-06-22 16:37:33',1,'登录成功','127.0.0.1'),(63,'用户登录日志','admin','2018-06-22 16:37:33',1,'登录成功','127.0.0.1'),(64,'用户登录日志','admin','2018-06-22 16:37:33',1,'登录成功','127.0.0.1'),(65,'用户登录日志','admin','2018-06-22 16:37:38',1,'登录成功','127.0.0.1'),(66,'用户登录日志','admin','2018-06-22 16:39:40',1,'登录成功','127.0.0.1'),(67,'用户登录日志','admin','2018-06-22 16:39:40',1,'登录成功','127.0.0.1'),(68,'用户登录日志','admin','2018-06-22 16:39:41',1,'登录成功','127.0.0.1'),(69,'用户登录日志','admin','2018-06-22 16:39:41',1,'登录成功','127.0.0.1'),(70,'用户登录日志','admin','2018-06-22 16:39:46',1,'登录成功','127.0.0.1'),(71,'用户登录日志','admin','2018-06-22 16:39:46',1,'登录成功','127.0.0.1'),(72,'用户登录日志','admin','2018-06-22 16:39:47',1,'登录成功','127.0.0.1'),(73,'用户登录日志','admin','2018-06-22 16:39:48',1,'登录成功','127.0.0.1'),(74,'用户登录日志','admin','2018-06-22 16:39:48',1,'登录成功','127.0.0.1'),(75,'用户登录日志','admin','2018-06-22 16:39:48',1,'登录成功','127.0.0.1'),(76,'用户登录日志','admin','2018-06-22 16:39:49',1,'登录成功','127.0.0.1'),(77,'用户登录日志','admin','2018-06-22 16:39:49',1,'登录成功','127.0.0.1'),(78,'用户登录日志','admin','2018-06-22 16:39:49',1,'登录成功','127.0.0.1'),(79,'用户登录日志','admin','2018-06-22 16:39:50',1,'登录成功','127.0.0.1'),(80,'用户登录日志','admin','2018-06-22 16:39:54',1,'登录成功','127.0.0.1'),(81,'用户登录日志','admin','2018-06-22 16:39:56',1,'登录成功','127.0.0.1'),(82,'用户登录日志','admin','2018-06-22 16:39:57',1,'登录成功','127.0.0.1'),(83,'用户登录日志','admin','2018-06-22 16:39:57',1,'登录成功','127.0.0.1'),(84,'用户登录日志','admin','2018-06-22 16:39:58',1,'登录成功','127.0.0.1'),(85,'用户登录日志','admin','2018-06-22 16:39:58',1,'登录成功','127.0.0.1'),(86,'用户登录日志','admin','2018-06-22 16:39:58',1,'登录成功','127.0.0.1'),(87,'用户登录日志','admin','2018-06-22 16:39:58',1,'登录成功','127.0.0.1'),(88,'用户登录日志','admin','2018-06-22 16:39:59',1,'登录成功','127.0.0.1'),(89,'用户登录日志','admin','2018-06-22 16:39:59',1,'登录成功','127.0.0.1'),(90,'用户登录日志','admin','2018-06-22 16:39:59',1,'登录成功','127.0.0.1'),(91,'用户登录日志','admin','2018-06-22 16:39:59',1,'登录成功','127.0.0.1'),(92,'用户登录日志','admin','2018-06-22 16:39:59',1,'登录成功','127.0.0.1'),(93,'用户登录日志','admin','2018-06-22 16:40:00',1,'登录成功','127.0.0.1'),(94,'用户登录日志','admin','2018-06-22 16:40:00',1,'登录成功','127.0.0.1'),(95,'用户登录日志','admin','2018-06-22 16:40:00',1,'登录成功','127.0.0.1'),(96,'用户登录日志','admin','2018-06-22 16:40:00',1,'登录成功','127.0.0.1'),(97,'用户登录日志','admin','2018-06-22 16:40:00',1,'登录成功','127.0.0.1'),(98,'用户登录日志','admin','2018-06-22 16:40:01',1,'登录成功','127.0.0.1'),(99,'用户登录日志','admin','2018-06-22 16:40:01',1,'登录成功','127.0.0.1'),(100,'用户登录日志','admin','2018-06-22 16:40:01',1,'登录成功','127.0.0.1'),(101,'用户登录日志','admin','2018-06-22 16:40:01',1,'登录成功','127.0.0.1'),(102,'用户登录日志','admin','2018-06-22 16:40:01',1,'登录成功','127.0.0.1'),(103,'用户登录日志','admin','2018-06-22 16:40:01',1,'登录成功','127.0.0.1'),(104,'用户登录日志','admin','2018-06-22 16:40:02',1,'登录成功','127.0.0.1'),(105,'用户登录日志','admin','2018-06-22 16:40:02',1,'登录成功','127.0.0.1'),(106,'用户登录日志','admin','2018-06-22 16:40:02',1,'登录成功','127.0.0.1'),(107,'用户登录日志','admin','2018-06-22 16:40:02',1,'登录成功','127.0.0.1'),(108,'用户登录日志','admin','2018-06-22 16:40:03',1,'登录成功','127.0.0.1'),(109,'用户登录日志','admin','2018-06-22 16:40:03',1,'登录成功','127.0.0.1'),(110,'用户登录日志','admin','2018-06-22 16:40:03',1,'登录成功','127.0.0.1'),(111,'用户登录日志','admin','2018-06-22 16:40:03',1,'登录成功','127.0.0.1'),(112,'用户登录日志','admin','2018-06-22 16:40:04',1,'登录成功','127.0.0.1'),(113,'用户登录日志','admin','2018-06-22 16:40:04',1,'登录成功','127.0.0.1'),(114,'用户登录日志','admin','2018-06-22 16:40:04',1,'登录成功','127.0.0.1'),(115,'用户登录日志','admin','2018-06-22 16:40:05',1,'登录成功','127.0.0.1'),(116,'用户登录日志','admin','2018-06-22 16:40:05',1,'登录成功','127.0.0.1'),(117,'用户登录日志','admin','2018-06-22 16:40:05',1,'登录成功','127.0.0.1'),(118,'用户登录日志','admin','2018-06-22 16:40:05',1,'登录成功','127.0.0.1'),(119,'用户登录日志','admin','2018-06-22 16:40:05',1,'登录成功','127.0.0.1'),(120,'用户登录日志','admin','2018-06-22 16:40:06',1,'登录成功','127.0.0.1'),(121,'用户登录日志','admin','2018-06-22 16:40:06',1,'登录成功','127.0.0.1'),(122,'用户登录日志','admin','2018-06-22 16:40:06',1,'登录成功','127.0.0.1'),(123,'用户登录日志','admin','2018-06-22 16:40:06',1,'登录成功','127.0.0.1'),(124,'用户登录日志','admin','2018-06-22 16:40:07',1,'登录成功','127.0.0.1'),(125,'用户登录日志','admin','2018-06-22 16:40:07',1,'登录成功','127.0.0.1'),(126,'用户登录日志','admin','2018-06-22 16:40:07',1,'登录成功','127.0.0.1'),(127,'用户登录日志','admin','2018-06-22 16:40:07',1,'登录成功','127.0.0.1'),(128,'用户登录日志','admin','2018-06-22 16:40:07',1,'登录成功','127.0.0.1'),(129,'用户登录日志','admin','2018-06-22 16:40:08',1,'登录成功','127.0.0.1'),(130,'用户登录日志','admin','2018-06-22 16:40:08',1,'登录成功','127.0.0.1'),(131,'用户登录日志','admin','2018-06-22 16:40:08',1,'登录成功','127.0.0.1'),(132,'用户登录日志','admin','2018-06-22 16:40:08',1,'登录成功','127.0.0.1'),(133,'用户登录日志','admin','2018-06-22 16:40:08',1,'登录成功','127.0.0.1'),(134,'用户登录日志','admin','2018-06-22 16:40:09',1,'登录成功','127.0.0.1'),(135,'用户登录日志','admin','2018-06-22 16:40:09',1,'登录成功','127.0.0.1'),(136,'用户登录日志','admin','2018-06-22 16:40:09',1,'登录成功','127.0.0.1'),(137,'用户登录日志','admin','2018-06-22 16:40:09',1,'登录成功','127.0.0.1'),(138,'用户登录日志','admin','2018-06-22 16:40:09',1,'登录成功','127.0.0.1'),(139,'用户登录日志','admin','2018-06-22 16:43:52',1,'登录成功','127.0.0.1'),(140,'用户登录日志','admin','2018-06-22 16:43:54',1,'登录成功','127.0.0.1'),(141,'用户登录日志','admin','2018-06-22 16:48:28',1,'登录成功','127.0.0.1'),(142,'用户登录日志','admin','2018-06-22 16:49:20',1,'登录成功','127.0.0.1'),(143,'用户登录日志','admin','2018-06-22 16:49:53',1,'登录成功','127.0.0.1'),(144,'用户登录日志','admin','2018-06-22 16:51:48',1,'登录成功','127.0.0.1'),(145,'用户登录日志','admin','2018-06-22 16:51:54',1,'登录成功','127.0.0.1'),(146,'用户登录日志','admin','2018-06-22 16:52:32',1,'登录成功','127.0.0.1'),(147,'用户登录日志','admin','2018-06-22 16:58:43',1,'登录成功','127.0.0.1'),(148,'用户登录日志','admin','2018-06-22 17:01:41',1,'登录成功','127.0.0.1'),(149,'用户登录日志','admin','2018-06-22 17:03:50',1,'登录成功','127.0.0.1'),(150,'用户登录日志','admin','2018-06-22 17:04:11',1,'登录成功','127.0.0.1'),(151,'用户登录日志','admin','2018-06-22 17:16:29',1,'登录成功','127.0.0.1'),(152,'用户登录日志','admin','2018-06-22 17:17:08',1,'登录成功','127.0.0.1'),(153,'用户登录日志','admin','2018-06-22 17:18:03',1,'登录成功','127.0.0.1'),(154,'用户登录日志','admin','2018-06-22 17:25:08',1,'登录成功','127.0.0.1'),(155,'用户登录日志','admin','2018-06-22 17:26:46',1,'登录成功','127.0.0.1'),(156,'用户登录日志','admin','2018-06-22 17:27:19',1,'登录成功','127.0.0.1'),(157,'用户登录日志','admin','2018-06-22 17:31:10',1,'登录成功','127.0.0.1'),(158,'用户登录日志','admin','2018-06-22 17:52:54',1,'登录成功','127.0.0.1'),(159,'用户登录日志','admin','2018-06-22 17:53:32',1,'登录成功','127.0.0.1'),(160,'用户登录日志','admin','2018-06-22 17:53:46',1,'登录成功','127.0.0.1'),(161,'用户登录日志','admin','2018-06-22 17:56:43',1,'登录成功','127.0.0.1'),(162,'用户登录日志','admin','2018-06-22 17:56:48',1,'登录成功','127.0.0.1'),(163,'用户登录日志','admin','2018-06-22 18:08:25',1,'登录成功','127.0.0.1'),(164,'用户登录日志','admin','2018-06-22 18:08:34',1,'登录成功','127.0.0.1'),(165,'用户登录日志','admin','2018-06-22 18:09:03',1,'登录成功','127.0.0.1'),(166,'用户登录日志','admin','2018-06-22 18:09:54',1,'登录成功','127.0.0.1'),(167,'用户登录日志','admin','2018-06-22 18:11:33',1,'登录成功','127.0.0.1'),(168,'用户登录日志','admin','2018-06-22 18:14:14',1,'登录成功','127.0.0.1'),(169,'用户登录日志','admin','2018-06-22 18:17:10',1,'登录成功','127.0.0.1'),(170,'用户登录日志','admin','2018-06-22 18:18:08',1,'登录成功','127.0.0.1'),(171,'用户登录日志','admin','2018-06-22 18:19:40',1,'登录成功','127.0.0.1'),(172,'用户登录日志','admin','2018-06-22 18:20:59',1,'登录成功','127.0.0.1'),(173,'用户登录日志','admin','2018-06-22 18:21:20',1,'登录成功','127.0.0.1'),(174,'用户登录日志','admin','2018-06-22 18:21:22',1,'登录成功','127.0.0.1'),(175,'用户登录日志','admin','2018-06-22 18:21:36',1,'登录成功','127.0.0.1'),(176,'用户登录日志','admin','2018-06-22 18:21:37',1,'登录成功','127.0.0.1'),(177,'用户登录日志','admin','2018-06-22 18:21:38',1,'登录成功','127.0.0.1'),(178,'用户登录日志','admin','2018-06-22 18:30:30',1,'登录成功','127.0.0.1'),(179,'用户登录日志','admin','2018-06-22 18:31:08',1,'登录成功','127.0.0.1'),(180,'用户登录日志','admin','2018-06-22 18:34:03',1,'登录成功','127.0.0.1'),(181,'用户登录日志','admin','2018-06-22 18:41:49',1,'登录成功','127.0.0.1'),(182,'用户登录日志','admin','2018-06-22 18:51:47',1,'登录成功','127.0.0.1'),(183,'用户登录日志','admin','2018-06-22 18:52:22',1,'登录成功','127.0.0.1'),(184,'用户登录日志','admin','2018-06-22 18:58:17',1,'登录成功','127.0.0.1'),(185,'用户登录日志','admin','2018-06-22 18:59:28',1,'登录成功','127.0.0.1'),(186,'用户登录日志','admin','2018-06-22 19:10:51',1,'登录成功','127.0.0.1'),(187,'用户登录日志','admin','2018-06-22 19:11:39',1,'登录成功','127.0.0.1'),(188,'用户登录日志','admin','2018-06-22 19:12:34',1,'登录成功','127.0.0.1'),(189,'用户登录日志','admin','2018-06-22 19:12:59',1,'登录成功','127.0.0.1'),(190,'用户登录日志','admin','2018-06-22 19:13:30',1,'登录成功','127.0.0.1'),(191,'用户登录日志','admin','2018-06-22 19:14:26',1,'登录成功','127.0.0.1'),(192,'用户登录日志','admin','2018-06-22 19:15:02',1,'登录成功','127.0.0.1'),(193,'用户登录日志','admin','2018-06-22 19:54:36',1,'登录成功','127.0.0.1'),(194,'用户登录日志','admin','2018-07-05 15:36:45',1,'登录成功','127.0.0.1'),(195,'用户登录日志','admin','2018-07-06 11:06:56',1,'登录成功','127.0.0.1'),(196,'用户登录日志','admin','2018-07-06 11:09:50',1,'登录成功','192.168.3.195'),(197,'用户登录日志','admin','2018-07-06 11:28:20',1,'登录成功','192.168.3.135'),(198,'用户登录日志','admin','2018-07-06 11:28:20',1,'登录成功','192.168.3.135'),(199,'用户登录日志','admin','2018-07-06 11:33:37',1,'登录成功','192.168.3.192'),(200,'用户登录日志','admin','2018-07-08 18:20:26',1,'登录成功','192.168.3.236'),(201,'用户登录日志','admin','2018-07-09 17:15:38',1,'登录成功','192.168.3.236'),(202,'用户登录日志','admin','2018-07-10 19:07:02',1,'登录成功','0:0:0:0:0:0:0:1'),(203,'用户登录日志','admin','2018-07-10 19:45:48',1,'登录成功','192.168.3.236'),(204,'用户登录日志','admin','2018-07-10 19:56:50',1,'登录成功','192.168.3.195'),(205,'用户登录日志','admin','2018-07-10 19:56:50',1,'登录成功','192.168.3.195'),(206,'用户登录日志','admin','2018-07-10 20:26:16',1,'登录成功','192.168.3.195'),(207,'用户登录日志','admin','2018-07-10 20:33:13',1,'登录成功','192.168.3.152'),(208,'用户登录日志','admin','2018-07-10 22:21:31',1,'登录成功','192.168.3.236'),(209,'用户登录日志','admin','2018-07-14 13:50:59',1,'登录成功','0:0:0:0:0:0:0:1'),(210,'用户登录日志','admin','2018-07-16 13:37:12',1,'登录成功','0:0:0:0:0:0:0:1'),(211,'用户登录日志','admin','2018-07-16 13:37:12',1,'登录成功','0:0:0:0:0:0:0:1'),(212,'用户登录日志','admin','2018-07-16 13:37:48',1,'登录成功','127.0.0.1'),(213,'用户登录日志','admin1','2018-07-16 15:05:11',1,'登录成功','0:0:0:0:0:0:0:1'),(214,'用户登录日志','admin1','2018-07-16 15:05:46',1,'登录成功','0:0:0:0:0:0:0:1'),(215,'用户登录日志','admin','2018-07-16 15:15:22',1,'登录成功','0:0:0:0:0:0:0:1'),(216,'用户登录日志','admin1','2018-07-16 15:17:07',1,'登录成功','0:0:0:0:0:0:0:1'),(217,'用户登录日志','admin1','2018-07-16 15:17:13',1,'登录成功','0:0:0:0:0:0:0:1'),(218,'用户登录日志','admin1','2018-07-16 15:18:53',1,'登录成功','0:0:0:0:0:0:0:1'),(219,'用户登录日志','admin','2018-07-17 10:38:12',1,'登录成功','0:0:0:0:0:0:0:1'),(220,'用户登录日志','admin','2018-07-17 13:15:09',1,'登录成功','0:0:0:0:0:0:0:1'),(221,'用户登录日志','admin','2018-07-19 14:34:56',1,'登录成功','0:0:0:0:0:0:0:1'),(222,'用户登录日志','admin','2018-07-19 14:42:34',1,'登录成功','0:0:0:0:0:0:0:1'),(223,'用户登录日志','admin','2018-07-19 18:29:50',1,'登录成功','192.168.1.24'),(224,'用户登录日志','admin','2018-07-19 19:58:53',1,'登录成功','192.168.1.20'),(225,'用户登录日志','admin','2018-07-20 16:01:22',1,'登录成功','192.168.1.25'),(226,'用户登录日志','admin','2018-07-20 16:01:30',1,'登录成功','192.168.1.102'),(227,'用户登录日志','admin','2018-07-21 21:16:37',1,'登录成功','192.168.1.6'),(228,'用户登录日志','admin','2018-07-21 21:16:46',1,'登录成功','192.168.1.6'),(229,'用户登录日志','admin','2018-07-21 21:16:49',1,'登录成功','192.168.1.6'),(230,'用户登录日志','admin','2018-07-23 11:23:22',1,'登录成功','0:0:0:0:0:0:0:1'),(231,'用户登录日志','admin','2018-07-23 11:26:02',1,'登录成功','0:0:0:0:0:0:0:1'),(232,'用户登录日志','admin','2018-07-23 14:39:48',1,'登录成功','0:0:0:0:0:0:0:1'),(233,'用户登录日志','admin','2018-07-23 20:19:54',1,'登录成功','192.168.1.6'),(234,'用户登录日志','admin','2018-07-23 21:21:58',1,'登录成功','192.168.1.20'),(235,'用户登录日志','admin','2018-07-24 10:28:26',1,'登录成功','0:0:0:0:0:0:0:1'),(236,'用户登录日志','admin','2018-07-24 10:28:27',1,'登录成功','0:0:0:0:0:0:0:1'),(237,'用户登录日志','admin','2018-07-24 10:28:40',1,'登录成功','0:0:0:0:0:0:0:1'),(238,'用户登录日志','admin','2018-07-24 10:28:45',1,'登录成功','0:0:0:0:0:0:0:1'),(239,'用户登录日志','admin','2018-07-24 10:43:45',1,'登录成功','0:0:0:0:0:0:0:1'),(240,'用户登录日志','admin','2018-07-24 10:45:01',1,'登录成功','0:0:0:0:0:0:0:1'),(241,'用户登录日志','admin','2018-07-24 15:34:15',1,'登录成功','0:0:0:0:0:0:0:1'),(242,'用户登录日志','admin','2018-07-24 21:27:48',1,'登录成功','0:0:0:0:0:0:0:1'),(243,'用户登录日志','admin','2018-07-25 10:02:06',1,'登录成功','0:0:0:0:0:0:0:1'),(244,'用户登录日志','admin','2018-07-25 12:42:56',1,'登录成功','0:0:0:0:0:0:0:1'),(245,'用户登录日志','admin','2018-07-25 12:42:56',1,'登录成功','0:0:0:0:0:0:0:1'),(246,'用户登录日志','admin','2018-07-25 14:56:39',1,'登录成功','0:0:0:0:0:0:0:1'),(247,'用户登录日志','admin','2018-07-25 16:14:26',1,'登录成功','0:0:0:0:0:0:0:1'),(248,'用户登录日志','admin','2018-07-25 17:08:22',1,'登录成功','0:0:0:0:0:0:0:1'),(249,'用户登录日志','admin','2018-07-26 13:05:18',1,'登录成功','0:0:0:0:0:0:0:1'),(250,'用户登录日志','admin','2018-07-26 19:50:54',1,'登录成功','0:0:0:0:0:0:0:1'),(251,'用户登录日志','admin','2018-07-27 10:21:02',1,'登录成功','0:0:0:0:0:0:0:1'),(252,'用户登录日志','admin','2018-07-27 14:58:16',1,'登录成功','0:0:0:0:0:0:0:1'),(253,'用户登录日志','admin','2018-07-27 16:12:54',1,'登录成功','0:0:0:0:0:0:0:1'),(254,'用户登录日志','admin','2018-07-27 16:12:54',1,'登录成功','0:0:0:0:0:0:0:1'),(255,'用户登录日志','admin','2018-07-27 16:12:54',1,'登录成功','0:0:0:0:0:0:0:1'),(256,'用户登录日志','admin','2018-07-27 16:13:12',1,'登录成功','0:0:0:0:0:0:0:1'),(257,'用户登录日志','admin','2018-07-27 17:03:36',1,'登录成功','0:0:0:0:0:0:0:1'),(258,'用户登录日志','admin','2018-07-27 17:10:53',1,'登录成功','0:0:0:0:0:0:0:1'),(259,'用户登录日志','admin','2018-07-27 17:44:20',1,'登录成功','0:0:0:0:0:0:0:1'),(260,'用户登录日志','admin','2018-07-27 17:44:32',1,'登录成功','0:0:0:0:0:0:0:1'),(261,'用户登录日志','admin','2018-07-27 17:58:00',1,'登录成功','0:0:0:0:0:0:0:1'),(262,'用户登录日志','admin','2018-07-27 18:01:22',1,'登录成功','0:0:0:0:0:0:0:1'),(263,'用户登录日志','admin','2018-07-27 18:22:04',1,'登录成功','0:0:0:0:0:0:0:1'),(264,'用户登录日志','admin','2018-07-27 18:34:49',1,'登录成功','0:0:0:0:0:0:0:1'),(265,'用户登录日志','admin','2018-07-27 20:16:06',1,'登录成功','0:0:0:0:0:0:0:1'),(266,'用户登录日志','admin','2018-07-27 20:16:06',1,'登录成功','0:0:0:0:0:0:0:1'),(267,'用户登录日志','admin','2018-07-27 20:16:06',1,'登录成功','0:0:0:0:0:0:0:1'),(268,'用户登录日志','admin','2018-07-27 20:16:06',1,'登录成功','0:0:0:0:0:0:0:1'),(269,'用户登录日志','admin','2018-07-27 20:16:06',1,'登录成功','0:0:0:0:0:0:0:1'),(270,'用户登录日志','admin','2018-07-28 15:10:23',1,'登录成功','0:0:0:0:0:0:0:1'),(271,'用户注册日志','admin1','2018-07-28 15:17:04',1,'编辑成功','0:0:0:0:0:0:0:1'),(272,'用户注册日志','admin1','2018-07-28 15:17:38',1,'编辑成功','0:0:0:0:0:0:0:1'),(273,'用户登录日志','admin','2018-07-28 15:31:24',1,'登录成功','0:0:0:0:0:0:0:1'),(274,'用户登录日志','admin','2018-07-30 17:09:08',1,'登录成功','0:0:0:0:0:0:0:1'),(275,'用户登录日志','admin','2018-07-30 18:26:13',1,'登录成功','0:0:0:0:0:0:0:1'),(276,'用户登录日志','admin','2018-07-30 20:30:02',1,'登录成功','0:0:0:0:0:0:0:1'),(277,'用户登录日志','admin','2018-07-30 21:23:22',1,'登录成功','0:0:0:0:0:0:0:1'),(278,'用户登录日志','admin','2018-07-30 21:36:40',1,'登录成功','0:0:0:0:0:0:0:1'),(279,'用户登录日志','admin','2018-07-30 21:38:26',1,'登录成功','0:0:0:0:0:0:0:1'),(280,'用户登录日志','admin','2018-07-30 21:39:58',1,'登录成功','0:0:0:0:0:0:0:1'),(281,'用户登录日志','admin','2018-07-30 21:42:24',1,'登录成功','0:0:0:0:0:0:0:1'),(282,'用户登录日志','admin','2018-07-30 21:44:57',1,'登录成功','0:0:0:0:0:0:0:1'),(283,'用户登录日志','admin','2018-07-30 21:45:01',1,'登录成功','0:0:0:0:0:0:0:1'),(284,'用户登录日志','admin','2018-07-30 21:45:20',1,'登录成功','0:0:0:0:0:0:0:1'),(285,'用户登录日志','admin','2018-07-30 21:46:44',1,'登录成功','0:0:0:0:0:0:0:1'),(286,'用户登录日志','admin','2018-07-30 21:47:17',1,'登录成功','0:0:0:0:0:0:0:1'),(287,'用户登录日志','admin','2018-07-30 21:49:14',1,'登录成功','0:0:0:0:0:0:0:1'),(288,'用户登录日志','admin','2018-07-30 21:50:10',1,'登录成功','0:0:0:0:0:0:0:1'),(289,'用户登录日志','admin','2018-07-30 21:50:44',1,'登录成功','0:0:0:0:0:0:0:1'),(290,'用户登录日志','admin','2018-07-30 21:51:26',1,'登录成功','0:0:0:0:0:0:0:1'),(291,'用户登录日志','admin','2018-07-30 21:52:07',1,'登录成功','0:0:0:0:0:0:0:1'),(292,'用户登录日志','admin','2018-07-30 22:14:57',1,'登录成功','0:0:0:0:0:0:0:1'),(293,'用户登录日志','admin','2018-07-31 10:23:51',1,'登录成功','0:0:0:0:0:0:0:1'),(294,'用户注册日志','ceshi1','2018-07-31 10:25:56',1,'注册成功','0:0:0:0:0:0:0:1'),(295,'用户注册日志','ceshi1','2018-07-31 10:25:56',0,'注册失败','0:0:0:0:0:0:0:1'),(296,'用户登录日志','ceshi1','2018-07-31 10:26:15',1,'登录成功','0:0:0:0:0:0:0:1'),(297,'用户登录日志','admin','2018-07-31 10:27:17',1,'登录成功','0:0:0:0:0:0:0:1'),(298,'用户注册日志','ceshi1','2018-07-31 10:34:14',1,'删除成功','0:0:0:0:0:0:0:1'),(299,'用户登录日志','admin','2018-07-31 10:38:44',1,'登录成功','0:0:0:0:0:0:0:1'),(300,'用户登录日志','admin','2018-07-31 17:55:07',1,'登录成功','0:0:0:0:0:0:0:1'),(301,'用户登录日志','admin','2018-07-31 17:56:36',1,'登录成功','0:0:0:0:0:0:0:1'),(302,'用户登录日志','admin','2018-07-31 19:54:12',1,'登录成功','0:0:0:0:0:0:0:1'),(303,'用户登录日志','admin','2018-07-31 20:50:38',1,'登录成功','0:0:0:0:0:0:0:1'),(304,'用户登录日志','admin','2018-08-02 10:51:27',1,'登录成功','0:0:0:0:0:0:0:1'),(305,'用户登录日志','admin','2018-08-02 12:36:02',1,'登录成功','0:0:0:0:0:0:0:1'),(306,'用户登录日志','admin','2018-08-02 13:08:04',1,'登录成功','0:0:0:0:0:0:0:1'),(307,'用户登录日志','admin','2018-08-02 17:14:04',1,'登录成功','0:0:0:0:0:0:0:1'),(308,'用户登录日志','admin','2018-08-03 10:48:40',1,'登录成功','192.168.1.20'),(309,'用户登录日志','admin','2018-08-03 10:51:53',1,'登录成功','192.168.1.6'),(310,'用户登录日志','admin','2018-08-03 19:16:44',1,'登录成功','192.168.1.20'),(311,'用户登录日志','admin','2018-08-03 19:17:33',1,'登录成功','192.168.1.20'),(312,'用户登录日志','admin','2018-08-03 20:10:52',1,'登录成功','0:0:0:0:0:0:0:1'),(313,'用户登录日志','admin','2018-08-03 20:10:56',1,'登录成功','0:0:0:0:0:0:0:1'),(314,'用户登录日志','admin','2018-08-03 20:11:18',1,'登录成功','0:0:0:0:0:0:0:1'),(315,'用户登录日志','admin','2018-08-03 21:14:30',1,'登录成功','0:0:0:0:0:0:0:1'),(316,'用户注册日志','test2','2018-08-03 21:14:52',1,'注册成功','0:0:0:0:0:0:0:1'),(317,'用户注册日志','test2','2018-08-03 21:14:52',0,'注册失败','0:0:0:0:0:0:0:1'),(318,'用户登录日志','test2','2018-08-03 21:15:02',1,'登录成功','0:0:0:0:0:0:0:1'),(319,'用户登录日志','admin','2018-08-03 21:46:53',1,'登录成功','0:0:0:0:0:0:0:1'),(320,'用户登录日志','admin','2018-08-04 10:47:49',1,'登录成功','0:0:0:0:0:0:0:1'),(321,'用户登录日志','admin','2018-08-04 10:48:32',1,'登录成功','0:0:0:0:0:0:0:1'),(322,'用户登录日志','admin','2018-08-04 10:49:56',1,'登录成功','0:0:0:0:0:0:0:1'),(323,'用户登录日志','admin1','2018-08-04 10:50:53',1,'登录成功','0:0:0:0:0:0:0:1'),(324,'用户登录日志','admin','2018-08-04 11:04:44',1,'登录成功','0:0:0:0:0:0:0:1'),(325,'用户登录日志','admin1','2018-08-06 09:43:28',1,'登录成功','0:0:0:0:0:0:0:1'),(326,'用户登录日志','admin','2018-08-06 09:44:12',1,'登录成功','0:0:0:0:0:0:0:1'),(327,'用户登录日志','admin','2018-08-06 10:27:58',1,'登录成功','0:0:0:0:0:0:0:1'),(328,'用户登录日志','admin','2018-08-06 10:27:58',1,'登录成功','0:0:0:0:0:0:0:1'),(329,'用户登录日志','admin','2018-08-06 10:27:58',1,'登录成功','0:0:0:0:0:0:0:1'),(330,'用户登录日志','admin','2018-08-06 10:27:59',1,'登录成功','0:0:0:0:0:0:0:1'),(331,'用户登录日志','admin','2018-08-06 10:27:58',1,'登录成功','0:0:0:0:0:0:0:1'),(332,'用户登录日志','admin','2018-08-06 10:28:01',1,'登录成功','0:0:0:0:0:0:0:1'),(333,'用户登录日志','admin','2018-08-06 10:28:00',1,'登录成功','0:0:0:0:0:0:0:1'),(334,'用户登录日志','admin','2018-08-06 10:28:21',1,'登录成功','0:0:0:0:0:0:0:1'),(335,'用户登录日志','admin','2018-08-06 10:28:41',1,'登录成功','0:0:0:0:0:0:0:1'),(336,'用户登录日志','admin','2018-08-06 10:28:40',1,'登录成功','0:0:0:0:0:0:0:1'),(337,'用户登录日志','admin','2018-08-06 10:28:30',1,'登录成功','0:0:0:0:0:0:0:1');
/*!40000 ALTER TABLE `auth_account_log` ENABLE KEYS */;
UNLOCK TABLES;

--
-- Table structure for table `auth_operation_log`
--

DROP TABLE IF EXISTS `auth_operation_log`;
/*!40101 SET @saved_cs_client     = @@character_set_client */;
/*!40101 SET character_set_client = utf8 */;
CREATE TABLE `auth_operation_log` (
  `ID` int(11) NOT NULL AUTO_INCREMENT COMMENT '用户操作日志主键',
  `LOG_NAME` varchar(255) DEFAULT NULL COMMENT '日志名称',
  `USER_ID` varchar(30) DEFAULT NULL COMMENT '用户id',
  `API` varchar(255) DEFAULT NULL COMMENT 'api名称',
  `METHOD` varchar(255) DEFAULT NULL COMMENT '方法名称',
  `CREATE_TIME` datetime DEFAULT current_timestamp() COMMENT '创建时间',
  `SUCCEED` tinyint(4) DEFAULT NULL COMMENT '是否执行成功(0失败1成功)',
  `MESSAGE` varchar(255) DEFAULT NULL COMMENT '具体消息备注',
  PRIMARY KEY (`ID`) USING BTREE
) ENGINE=InnoDB AUTO_INCREMENT=23 DEFAULT CHARSET=utf8 ROW_FORMAT=DYNAMIC COMMENT='操作日志';
/*!40101 SET character_set_client = @saved_cs_client */;

--
-- Dumping data for table `auth_operation_log`
--

LOCK TABLES `auth_operation_log` WRITE;
/*!40000 ALTER TABLE `auth_operation_log` DISABLE KEYS */;
INSERT INTO `auth_operation_log` (`ID`, `LOG_NAME`, `USER_ID`, `API`, `METHOD`, `CREATE_TIME`, `SUCCEED`, `MESSAGE`) VALUES (17,'业务操作日志','tom','/resource/menus','GET','2018-04-22 16:05:05',1,NULL),(18,'业务操作日志','tom','/resource/menus','GET','2018-04-22 16:05:09',1,NULL),(19,'业务操作日志','tom','/resource/api/-1/1/10','GET','2018-04-22 16:08:15',1,NULL),(20,'业务操作日志',NULL,'/resource/authorityMenu','GET','2018-06-06 11:46:18',1,NULL),(21,'业务操作日志',NULL,'/web/api/v1/resource/authorityMenu','GET','2018-08-03 19:16:29',1,NULL),(22,'业务操作日志','admin','/web/api/v1/resource/authorityMenu','GET','2018-08-03 19:16:44',1,NULL);
/*!40000 ALTER TABLE `auth_operation_log` ENABLE KEYS */;
UNLOCK TABLES;

--
-- Table structure for table `auth_resource`
--

DROP TABLE IF EXISTS `auth_resource`;
/*!40101 SET @saved_cs_client     = @@character_set_client */;
/*!40101 SET character_set_client = utf8 */;
CREATE TABLE `auth_resource` (
  `ID` int(11) unsigned NOT NULL AUTO_INCREMENT COMMENT '资源ID',
  `CODE` varchar(30) DEFAULT NULL COMMENT '资源名称',
  `NAME` varchar(30) DEFAULT NULL COMMENT '资源描述',
  `PARENT_ID` int(11) DEFAULT NULL COMMENT '父资源编码->菜单',
  `URI` varchar(100) DEFAULT NULL COMMENT '访问地址URL',
  `TYPE` smallint(4) DEFAULT NULL COMMENT '类型 1:菜单menu 2:资源element(rest-api) 3:资源分类',
  `METHOD` varchar(10) DEFAULT NULL COMMENT '访问方式 GET POST PUT DELETE PATCH',
  `ICON` varchar(100) DEFAULT NULL COMMENT '图标',
  `STATUS` smallint(4) DEFAULT 1 COMMENT '状态   1:正常、9：禁用',
  `CREATE_TIME` datetime DEFAULT current_timestamp() COMMENT '创建时间',
  `UPDATE_TIME` datetime DEFAULT current_timestamp() COMMENT '更新时间',
  PRIMARY KEY (`ID`) USING BTREE
) ENGINE=InnoDB AUTO_INCREMENT=226 DEFAULT CHARSET=utf8 ROW_FORMAT=DYNAMIC COMMENT='资源信息表(菜单,资源)';
/*!40101 SET character_set_client = @saved_cs_client */;

--
-- Dumping data for table `auth_resource`
--

LOCK TABLES `auth_resource` WRITE;
/*!40000 ALTER TABLE `auth_resource` DISABLE KEYS */;
INSERT INTO `auth_resource` (`ID`, `CODE`, `NAME`, `PARENT_ID`, `URI`, `TYPE`, `METHOD`, `ICON`, `STATUS`, `CREATE_TIME`, `UPDATE_TIME`) VALUES (101,'ACCOUNT_LOGIN','用户登录',103,'/web/api/v1/account/login',2,'POST',NULL,1,NULL,NULL),(103,'GROUP_ACCOUNT','账户系列',110,'',3,'POST',NULL,1,NULL,NULL),(107,'MENU_MANAGE','菜单管理',106,'/index/menu',1,'POST','fa fa-th',1,NULL,NULL),(109,'API_MANAGE','API管理',106,'/index/api',1,NULL,'fa fa-share',1,'2018-04-07 09:40:24','2018-04-07 09:40:24'),(110,'CATEGORY_GROUP','分类集合(API类别请放入此集合)',-1,NULL,3,NULL,NULL,1,'2018-04-07 14:27:58','2018-04-07 14:27:58'),(115,'GROUP_USER','用户系列',110,'',3,'GET',NULL,1,'2018-04-07 16:31:01','2018-04-07 16:31:01'),(117,'ROLE_MANAGE','角色管理',106,'/index/role',1,NULL,'fa fa-adjust',1,'2018-04-08 05:36:31','2018-04-08 05:36:31'),(118,'GROUP_RESOURCE','资源系列',110,NULL,3,NULL,NULL,1,'2018-04-09 02:29:14','2018-04-09 02:29:14'),(121,'USER_AUTHORITY_ROLE_ADD','给用户授权添加角色',115,'/user/authority/role',2,'POST',NULL,1,'2018-04-12 03:15:56','2018-04-12 03:15:56'),(122,'USER_AUTHORITY_ROLE_DEL','删除已经授权的用户角色',115,'/user/authority/role/*/*',2,'DELETE',NULL,1,'2018-04-12 03:29:03','2018-04-12 03:29:03'),(123,'RESOURCE_AUTORITYMENU','获取用户被授权菜单',118,'/web/api/v1/resource/authorityMenu',2,'GET',NULL,1,'2018-04-12 05:30:03','2018-04-12 05:30:03'),(124,'RESOURCE_MENUS','获取全部菜单列',118,'/web/api/v1/resource/menus',2,'GET',NULL,1,'2018-04-12 05:42:46','2018-04-12 05:42:46'),(125,'RESOURCE_MENU','增加菜单',118,'/web/api/v1/resource/menu',2,'POST',NULL,1,'2018-04-12 06:15:39','2018-04-12 06:15:39'),(126,'RESOURCE_MENU','修改菜单',118,'/web/api/v1/resource/menu',2,'PUT',NULL,1,'2018-04-12 06:16:35','2018-04-12 06:16:35'),(127,'RESOURCE_MENU','删除菜单',118,'/web/api/v1/resource/menu/*',2,'DELETE',NULL,1,'2018-04-12 06:17:18','2018-04-12 06:17:18'),(128,'RESOURCE_API','获取API list',118,'/web/api/v1/resource/api/*/*/*',2,'GET',NULL,1,'2018-04-12 06:18:02','2018-04-12 06:18:02'),(129,'RESOURCE_API','增加API',118,'/web/api/v1/resource/api',2,'POST',NULL,1,'2018-04-12 06:18:42','2018-04-12 06:18:42'),(130,'RESOURCE_API','修改API',118,'/web/api/v1/resource/api',2,'PUT',NULL,1,'2018-04-12 06:19:32','2018-04-12 06:19:32'),(131,'RESOURCE_API','删除API',118,'/web/api/v1/resource/api/*',2,'DELETE',NULL,1,'2018-04-12 06:20:03','2018-04-12 06:20:03'),(132,'GROUP_ROLE','角色系列',110,NULL,3,NULL,NULL,1,'2018-04-12 06:22:02','2018-04-12 06:22:02'),(133,'ROLE_USER','获取角色关联用户列表',132,'/web/api/v1/role/user/*/*/*',2,'GET',NULL,1,'2018-04-12 06:22:59','2018-04-12 06:22:59'),(134,'ROLE_USER','获取角色未关联用户列表',132,'/web/api/v1/role/user/-/*/*/*',2,'GET',NULL,1,'2018-04-12 06:24:09','2018-04-12 06:24:09'),(135,'ROLE_API','获取角色关联API资源',132,'/web/api/v1/role/api/*/*/*',2,'GET',NULL,1,'2018-04-12 06:25:32','2018-04-12 06:25:32'),(136,'ROLE_API','获取角色未关联API资源',132,'/web/api/v1/role/api/-/*/*/*',2,'GET',NULL,1,'2018-04-12 06:26:12','2018-04-12 06:26:12'),(137,'ROLE_MENU','获取角色关联菜单资源',132,'/web/api/v1/role/menu/*/*/*',2,'GET',NULL,1,'2018-04-12 06:27:20','2018-04-12 06:27:20'),(138,'ROLE_MENU','获取角色未关联菜单资源',132,'/web/api/v1/role/menu/-/*/*/*',2,'GET',NULL,1,'2018-04-12 06:27:56','2018-04-12 06:27:56'),(139,'ROLE_AUTHORITY_RESOURCE','授权资源给角色',132,'/web/api/v1/role/authority/resource',2,'POST',NULL,1,'2018-04-12 06:29:45','2018-04-12 06:29:45'),(140,'ROLE_AUTHORITY_RESOURCE','删除角色的授权资源',132,'/web/api/v1/role/authority/resource/*/*',2,'DELETE',NULL,1,'2018-04-12 06:31:12','2018-04-12 06:31:12'),(141,'ROLE','获取角色LIST',132,'/web/api/v1/role/*/*',2,'GET',NULL,1,'2018-04-12 06:32:34','2018-04-12 06:32:34'),(142,'ROLE','添加角色',132,'/web/api/v1/role',2,'POST',NULL,1,'2018-04-12 06:33:25','2018-04-12 06:33:25'),(143,'USER','更新角色',132,'/web/api/v1/role/*',2,'PUT',NULL,1,'2018-04-12 06:34:27','2018-04-12 06:34:27'),(144,'ROLE','删除角色',132,'/web/api/v1/role',2,'DELETE',NULL,1,'2018-04-12 06:35:15','2018-04-12 06:35:15'),(145,'LOG_WATCH','日志记录',104,'/index/log',1,NULL,'fa fa-rss-square',1,'2018-04-22 08:12:24','2018-04-22 08:12:24'),(147,'userlist','用户列表',103,'/user/list',2,'GET',NULL,1,'2018-08-02 17:38:58','2018-08-02 17:38:58'),(148,'APP','机器人接口',110,NULL,3,NULL,NULL,1,'2018-08-02 17:43:17','2018-08-02 17:43:17'),(149,'ROBOT_ADD','添加机器人',148,'/web/api/v1/app/add',2,'POST',NULL,1,'2018-08-02 17:47:12','2018-08-02 17:47:12'),(150,'ROBOT_LIST','获取机器人列表',148,'/web/api/v1/app/all',2,'POST',NULL,1,'2018-08-02 17:48:07','2018-08-02 17:48:07'),(151,'ROBOT_ALL','分页获取app',148,'/web/api/v1/app/all',2,'POST',NULL,1,'2018-08-02 17:50:28','2018-08-02 17:50:28'),(152,'ROBOT_ALL_APP','获取app列表',148,'/web/api/v1/app/allApp',2,'POST',NULL,1,'2018-08-02 17:52:31','2018-08-02 17:52:31'),(153,'ROTOT_DEL','删除机器人',148,'/web/api/v1/app/del',2,'POST',NULL,1,'2018-08-02 17:55:36','2018-08-02 17:55:36'),(154,'ROBOT_EDIT','编辑机器人',148,'/web/api/v1/app/edit',2,'POST',NULL,1,'2018-08-02 17:56:45','2018-08-02 17:56:45'),(155,'ROBOT_SELECT','获取机器人信息',148,'/web/api/v1/app/select',2,'POST',NULL,1,'2018-08-02 17:57:50','2018-08-02 17:57:50'),(157,'GATEWAY','网关管理',110,NULL,3,NULL,NULL,1,'2018-08-02 18:02:43','2018-08-02 18:02:43'),(158,'GATEWAYA_ADD','添加网关',157,'/web/api/v1/gateway/add',2,'POST',NULL,1,'2018-08-02 18:04:50','2018-08-02 18:04:50'),(159,'GATEWAY_ALL','分页获取网关',157,'/web/api/v1/gateway/all',2,'POST',NULL,1,'2018-08-02 18:09:40','2018-08-02 18:09:40'),(160,'GATEWAY_DEL','删除网关',157,'/web/api/v1/gateway/del',2,'POST',NULL,1,'2018-08-02 18:10:31','2018-08-02 18:10:31'),(161,'GATEWAY_EDIT','编辑网关',157,'/web/api/v1/gateway/edit',2,'POST',NULL,1,'2018-08-02 18:11:10','2018-08-02 18:11:10'),(162,'GATEWAY_LIST_BY_UID','根据用户获取网关',157,'/web/api/v1/gateway/listByUid',2,'POST',NULL,1,'2018-08-02 18:12:05','2018-08-02 18:12:05'),(163,'GATEWAY_REPORT_ADD','添加网关报告',157,'/web/api/v1/gateway/report/add',2,'POST',NULL,1,'2018-08-02 18:14:14','2018-08-02 18:14:14'),(164,'GATEWAY_REPORT_ALL','获取网关报告列表',157,'/web/api/v1/gateway/report/all',2,'POST',NULL,1,'2018-08-02 18:18:32','2018-08-02 18:18:32'),(165,'ROLE','角色管理',110,NULL,3,NULL,NULL,1,'2018-08-03 11:03:44','2018-08-03 11:03:44'),(166,'ROLE_ADD','添加角色',165,'/web/api/v1/role',2,'POST',NULL,1,'2018-08-03 11:04:31','2018-08-03 11:04:31'),(167,'VOICE','音频管理',110,NULL,3,NULL,NULL,1,'2018-08-03 11:11:07','2018-08-03 11:11:07'),(168,'GATEWAY_REPORT_DEL','删除网关报告',157,'/web/api/v1/gateway/report/del',2,'POST',NULL,1,'2018-08-03 11:14:37','2018-08-03 11:14:37'),(169,'VOICE_ADD','上传音频文件',167,'/web/api/v1/voice/upload',2,'POST',NULL,1,'2018-08-03 11:15:12','2018-08-03 11:15:12'),(170,'VOICE_GET','获取单个音频文件',167,'/web/api/v1/voice/file/*/*',2,'GET',NULL,1,'2018-08-03 11:18:57','2018-08-03 11:18:57'),(171,'GATEWAY_REPORT_SELECT','获取网关报告',157,'/web/api/v1/gateway/report/select',2,'POST',NULL,1,'2018-08-03 11:22:03','2018-08-03 11:22:03'),(172,'USER_ADD','添加用户',115,'/web/api/v1/user/add',2,'POST',NULL,1,'2018-08-03 11:31:05','2018-08-03 11:31:05'),(173,'USER_DEL','删除用户',115,'/web/api/v1/user/del',2,'POST',NULL,1,'2018-08-03 11:31:46','2018-08-03 11:31:46'),(174,'USER_EDIT','编辑用户',115,'/web/api/v1/user/edit',2,'POST',NULL,1,'2018-08-03 11:33:41','2018-08-03 11:33:41'),(175,'USER_EXIT','用户登出',115,'/web/api/v1/user/exit',2,'POST',NULL,1,'2018-08-03 11:37:48','2018-08-03 11:37:48'),(176,'USER_INFO','获取用户信息',115,'/web/api/v1/user/info',2,'GET',NULL,1,'2018-08-03 11:38:43','2018-08-03 11:38:43'),(177,'USER_LIST','用户列表',115,'/web/api/v1/user/list',2,'POST',NULL,1,'2018-08-03 11:40:20','2018-08-03 11:40:20'),(178,'USER_PAGE_LIST','分页用户列表',115,'/web/api/v1/user/list/*/*',2,'GET',NULL,1,'2018-08-03 11:41:44','2018-08-03 11:41:44'),(179,'USER_ROLE_UID','获取用户角色',115,'/web/api/v1/user/role/*',2,'GET',NULL,1,'2018-08-03 11:43:22','2018-08-03 11:43:22'),(180,'USER_ROLELIST','添加角色',115,'/web/api/v1/user/roleList',2,'POST',NULL,1,'2018-08-03 11:45:31','2018-08-03 11:45:31'),(181,'USERCONFIG','用户配置项',110,NULL,3,NULL,NULL,1,'2018-08-03 11:46:59','2018-08-03 11:46:59'),(182,'CONFIG_ADD','添加用户配置',181,'/web/api/v1/config/add',2,'POST',NULL,1,'2018-08-03 11:47:55','2018-08-03 11:47:55'),(183,'CONFIG_INFO','获取用户配置',181,'/web/api/v1/config/select',2,'POST',NULL,1,'2018-08-03 11:49:31','2018-08-03 11:49:31'),(184,'TEMPLATE','模板管理',110,NULL,3,NULL,NULL,1,'2018-08-03 11:50:45','2018-08-03 11:50:45'),(185,'TEMPLATE_ADD','添加模板',184,'/web/api/v1/template',2,'POST',NULL,1,'2018-08-03 11:51:48','2018-08-03 11:51:48'),(186,'TEMPLATE_ALL','分页获取模板信息',184,'/web/api/v1/template/all',2,'POST',NULL,1,'2018-08-03 11:52:35','2018-08-03 11:52:35'),(187,'TEM_DEL','删除模板',184,'/web/api/v1/template/del',2,'POST',NULL,1,'2018-08-03 11:53:20','2018-08-03 11:53:20'),(188,'TEMPLATE_LISTBYID','分页获取template',184,'/web/api/v1/template/listById',2,'POST',NULL,1,'2018-08-03 11:54:55','2018-08-03 11:54:55'),(189,'TEMPLATE_INFO','获取template',184,'/web/api/v1/template/*',2,'GET',NULL,1,'2018-08-03 11:55:48','2018-08-03 11:55:48'),(190,'TEMPLATE_EDIT','编辑模板',184,'/web/api/v1/template/*',2,'PUT',NULL,1,'2018-08-03 11:56:32','2018-08-03 11:56:32'),(191,'TASK','任务管理',110,NULL,3,NULL,NULL,1,'2018-08-03 12:03:16','2018-08-03 12:03:16'),(192,'TASK_ADD','添加任务',191,'/web/api/v1/task/add',2,'POST',NULL,1,'2018-08-03 12:04:35','2018-08-03 12:04:35'),(193,'TASK_DEL','删除任务',191,'/web/api/v1/task/del',2,'POST',NULL,1,'2018-08-03 12:05:31','2018-08-03 12:05:31'),(194,'TASK_EXP','导出excel',191,'/web/api/v1/task/exp',2,'POST',NULL,1,'2018-08-03 12:07:38','2018-08-03 12:07:38'),(195,'TASK_IMP','导入excel',191,'/web/api/v1/task/imp',2,'POST',NULL,1,'2018-08-03 12:08:35','2018-08-03 12:08:35'),(196,'TASK_INFO','获取任务信息',191,'/web/api/v1/task/select',2,'POST',NULL,1,'2018-08-03 12:10:44','2018-08-03 12:10:44'),(197,'TASK_STATUS','修改任务状态',191,'/web/api/v1/task/status',2,'POST',NULL,1,'2018-08-03 12:14:27','2018-08-03 12:14:27'),(198,'TASK_TASKLIST','任务列表',191,'/web/api/v1/task/taskList',2,'POST',NULL,1,'2018-08-03 12:15:19','2018-08-03 12:15:19'),(199,'TASK_TODAYTASK','统计今日数据',191,'/web/api/v1/task/toDayTask',2,'POST',NULL,1,'2018-08-03 12:16:22','2018-08-03 12:16:22'),(200,'TASK_TOREDIAL','重拨',191,'/web/api/v1/task/toRedial',2,'POST',NULL,1,'2018-08-03 12:17:19','2018-08-03 12:17:19'),(201,'TASK_TODAYCOUNT','今日呼叫',191,'/web/api/v1/task/todayCount',2,'POST',NULL,1,'2018-08-03 14:55:38','2018-08-03 14:55:38'),(202,'TASK_TODO','首页待处理',191,'/web/api/v1/task/todo',2,'GET',NULL,1,'2018-08-03 14:56:44','2018-08-03 14:56:44'),(203,'TASK_USER_ADD','添加taskUser信息',191,'/web/api/v1/task/user/add',2,'POST',NULL,1,'2018-08-03 14:59:53','2018-08-03 14:59:53'),(204,'TASK_USER_CONDITIONS','条件查询所有taskUser',191,'/web/api/v1/task/user/conditions',2,'POST',NULL,1,'2018-08-03 15:01:15','2018-08-03 15:01:15'),(205,'TASK_USER_COUNT','首页统计数据',191,'/web/api/v1/task/user/count',2,'POST',NULL,1,'2018-08-03 15:01:54','2018-08-03 15:01:54'),(206,'TASK_USER_EDIT','编辑taskUser信息',191,'/web/api/v1/task/user/edit',2,'POST',NULL,1,'2018-08-03 15:05:19','2018-08-03 15:05:19'),(207,'TASK_UAER_REPORT_ADD','新增taskUserReport',191,'/web/api/v1/task/user/report/add',2,'POST',NULL,1,'2018-08-03 15:06:33','2018-08-03 15:06:33'),(208,'TASK_USER_SHARE','公开客户资料',191,'/web/api/v1/task/user/share',2,'POST',NULL,1,'2018-08-03 15:07:38','2018-08-03 15:07:38'),(209,'TASK_USER_TYPE','TASKUSER的图表数据',191,'/web/api/v1/task/user/type',2,'POST',NULL,1,'2018-08-03 15:08:53','2018-08-03 15:08:53'),(210,'TASK_USER_INFO_REPORT','获取TaskUserReport',191,'/web/api/v1/task/user/*/report',2,'POST',NULL,1,'2018-08-03 15:10:03','2018-08-03 15:10:03'),(211,'SIM','SIM卡管理',110,NULL,3,NULL,NULL,1,'2018-08-03 15:11:16','2018-08-03 15:11:16'),(212,'SIM_ADD','新增sim卡',211,'/web/api/v1/sim/add',2,'POST',NULL,1,'2018-08-03 15:12:33','2018-08-03 15:12:33'),(213,'SIM_ALL','分页查询sim卡信息',211,'/web/api/v1/sim/all',2,'POST',NULL,1,'2018-08-03 15:13:24','2018-08-03 15:13:24'),(214,'SIM_DEL','删除sim卡信息',211,'/web/api/v1/sim/del',2,'POST',NULL,1,'2018-08-03 15:14:07','2018-08-03 15:14:07'),(215,'SIM_DEIT','修改sim',211,'/web/api/v1/sim/edit',2,'POST',NULL,1,'2018-08-03 15:14:46','2018-08-03 15:14:46'),(216,'SIM_LISTBYID','查询simUser信息',211,'/web/api/v1/sim/listById',2,'POST',NULL,1,'2018-08-03 15:15:32','2018-08-03 15:15:32'),(217,'SIM_LISTBYSIMID','根据simId查询simUser信息',211,'/web/api/v1/sim/listBySimId',2,'POST',NULL,1,'2018-08-03 15:16:25','2018-08-03 15:16:25'),(218,'SIM_INFO','获取sim',211,'/web/api/v1/sim/select',2,'POST',NULL,1,'2018-08-03 15:17:04','2018-08-03 15:17:04'),(219,'SIMUSER_ADD','新增simUser信息',211,'/web/api/v1/sim/user/add',2,'POST',NULL,1,'2018-08-03 15:17:45','2018-08-03 15:17:45'),(220,'SIM_USER_DEL','删除simUser',211,'/web/api/v1/sim/user/del',2,'POST',NULL,1,'2018-08-03 15:18:26','2018-08-03 15:18:26'),(221,'SIM_USER_EDIT','编辑simUser卡信息',211,'/web/api/v1/sim/user/edit',2,'POST',NULL,1,'2018-08-03 15:19:23','2018-08-03 15:19:23'),(222,'LOG','日志消息',110,NULL,3,NULL,NULL,1,'2018-08-03 15:35:09','2018-08-03 15:35:09'),(223,'LOG_ACCOUNTLOG','登陆日志',222,'/web/api/v1/log/accountLog/*/*',2,'GET',NULL,1,'2018-08-03 15:36:24','2018-08-03 15:36:24'),(224,'LOG_OPERATIONLOG','操作日志',222,'/web/api/v1/log/operationLog/*/*',2,'GET',NULL,1,'2018-08-03 15:37:50','2018-08-03 15:37:50'),(225,'ROLE_ROLES','权限信息',132,'/web/api/v1/role/roles',2,'POST',NULL,1,'2018-08-03 15:48:38','2018-08-03 15:48:38');
/*!40000 ALTER TABLE `auth_resource` ENABLE KEYS */;
UNLOCK TABLES;

--
-- Table structure for table `auth_role`
--

DROP TABLE IF EXISTS `auth_role`;
/*!40101 SET @saved_cs_client     = @@character_set_client */;
/*!40101 SET character_set_client = utf8 */;
CREATE TABLE `auth_role` (
  `ID` int(11) unsigned NOT NULL AUTO_INCREMENT COMMENT '角色ID',
  `CODE` varchar(30) NOT NULL COMMENT '角色编码',
  `NAME` varchar(30) DEFAULT NULL COMMENT '角色名称',
  `STATUS` smallint(4) DEFAULT 1 COMMENT '状态   1:正常、9：禁用',
  `CREATE_TIME` datetime DEFAULT current_timestamp() COMMENT '创建时间',
  `UPDATE_TIME` datetime DEFAULT current_timestamp() COMMENT '更新时间',
  PRIMARY KEY (`ID`) USING BTREE
) ENGINE=InnoDB AUTO_INCREMENT=105 DEFAULT CHARSET=utf8 ROW_FORMAT=DYNAMIC COMMENT='角色信息表';
/*!40101 SET character_set_client = @saved_cs_client */;

--
-- Dumping data for table `auth_role`
--

LOCK TABLES `auth_role` WRITE;
/*!40000 ALTER TABLE `auth_role` DISABLE KEYS */;
INSERT INTO `auth_role` (`ID`, `CODE`, `NAME`, `STATUS`, `CREATE_TIME`, `UPDATE_TIME`) VALUES (100,'role_admin','管理员角色',1,'2018-06-06 20:41:55','2018-06-06 20:41:55'),(102,'role_agent','代理角色',1,'2018-06-06 20:41:55','2018-06-06 20:41:55'),(103,'role_company','企业角色',1,'2018-06-06 20:41:55','2018-06-06 20:41:55'),(104,'role_user','企业内部角色',1,'2018-06-06 20:41:55','2018-06-06 20:41:55');
/*!40000 ALTER TABLE `auth_role` ENABLE KEYS */;
UNLOCK TABLES;

--
-- Table structure for table `auth_role_resource`
--

DROP TABLE IF EXISTS `auth_role_resource`;
/*!40101 SET @saved_cs_client     = @@character_set_client */;
/*!40101 SET character_set_client = utf8 */;
CREATE TABLE `auth_role_resource` (
  `ID` int(11) unsigned NOT NULL AUTO_INCREMENT COMMENT '主键ID',
  `ROLE_ID` int(11) NOT NULL COMMENT '角色ID',
  `RESOURCE_ID` int(11) NOT NULL COMMENT '资源ID',
  `CREATE_TIME` datetime DEFAULT current_timestamp() COMMENT '创建时间',
  `UPDATE_TIME` datetime DEFAULT current_timestamp() COMMENT '更新时间',
  PRIMARY KEY (`ID`) USING BTREE,
  UNIQUE KEY `ROLE_ID` (`ROLE_ID`,`RESOURCE_ID`) USING BTREE
) ENGINE=InnoDB AUTO_INCREMENT=119 DEFAULT CHARSET=utf8 ROW_FORMAT=DYNAMIC COMMENT='资源角色关联表';
/*!40101 SET character_set_client = @saved_cs_client */;

--
-- Dumping data for table `auth_role_resource`
--

LOCK TABLES `auth_role_resource` WRITE;
/*!40000 ALTER TABLE `auth_role_resource` DISABLE KEYS */;
INSERT INTO `auth_role_resource` (`ID`, `ROLE_ID`, `RESOURCE_ID`, `CREATE_TIME`, `UPDATE_TIME`) VALUES (10,103,105,'2018-04-01 12:50:19','2018-04-01 12:50:19'),(21,102,102,'2018-04-09 21:09:09','2018-04-09 21:09:09'),(23,103,101,'2018-04-09 21:51:39','2018-04-09 21:51:39'),(24,103,102,'2018-04-09 21:51:43','2018-04-09 21:51:43'),(25,103,103,'2018-04-09 21:51:46','2018-04-09 21:51:46'),(26,103,112,'2018-04-09 21:51:49','2018-04-09 21:51:49'),(27,101,112,'2018-04-09 22:21:02','2018-04-09 22:21:02'),(28,101,103,'2018-04-09 22:21:06','2018-04-09 22:21:06'),(29,100,102,'2018-04-09 22:25:09','2018-04-09 22:25:09'),(30,101,101,'2018-04-09 22:39:28','2018-04-09 22:39:28'),(31,103,100,'2018-04-09 22:45:00','2018-04-09 22:45:00'),(32,103,104,'2018-04-09 22:46:26','2018-04-09 22:46:26'),(33,103,106,'2018-04-09 22:46:28','2018-04-09 22:46:28'),(34,103,107,'2018-04-09 22:46:31','2018-04-09 22:46:31'),(35,103,109,'2018-04-09 22:46:34','2018-04-09 22:46:34'),(36,103,116,'2018-04-09 22:46:37','2018-04-09 22:46:37'),(37,103,117,'2018-04-09 22:46:43','2018-04-09 22:46:43'),(38,104,101,'2018-04-09 22:49:46','2018-04-09 22:49:46'),(39,104,102,'2018-04-09 22:49:52','2018-04-09 22:49:52'),(40,104,103,'2018-04-09 22:49:55','2018-04-09 22:49:55'),(41,100,103,'2018-04-09 22:51:56','2018-04-09 22:51:56'),(42,102,101,'2018-04-11 09:35:37','2018-04-11 09:35:37'),(43,103,123,'2018-04-20 09:08:52','2018-04-20 09:08:52'),(44,103,119,'2018-04-20 09:23:51','2018-04-20 09:23:51'),(45,103,129,'2018-04-20 09:24:21','2018-04-20 09:24:21'),(46,103,128,'2018-04-20 09:25:58','2018-04-20 09:25:58'),(47,102,104,'2018-04-20 23:26:00','2018-04-20 23:26:00'),(48,102,107,'2018-04-20 23:26:04','2018-04-20 23:26:04'),(49,102,117,'2018-04-20 23:26:07','2018-04-20 23:26:07'),(50,102,109,'2018-04-20 23:26:10','2018-04-20 23:26:10'),(51,102,106,'2018-04-20 23:26:13','2018-04-20 23:26:13'),(52,102,123,'2018-04-21 00:24:38','2018-04-21 00:24:38'),(54,102,128,'2018-04-21 09:27:08','2018-04-21 09:27:08'),(58,102,134,'2018-04-22 13:24:55','2018-04-22 13:24:55'),(59,102,135,'2018-04-22 13:25:00','2018-04-22 13:25:00'),(60,102,145,'2018-04-22 17:23:30','2018-04-22 17:23:30'),(83,100,124,'2018-04-25 16:05:11','2018-04-25 16:05:11'),(84,103,122,'2018-05-03 23:00:19','2018-05-03 23:00:19'),(85,100,120,'2018-05-03 23:02:14','2018-05-03 23:02:14'),(87,100,107,'2018-05-09 10:10:13','2018-05-09 10:10:13'),(88,102,112,'2018-05-09 10:10:40','2018-05-09 10:10:40'),(89,102,119,'2018-05-09 10:10:45','2018-05-09 10:10:45'),(90,102,120,'2018-05-09 10:10:50','2018-05-09 10:10:50'),(91,102,121,'2018-05-09 10:10:55','2018-05-09 10:10:55'),(92,102,122,'2018-05-09 10:11:00','2018-05-09 10:11:00'),(93,102,124,'2018-05-09 10:11:05','2018-05-09 10:11:05'),(94,102,125,'2018-05-09 10:11:10','2018-05-09 10:11:10'),(95,102,126,'2018-05-09 10:11:15','2018-05-09 10:11:15'),(96,102,127,'2018-05-09 10:11:19','2018-05-09 10:11:19'),(97,102,129,'2018-05-09 10:11:24','2018-05-09 10:11:24'),(98,102,130,'2018-05-09 10:11:29','2018-05-09 10:11:29'),(99,102,131,'2018-05-09 10:11:34','2018-05-09 10:11:34'),(100,102,133,'2018-05-09 10:11:39','2018-05-09 10:11:39'),(101,102,136,'2018-05-09 10:11:44','2018-05-09 10:11:44'),(102,102,137,'2018-05-09 10:11:49','2018-05-09 10:11:49'),(103,102,138,'2018-05-09 10:11:54','2018-05-09 10:11:54'),(104,102,139,'2018-05-09 10:11:59','2018-05-09 10:11:59'),(105,102,140,'2018-05-09 10:12:04','2018-05-09 10:12:04'),(106,102,141,'2018-05-09 10:12:08','2018-05-09 10:12:08'),(107,102,142,'2018-05-09 10:12:13','2018-05-09 10:12:13'),(108,102,143,'2018-05-09 10:12:17','2018-05-09 10:12:17'),(109,102,144,'2018-05-09 10:12:21','2018-05-09 10:12:21'),(110,100,106,'2018-06-06 20:27:14','2018-06-06 20:27:14'),(111,100,109,'2018-06-06 20:27:19','2018-06-06 20:27:19'),(112,100,117,'2018-06-06 20:27:22','2018-06-06 20:27:22'),(113,100,145,'2018-06-06 20:27:25','2018-06-06 20:27:25'),(114,100,101,'2018-06-06 20:28:19','2018-06-06 20:28:19'),(115,100,121,'2018-06-06 20:28:23','2018-06-06 20:28:23'),(116,100,125,'2018-06-06 20:28:27','2018-06-06 20:28:27'),(117,104,107,'2018-06-06 20:36:17','2018-06-06 20:36:17'),(118,100,104,'2018-06-06 21:14:33','2018-06-06 21:14:33');
/*!40000 ALTER TABLE `auth_role_resource` ENABLE KEYS */;
UNLOCK TABLES;

--
-- Table structure for table `auth_user`
--

DROP TABLE IF EXISTS `auth_user`;
/*!40101 SET @saved_cs_client     = @@character_set_client */;
/*!40101 SET character_set_client = utf8 */;
CREATE TABLE `auth_user` (
  `uid` varchar(30) NOT NULL COMMENT 'uid,用户账号,主键',
  `username` varchar(30) NOT NULL COMMENT '用户名(nick_name)',
  `password` varchar(50) NOT NULL COMMENT '密码(MD5(密码+盐))',
  `salt` varchar(20) DEFAULT NULL COMMENT '盐',
  `real_name` varchar(30) DEFAULT NULL COMMENT '用户真名',
  `avatar` varchar(100) DEFAULT NULL COMMENT '头像',
  `phone` varchar(20) DEFAULT NULL COMMENT '电话号码(唯一)',
  `email` varchar(50) DEFAULT NULL COMMENT '邮件地址(唯一)',
  `sex` tinyint(4) DEFAULT NULL COMMENT '性别(1.男 2.女)',
  `status` tinyint(4) DEFAULT NULL COMMENT '账户状态(1.正常 2.锁定 3.删除 4.非法)',
  `CREATE_TIME` datetime DEFAULT current_timestamp() COMMENT '创建时间',
  `UPDATE_TIME` datetime DEFAULT current_timestamp() COMMENT '更新时间',
  `CREATE_WHERE` tinyint(4) DEFAULT NULL COMMENT '创建来源(1.web 2.android 3.ios 4.win 5.macos 6.ubuntu)',
  `pid` varchar(30) DEFAULT NULL COMMENT '属于该账号属于某个账号',
  PRIMARY KEY (`uid`) USING BTREE,
  UNIQUE KEY `phone` (`phone`) USING BTREE,
  UNIQUE KEY `email` (`email`) USING BTREE
) ENGINE=InnoDB DEFAULT CHARSET=utf8 ROW_FORMAT=DYNAMIC COMMENT='用户信息表';
/*!40101 SET character_set_client = @saved_cs_client */;

--
-- Dumping data for table `auth_user`
--

LOCK TABLES `auth_user` WRITE;
/*!40000 ALTER TABLE `auth_user` DISABLE KEYS */;
INSERT INTO `auth_user` (`uid`, `username`, `password`, `salt`, `real_name`, `avatar`, `phone`, `email`, `sex`, `status`, `CREATE_TIME`, `UPDATE_TIME`, `CREATE_WHERE`, `pid`) VALUES ('admin','管理员','FFCE58FF5732ACE3151CC5680942B07D','876GTf',NULL,NULL,NULL,NULL,NULL,1,'2018-04-26 19:21:04','2018-04-26 11:21:04',NULL,NULL),('admin1','管理员111','F72375083F06C3C73D2DD525E54782A8','79sz6j',NULL,NULL,NULL,NULL,0,1,'2018-04-26 19:21:04','2018-07-28 15:17:38',NULL,NULL),('test2','ceshi yon','053E81EF469AA17052B5396B6939F0BF','yxpwpw',NULL,NULL,NULL,NULL,NULL,1,'2018-08-03 21:14:52','2018-08-03 21:14:52',NULL,'admin');
/*!40000 ALTER TABLE `auth_user` ENABLE KEYS */;
UNLOCK TABLES;

--
-- Table structure for table `auth_user_role`
--

DROP TABLE IF EXISTS `auth_user_role`;
/*!40101 SET @saved_cs_client     = @@character_set_client */;
/*!40101 SET character_set_client = utf8 */;
CREATE TABLE `auth_user_role` (
  `ID` int(11) unsigned NOT NULL AUTO_INCREMENT COMMENT '用户角色关联表主键',
  `USER_ID` varchar(30) NOT NULL COMMENT '用户UID',
  `ROLE_ID` int(11) NOT NULL COMMENT '角色ID',
  `CREATE_TIME` datetime DEFAULT current_timestamp() COMMENT '创建时间',
  `UPDATE_TIME` datetime DEFAULT current_timestamp() COMMENT '更新时间',
  PRIMARY KEY (`ID`) USING BTREE,
  UNIQUE KEY `USER_ID` (`USER_ID`,`ROLE_ID`) USING BTREE
) ENGINE=InnoDB AUTO_INCREMENT=24 DEFAULT CHARSET=utf8 ROW_FORMAT=DYNAMIC COMMENT='用户角色关联表';
/*!40101 SET character_set_client = @saved_cs_client */;

--
-- Dumping data for table `auth_user_role`
--

LOCK TABLES `auth_user_role` WRITE;
/*!40000 ALTER TABLE `auth_user_role` DISABLE KEYS */;
INSERT INTO `auth_user_role` (`ID`, `USER_ID`, `ROLE_ID`, `CREATE_TIME`, `UPDATE_TIME`) VALUES (16,'admin',100,'2018-06-06 18:44:21','2018-06-06 18:44:21'),(17,'admin',102,'2018-06-22 18:11:11','2018-06-22 18:11:11'),(18,'admin',103,'2018-06-22 18:11:11','2018-06-22 18:11:11'),(19,'admin',104,'2018-06-22 18:11:11','2018-06-22 18:11:11'),(20,'admin1',104,'2018-06-22 18:11:11','2018-06-22 18:11:11'),(21,'admin1',103,'2018-06-22 18:11:11','2018-06-22 18:11:11'),(23,'test2',104,'2018-08-03 21:14:52',NULL);
/*!40000 ALTER TABLE `auth_user_role` ENABLE KEYS */;
UNLOCK TABLES;

--
-- Table structure for table `gateway`
--

DROP TABLE IF EXISTS `gateway`;
/*!40101 SET @saved_cs_client     = @@character_set_client */;
/*!40101 SET character_set_client = utf8 */;
CREATE TABLE `gateway` (
  `id` bigint(20) NOT NULL AUTO_INCREMENT,
  `name` varchar(50) NOT NULL COMMENT '网关名字，用于后台直观的区分不同的网关',
  `ip` varchar(40) NOT NULL COMMENT 'ip地址，考虑到以后可能用ipv6地址 所以设定40个长度\n此外ip地址是内网的，所以可能重复，不能唯一',
  `port` int(11) NOT NULL COMMENT '网关端口',
  `app_id` bigint(20) NOT NULL COMMENT '客户端编号，表示该网关属于哪个app管理。不允许一个网关多个app管理的情况',
  `description` varchar(512) DEFAULT NULL COMMENT '备注网关信息，方便后期管理。',
  `user_id` varchar(30) NOT NULL,
  PRIMARY KEY (`id`),
  UNIQUE KEY `gateway_id_uindex` (`id`),
  UNIQUE KEY `gateway_name_uindex` (`name`),
  KEY `gateway_app_id_fk` (`app_id`),
  KEY `gateway_auth_user_uid_fk` (`user_id`),
  CONSTRAINT `gateway_app_id_fk` FOREIGN KEY (`app_id`) REFERENCES `app` (`id`) ON DELETE CASCADE,
  CONSTRAINT `gateway_auth_user_uid_fk` FOREIGN KEY (`user_id`) REFERENCES `auth_user` (`uid`) ON DELETE CASCADE
) ENGINE=InnoDB AUTO_INCREMENT=25 DEFAULT CHARSET=utf8 COMMENT='网关信息';
/*!40101 SET character_set_client = @saved_cs_client */;

--
-- Dumping data for table `gateway`
--

LOCK TABLES `gateway` WRITE;
/*!40000 ALTER TABLE `gateway` DISABLE KEYS */;
INSERT INTO `gateway` (`id`, `name`, `ip`, `port`, `app_id`, `description`, `user_id`) VALUES (24,'fs测试网关','192.168.4.102',5060,7,'','admin');
/*!40000 ALTER TABLE `gateway` ENABLE KEYS */;
UNLOCK TABLES;

--
-- Table structure for table `gateway_report`
--

DROP TABLE IF EXISTS `gateway_report`;
/*!40101 SET @saved_cs_client     = @@character_set_client */;
/*!40101 SET character_set_client = utf8 */;
CREATE TABLE `gateway_report` (
  `id` bigint(20) NOT NULL AUTO_INCREMENT,
  `gateway_id` bigint(20) NOT NULL,
  `description` varchar(256) NOT NULL COMMENT '简单描述网关出错信息',
  `detail` text DEFAULT NULL COMMENT '详细的错误信息，带上客户端报错信息，方便排查。',
  PRIMARY KEY (`id`),
  UNIQUE KEY `gateway_report_id_uindex` (`id`)
) ENGINE=InnoDB DEFAULT CHARSET=utf8 COMMENT='网关错误信息报告';
/*!40101 SET character_set_client = @saved_cs_client */;

--
-- Dumping data for table `gateway_report`
--

LOCK TABLES `gateway_report` WRITE;
/*!40000 ALTER TABLE `gateway_report` DISABLE KEYS */;
/*!40000 ALTER TABLE `gateway_report` ENABLE KEYS */;
UNLOCK TABLES;

--
-- Table structure for table `sim`
--

DROP TABLE IF EXISTS `sim`;
/*!40101 SET @saved_cs_client     = @@character_set_client */;
/*!40101 SET character_set_client = utf8 */;
CREATE TABLE `sim` (
  `id` bigint(20) NOT NULL AUTO_INCREMENT,
  `number` varchar(20) NOT NULL COMMENT '手机号，包括座机号',
  `gateway_id` bigint(20) NOT NULL COMMENT '卡所属的网关的编号',
  `description` varchar(500) NOT NULL COMMENT '人工备注在第几个卡槽，方便以后管理',
  `user_id` varchar(30) NOT NULL COMMENT '属于哪个账号，限制只有属于该账号创建的账号才能使用该卡。',
  PRIMARY KEY (`id`),
  UNIQUE KEY `sim_id_uindex` (`id`),
  KEY `sim_gateway_id_fk` (`gateway_id`),
  KEY `sim_user_id_fk` (`user_id`),
  CONSTRAINT `sim_auth_user_uid_fk` FOREIGN KEY (`user_id`) REFERENCES `auth_user` (`uid`) ON DELETE CASCADE,
  CONSTRAINT `sim_gateway_id_fk` FOREIGN KEY (`gateway_id`) REFERENCES `gateway` (`id`) ON DELETE CASCADE
) ENGINE=InnoDB AUTO_INCREMENT=20 DEFAULT CHARSET=utf8 COMMENT='sim卡信息';
/*!40101 SET character_set_client = @saved_cs_client */;

--
-- Dumping data for table `sim`
--

LOCK TABLES `sim` WRITE;
/*!40000 ALTER TABLE `sim` DISABLE KEYS */;
INSERT INTO `sim` (`id`, `number`, `gateway_id`, `description`, `user_id`) VALUES (19,'32a',24,'fs测试卡','admin');
/*!40000 ALTER TABLE `sim` ENABLE KEYS */;
UNLOCK TABLES;

--
-- Table structure for table `sim_user`
--

DROP TABLE IF EXISTS `sim_user`;
/*!40101 SET @saved_cs_client     = @@character_set_client */;
/*!40101 SET character_set_client = utf8 */;
CREATE TABLE `sim_user` (
  `id` bigint(20) NOT NULL AUTO_INCREMENT,
  `user_id` varchar(30) NOT NULL,
  `sim_id` bigint(20) NOT NULL COMMENT '表示user_id编号指定的用户可以使用的卡的编号',
  PRIMARY KEY (`id`),
  KEY `sim_user_sim_id_fk` (`sim_id`),
  KEY `sim_user_user_id_fk` (`user_id`),
  CONSTRAINT `sim_user_auth_user_uid_fk` FOREIGN KEY (`user_id`) REFERENCES `auth_user` (`uid`) ON DELETE CASCADE,
  CONSTRAINT `sim_user_sim_id_fk` FOREIGN KEY (`sim_id`) REFERENCES `sim` (`id`) ON DELETE CASCADE
) ENGINE=InnoDB DEFAULT CHARSET=utf8 COMMENT='sim卡使用记录表';
/*!40101 SET character_set_client = @saved_cs_client */;

--
-- Dumping data for table `sim_user`
--

LOCK TABLES `sim_user` WRITE;
/*!40000 ALTER TABLE `sim_user` DISABLE KEYS */;
/*!40000 ALTER TABLE `sim_user` ENABLE KEYS */;
UNLOCK TABLES;

--
-- Table structure for table `sip`
--

DROP TABLE IF EXISTS `sip`;
/*!40101 SET @saved_cs_client     = @@character_set_client */;
/*!40101 SET character_set_client = utf8 */;
CREATE TABLE `sip` (
  `id` bigint(20) NOT NULL AUTO_INCREMENT,
  `name` varchar(30) NOT NULL,
  `username` varchar(30) NOT NULL,
  `password` varchar(30) NOT NULL,
  `host` varchar(30) NOT NULL,
  `charged` decimal(9,2) NOT NULL DEFAULT 0.00,
  `createAt` date DEFAULT NULL,
  `firms` varchar(30) DEFAULT NULL,
  `maxThread` int(11) DEFAULT 0,
  `currentThread` int(11) DEFAULT 0,
  `remark` varchar(255) DEFAULT NULL,
  `appid` bigint(20) NOT NULL,
  PRIMARY KEY (`id`)
) ENGINE=InnoDB DEFAULT CHARSET=utf8;
/*!40101 SET character_set_client = @saved_cs_client */;

--
-- Dumping data for table `sip`
--

LOCK TABLES `sip` WRITE;
/*!40000 ALTER TABLE `sip` DISABLE KEYS */;
/*!40000 ALTER TABLE `sip` ENABLE KEYS */;
UNLOCK TABLES;

--
-- Table structure for table `sip_log`
--

DROP TABLE IF EXISTS `sip_log`;
/*!40101 SET @saved_cs_client     = @@character_set_client */;
/*!40101 SET character_set_client = utf8 */;
CREATE TABLE `sip_log` (
  `id` bigint(20) NOT NULL AUTO_INCREMENT,
  `createAt` date DEFAULT NULL,
  `accepter` varchar(30) DEFAULT '',
  `handler` varchar(30) DEFAULT '',
  `num` varchar(30) DEFAULT '',
  `result` bigint(20) DEFAULT 0,
  PRIMARY KEY (`id`)
) ENGINE=InnoDB DEFAULT CHARSET=utf8;
/*!40101 SET character_set_client = @saved_cs_client */;

--
-- Dumping data for table `sip_log`
--

LOCK TABLES `sip_log` WRITE;
/*!40000 ALTER TABLE `sip_log` DISABLE KEYS */;
/*!40000 ALTER TABLE `sip_log` ENABLE KEYS */;
UNLOCK TABLES;

--
-- Table structure for table `sip_user`
--

DROP TABLE IF EXISTS `sip_user`;
/*!40101 SET @saved_cs_client     = @@character_set_client */;
/*!40101 SET character_set_client = utf8 */;
CREATE TABLE `sip_user` (
  `id` bigint(20) NOT NULL AUTO_INCREMENT,
  `user_id` varchar(30) NOT NULL,
  `sip_id` bigint(20) NOT NULL,
  PRIMARY KEY (`id`)
) ENGINE=InnoDB DEFAULT CHARSET=utf8 COMMENT='线路分配表';
/*!40101 SET character_set_client = @saved_cs_client */;

--
-- Dumping data for table `sip_user`
--

LOCK TABLES `sip_user` WRITE;
/*!40000 ALTER TABLE `sip_user` DISABLE KEYS */;
/*!40000 ALTER TABLE `sip_user` ENABLE KEYS */;
UNLOCK TABLES;

--
-- Table structure for table `task`
--

DROP TABLE IF EXISTS `task`;
/*!40101 SET @saved_cs_client     = @@character_set_client */;
/*!40101 SET character_set_client = utf8 */;
CREATE TABLE `task` (
  `id` bigint(20) NOT NULL AUTO_INCREMENT,
  `user_id` varchar(30) NOT NULL COMMENT '用户编号，表示任务是哪个用户的',
  `template_id` bigint(20) NOT NULL COMMENT '表示该任务使用哪个模板',
  `name` varchar(100) NOT NULL,
  `thread` int(11) DEFAULT NULL COMMENT '任务并发数，即最多同时多少张卡执行任务',
  `total` int(11) NOT NULL COMMENT '该任务的电话号码总数',
  `called` int(11) DEFAULT 0 COMMENT '已拨打的电话数目，每次提交任务报告的时候更新这个字段',
  `created_at` datetime DEFAULT current_timestamp() COMMENT '床建任务的时间',
  `start_at` datetime DEFAULT current_timestamp() COMMENT '任务开始的时间',
  `finish_at` datetime DEFAULT current_timestamp() COMMENT '任务结束的时间',
  `status` tinyint(4) DEFAULT 1 COMMENT '0 已结束。 1 未开始 2 已准备好等待开始  3 执行中  4 暂停中  5 执行失败，被客户端获取，但是客户端很久（半小时）没有更新拨打状态的情况',
  `test` tinyint(1) DEFAULT 0 COMMENT '记录是否是测试任务，用于实现单呼叫，单呼的优先级最高，优先拨打测试客户',
  `update_at` datetime DEFAULT current_timestamp(),
  `interrupt` int(11) DEFAULT 0 COMMENT '0不打断，-1任意声音打断，-2全局关键词打断',
  `follow` varchar(100) DEFAULT '',
  PRIMARY KEY (`id`),
  UNIQUE KEY `task_id_uindex` (`id`),
  KEY `task_user_id_fk` (`user_id`),
  CONSTRAINT `task_auth_user_uid_fk` FOREIGN KEY (`user_id`) REFERENCES `auth_user` (`uid`) ON DELETE CASCADE
) ENGINE=InnoDB AUTO_INCREMENT=116 DEFAULT CHARSET=utf8 COMMENT='任务表';
/*!40101 SET character_set_client = @saved_cs_client */;

--
-- Dumping data for table `task`
--

LOCK TABLES `task` WRITE;
/*!40000 ALTER TABLE `task` DISABLE KEYS */;
INSERT INTO `task` (`id`, `user_id`, `template_id`, `name`, `thread`, `total`, `called`, `created_at`, `start_at`, `finish_at`, `status`, `test`, `update_at`, `interrupt`, `follow`) VALUES (115,'admin',14,'测试',1,0,81,'2018-10-08 12:24:46','2018-10-08 12:24:46','2018-10-10 19:04:35',3,1,NULL,0,'');
/*!40000 ALTER TABLE `task` ENABLE KEYS */;
UNLOCK TABLES;

--
-- Table structure for table `task_sip`
--

DROP TABLE IF EXISTS `task_sip`;
/*!40101 SET @saved_cs_client     = @@character_set_client */;
/*!40101 SET character_set_client = utf8 */;
CREATE TABLE `task_sip` (
  `id` bigint(20) NOT NULL AUTO_INCREMENT,
  `task_id` bigint(20) NOT NULL,
  `sip_id` bigint(20) NOT NULL,
  PRIMARY KEY (`id`)
) ENGINE=InnoDB DEFAULT CHARSET=utf8;
/*!40101 SET character_set_client = @saved_cs_client */;

--
-- Dumping data for table `task_sip`
--

LOCK TABLES `task_sip` WRITE;
/*!40000 ALTER TABLE `task_sip` DISABLE KEYS */;
/*!40000 ALTER TABLE `task_sip` ENABLE KEYS */;
UNLOCK TABLES;

--
-- Table structure for table `task_user`
--

DROP TABLE IF EXISTS `task_user`;
/*!40101 SET @saved_cs_client     = @@character_set_client */;
/*!40101 SET character_set_client = utf8 */;
CREATE TABLE `task_user` (
  `id` bigint(20) NOT NULL AUTO_INCREMENT,
  `task_id` bigint(20) NOT NULL COMMENT '任务编号',
  `content` text DEFAULT '' COMMENT '用于描述任务执行结果的json字符串',
  `mobile` char(15) NOT NULL COMMENT '要拨打的电话号码',
  `name` varchar(100) DEFAULT NULL COMMENT '客户姓名',
  `remark` varchar(255) DEFAULT NULL COMMENT '客户备注',
  `status` tinyint(4) DEFAULT 1 COMMENT '任务状态  0 通话完毕。 1 任务未执行。 2 任务被客户端获取。',
  `called_at` datetime NOT NULL COMMENT '给该客户拨打电话的时间',
  `time` int(11) DEFAULT 0 COMMENT '通话时长，单位（秒）',
  `type` tinyint(4) DEFAULT 0 COMMENT '什么类型的客户，具体根据模板中定义的分类索引来比较。',
  `share` tinyint(1) DEFAULT 0 COMMENT '是否公开该客户，默认不公开，只有自己和公司账号能看到',
  PRIMARY KEY (`id`),
  UNIQUE KEY `task_user_id_uindex` (`id`),
  KEY `task_user_task_id_fk` (`task_id`),
  CONSTRAINT `task_user_task_id_fk` FOREIGN KEY (`task_id`) REFERENCES `task` (`id`) ON DELETE CASCADE
) ENGINE=InnoDB AUTO_INCREMENT=215 DEFAULT CHARSET=utf8 COMMENT='任务电话用户表';
/*!40101 SET character_set_client = @saved_cs_client */;

--
-- Dumping data for table `task_user`
--

LOCK TABLES `task_user` WRITE;
/*!40000 ALTER TABLE `task_user` DISABLE KEYS */;
INSERT INTO `task_user` (`id`, `task_id`, `content`, `mobile`, `name`, `remark`, `status`, `called_at`, `time`, `type`, `share`) VALUES (214,115,'','13758277505','刘','',2,'2018-10-08 12:24:46',0,0,0);
/*!40000 ALTER TABLE `task_user` ENABLE KEYS */;
UNLOCK TABLES;

--
-- Table structure for table `template`
--

DROP TABLE IF EXISTS `template`;
/*!40101 SET @saved_cs_client     = @@character_set_client */;
/*!40101 SET character_set_client = utf8 */;
CREATE TABLE `template` (
  `id` bigint(20) NOT NULL AUTO_INCREMENT,
  `name` varchar(50) NOT NULL COMMENT '模板名称',
  `user_id` varchar(30) NOT NULL COMMENT '模板属于哪个用户',
  `content` text NOT NULL COMMENT '模板内容，一段json字符串',
  `status` tinyint(4) DEFAULT 1 COMMENT '模板状态：0表示已上线，1表示制作中，2表示测试中，3表示审核中。',
  `created_at` datetime DEFAULT current_timestamp(),
  PRIMARY KEY (`id`),
  KEY `template_user_id_fk` (`user_id`),
  CONSTRAINT `template_auth_user_uid_fk` FOREIGN KEY (`user_id`) REFERENCES `auth_user` (`uid`) ON DELETE CASCADE
) ENGINE=InnoDB AUTO_INCREMENT=15 DEFAULT CHARSET=utf8 COMMENT='话术模板';
/*!40101 SET character_set_client = @saved_cs_client */;

--
-- Dumping data for table `template`
--

LOCK TABLES `template` WRITE;
/*!40000 ALTER TABLE `template` DISABLE KEYS */;
INSERT INTO `template` (`id`, `name`, `user_id`, `content`, `status`, `created_at`) VALUES (14,'fs测试话术','admin','{\"main\":\"\",\"flow\":{\"JUU1JTkxJUI1JUU1JTkxJUI1\":{\"section\":{\"type\":\"start\",\"voice\":[\"3374c98e6af0def9b868c84ae2454df207dbb1f6\"],\"choice\":\"3374c98e6af0def9b868c84ae2454df207dbb1f6\"},\"next\":\"JUU1JTkxJUI1JUU1JTkxJUI1\",\"hook\":false,\"type\":0}},\"keyword\":{\"quiet1\":{\"type\":0,\"voice\":[],\"choice\":\"random\",\"conds\":[],\"next\":\"\"},\"quiet2\":{\"type\":0,\"voice\":[],\"choice\":\"random\",\"conds\":[],\"next\":\"\"},\"noword1\":{\"type\":0,\"voice\":[],\"choice\":\"random\",\"conds\":[],\"next\":\"\"},\"noword2\":{\"type\":0,\"voice\":[],\"choice\":\"random\",\"conds\":[],\"next\":\"\"},\"noword3\":{\"type\":0,\"voice\":[],\"choice\":\"random\",\"conds\":[],\"next\":\"\"}},\"voice\":{\"3374c98e6af0def9b868c84ae2454df207dbb1f6\":{\"pcm\":\"2018\\\\10\\\\08\\\\3374c98e6af0def9b868c84ae2454df207dbb1f6.pcm\",\"path\":\"2018\\\\10\\\\08\\\\3374c98e6af0def9b868c84ae2454df207dbb1f6.wav\",\"filename\":\"A1\",\"text\":\"\"}},\"type\":[{\"name\":\"未分类\",\"rule\":\"time:0,10;word:0,5;section:0,10\"},{\"name\":\"未接听\",\"rule\":\"\"},{\"name\":\"空号\",\"rule\":\"\"},{\"name\":\"停机\",\"rule\":\"\"},{\"name\":\"关机\",\"rule\":\"\"},{\"name\":\"A类\",\"rule\":\"\"},{\"name\":\"B类\",\"rule\":\"\"},{\"name\":\"C类\",\"rule\":\"\"},{\"name\":\"D类\",\"rule\":\"\"},{\"name\":\"E类\",\"rule\":\"\"},{\"name\":\"F类\",\"rule\":\"\"}]}',NULL,'2018-10-08 12:23:06');
/*!40000 ALTER TABLE `template` ENABLE KEYS */;
UNLOCK TABLES;

--
-- Table structure for table `user_config`
--

DROP TABLE IF EXISTS `user_config`;
/*!40101 SET @saved_cs_client     = @@character_set_client */;
/*!40101 SET character_set_client = utf8 */;
CREATE TABLE `user_config` (
  `user_id` varchar(30) NOT NULL,
  `key` varchar(50) NOT NULL,
  `value` text DEFAULT NULL COMMENT '配置值'
) ENGINE=InnoDB DEFAULT CHARSET=utf8 COMMENT='用户配置表';
/*!40101 SET character_set_client = @saved_cs_client */;

--
-- Dumping data for table `user_config`
--

LOCK TABLES `user_config` WRITE;
/*!40000 ALTER TABLE `user_config` DISABLE KEYS */;
/*!40000 ALTER TABLE `user_config` ENABLE KEYS */;
UNLOCK TABLES;

--
-- Table structure for table `user_order`
--

DROP TABLE IF EXISTS `user_order`;
/*!40101 SET @saved_cs_client     = @@character_set_client */;
/*!40101 SET character_set_client = utf8 */;
CREATE TABLE `user_order` (
  `id` bigint(20) NOT NULL AUTO_INCREMENT,
  `user_id` varchar(30) DEFAULT NULL,
  `used` int(11) DEFAULT 0 COMMENT '已使用量',
  `total` int(11) NOT NULL COMMENT '总量',
  `created_at` datetime DEFAULT current_timestamp(),
  PRIMARY KEY (`id`),
  UNIQUE KEY `user_order_id_uindex` (`id`),
  KEY `user_order_auth_user_uid_fk` (`user_id`),
  CONSTRAINT `user_order_auth_user_uid_fk` FOREIGN KEY (`user_id`) REFERENCES `auth_user` (`uid`) ON DELETE CASCADE
) ENGINE=InnoDB DEFAULT CHARSET=utf8 COMMENT='代理商购买订单';
/*!40101 SET character_set_client = @saved_cs_client */;

--
-- Dumping data for table `user_order`
--

LOCK TABLES `user_order` WRITE;
/*!40000 ALTER TABLE `user_order` DISABLE KEYS */;
/*!40000 ALTER TABLE `user_order` ENABLE KEYS */;
UNLOCK TABLES;

--
-- Table structure for table `voice`
--

DROP TABLE IF EXISTS `voice`;
/*!40101 SET @saved_cs_client     = @@character_set_client */;
/*!40101 SET character_set_client = utf8 */;
CREATE TABLE `voice` (
  `hash` varchar(50) NOT NULL COMMENT 'wav源文件的sha1摘要信息，用于记录文件是否改变，如果文件改变，才需要下载到客户端，这样可以节省宽带',
  `path` varchar(100) NOT NULL COMMENT '原始wav文件的路径',
  `pcm` varchar(100) DEFAULT NULL COMMENT 'pcm文件路径，客户录音不需要保存pcm，所以可以为null',
  `filename` varchar(100) NOT NULL COMMENT '上传之前的源文件名字',
  `visited_at` datetime DEFAULT current_timestamp() COMMENT '记录最后访问的时间，用于后期清理垃圾附件的凭证，超过一定日期，自动删除。',
  PRIMARY KEY (`hash`),
  UNIQUE KEY `voice_hash_uindex` (`hash`),
  UNIQUE KEY `voice_path_uindex` (`path`)
) ENGINE=InnoDB DEFAULT CHARSET=utf8 COMMENT='机器人音频文件，以及通话客户录音文件';
/*!40101 SET character_set_client = @saved_cs_client */;

--
-- Dumping data for table `voice`
--

LOCK TABLES `voice` WRITE;
/*!40000 ALTER TABLE `voice` DISABLE KEYS */;
INSERT INTO `voice` (`hash`, `path`, `pcm`, `filename`, `visited_at`) VALUES ('00d8e90c67215f63c853bcf280388f2de2b0b0f4','2018\\07\\10\\00d8e90c67215f63c853bcf280388f2de2b0b0f4.wav','2018\\07\\10\\00d8e90c67215f63c853bcf280388f2de2b0b0f4.pcm','25','2018-07-10 22:54:28'),('01be40dcdc49605656e20a1fdfdd09dc4f7f32ec','2018\\07\\10\\01be40dcdc49605656e20a1fdfdd09dc4f7f32ec.wav','2018\\07\\10\\01be40dcdc49605656e20a1fdfdd09dc4f7f32ec.pcm','16','2018-07-10 22:29:09'),('02dfb2516d206966f522af0428b40a956e79fb60','2018\\07\\23\\02dfb2516d206966f522af0428b40a956e79fb60.wav','2018\\07\\23\\02dfb2516d206966f522af0428b40a956e79fb60.pcm','./data/audio/audio-6eV0E3PkagxekHt0PsxWooMJc2mYYmbR-3005','2018-07-23 15:56:59'),('03c874e2e88df037e539ba9d06090900eefc6404','2018\\07\\23\\03c874e2e88df037e539ba9d06090900eefc6404.wav','2018\\07\\23\\03c874e2e88df037e539ba9d06090900eefc6404.pcm','./data/audio/audio-ChNliE9TliVpRZ1VXC8JAlie0t4bTOQH-2028','2018-07-23 16:52:46'),('04708ade3700b6a7f9748168e15146b1c1d03da6','2018\\07\\25\\04708ade3700b6a7f9748168e15146b1c1d03da6.wav','2018\\07\\25\\04708ade3700b6a7f9748168e15146b1c1d03da6.pcm','./data/audio/audio-uZ8N4SJXkZ11wDwyesGE5F9t3xRPABvD-758','2018-07-25 16:24:00'),('0582f43b30e006dca37d95599f3a35ceeb167590','2018\\07\\23\\0582f43b30e006dca37d95599f3a35ceeb167590.wav','2018\\07\\23\\0582f43b30e006dca37d95599f3a35ceeb167590.pcm','./data/audio/audio-fhgWNNcvvQh03YVMjm3E4IT6UzzuHIRr-1736','2018-07-23 16:00:57'),('061dc25da0bc7d3efcf1e0e829d061880bcad933','2018\\07\\20\\061dc25da0bc7d3efcf1e0e829d061880bcad933.wav','2018\\07\\20\\061dc25da0bc7d3efcf1e0e829d061880bcad933.pcm','F5','2018-07-20 20:48:29'),('065da302228756dee62c629b861e818210e1ba22','2018\\07\\27\\065da302228756dee62c629b861e818210e1ba22.wav','2018\\07\\27\\065da302228756dee62c629b861e818210e1ba22.pcm','./data/audio/audio-xAIcXIvNMsC9aQU1ymqlD83ZaKuMj6LV-1379','2018-07-27 17:00:52'),('06d192309ecbfb30a0e9ad03ed19f4476ea7ad7a','2018\\07\\21\\06d192309ecbfb30a0e9ad03ed19f4476ea7ad7a.wav','2018\\07\\21\\06d192309ecbfb30a0e9ad03ed19f4476ea7ad7a.pcm','F26','2018-07-21 14:34:25'),('083a6b4b075e887738eba177bfad9fa9d93f3139','2018\\07\\26\\083a6b4b075e887738eba177bfad9fa9d93f3139.wav','2018\\07\\26\\083a6b4b075e887738eba177bfad9fa9d93f3139.pcm','./data/audio/audio-iiI5kKYRmXrhlyzCRjWUI33YYzMybot4-2600','2018-07-26 22:22:59'),('0870dc9b24eb45906b4055a465abed2064b45c4d','2018\\07\\27\\0870dc9b24eb45906b4055a465abed2064b45c4d.wav','2018\\07\\27\\0870dc9b24eb45906b4055a465abed2064b45c4d.pcm','./data/audio/audio-FGgHZ0VieCQdEmovR3HUklQBk1n0e3Lf-717','2018-07-27 16:10:09'),('0996ffb3bbcce6363a998d3954b704712b26e425','2018\\07\\20\\0996ffb3bbcce6363a998d3954b704712b26e425.wav','2018\\07\\20\\0996ffb3bbcce6363a998d3954b704712b26e425.pcm','E2','2018-07-20 19:41:00'),('0a341805365f7bc62d4b9b4472bd10844f2ab7f9','2018\\07\\23\\0a341805365f7bc62d4b9b4472bd10844f2ab7f9.wav','2018\\07\\23\\0a341805365f7bc62d4b9b4472bd10844f2ab7f9.pcm','./data/audio/audio-fhgWNNcvvQh03YVMjm3E4IT6UzzuHIRr-1033','2018-07-23 16:00:57'),('0b48a27368f9e6a14515652490a1416904d747fd','2018\\07\\23\\0b48a27368f9e6a14515652490a1416904d747fd.wav','2018\\07\\23\\0b48a27368f9e6a14515652490a1416904d747fd.pcm','./data/audio/audio-EoppGvcl9BPU7CdedWk6WALPDEtXzcT1-2353','2018-07-23 15:43:59'),('0bd1148d0c0047988d370b2249c2c57caa5714ff','2018\\07\\28\\0bd1148d0c0047988d370b2249c2c57caa5714ff.wav','2018\\07\\28\\0bd1148d0c0047988d370b2249c2c57caa5714ff.pcm','./data/audio/audio-DF3EAsdidaZn8P1dpTrdtgTJ4hHqK5WB-1588','2018-07-28 15:47:37'),('0c55f398b8dac807e8d19da4063d8c6a198cf980','2018\\07\\20\\0c55f398b8dac807e8d19da4063d8c6a198cf980.wav','2018\\07\\20\\0c55f398b8dac807e8d19da4063d8c6a198cf980.pcm','F13','2018-07-20 21:06:12'),('0e6a8a0be6cfb7fc78bdcaae9dfef99581adf125','2018\\07\\19\\0e6a8a0be6cfb7fc78bdcaae9dfef99581adf125.wav','2018\\07\\19\\0e6a8a0be6cfb7fc78bdcaae9dfef99581adf125.pcm','24','2018-07-19 22:21:55'),('0e9d24005a44a8b9eb1c34b0b980da48da84fe13','2018\\07\\30\\0e9d24005a44a8b9eb1c34b0b980da48da84fe13.wav','2018\\07\\30\\0e9d24005a44a8b9eb1c34b0b980da48da84fe13.pcm','./data/audio/audio-dNKEHeveNCBXORUoaitlB4P8ReqgtPKZ-2482','2018-07-30 16:11:01'),('0f289c23456e1e8ea76da3a76ff7bdd39b5080ed','2018\\07\\23\\0f289c23456e1e8ea76da3a76ff7bdd39b5080ed.wav','2018\\07\\23\\0f289c23456e1e8ea76da3a76ff7bdd39b5080ed.pcm','46','2018-07-23 16:39:46'),('0f67502a33de81114b7f224b3aaab58585b3e988','2018\\07\\24\\0f67502a33de81114b7f224b3aaab58585b3e988.wav','2018\\07\\24\\0f67502a33de81114b7f224b3aaab58585b3e988.pcm','./data/audio/audio-oSCL5LBE3A5N0vZsLsevZDQPmq6n2VPy-761','2018-07-24 21:30:19'),('0ff4ad654d4e5259a2c12cf905675ee0f2500cf5','2018\\07\\10\\0ff4ad654d4e5259a2c12cf905675ee0f2500cf5.wav','2018\\07\\10\\0ff4ad654d4e5259a2c12cf905675ee0f2500cf5.pcm','34','2018-07-10 23:07:18'),('0ffd4de3ddab4aeff26cd52a5b99f6b913c38d60','2018\\07\\23\\0ffd4de3ddab4aeff26cd52a5b99f6b913c38d60.wav','2018\\07\\23\\0ffd4de3ddab4aeff26cd52a5b99f6b913c38d60.pcm','./data/audio/audio-gNmKPOIrNjqOZfprPKKhN1oQN3BRGel6-4904','2018-07-23 18:17:12'),('10d5852673c28a2a52767cc25fcae776f08f950a','2018\\07\\19\\10d5852673c28a2a52767cc25fcae776f08f950a.wav','2018\\07\\19\\10d5852673c28a2a52767cc25fcae776f08f950a.pcm','14','2018-07-19 22:01:51'),('1113a318c8b1403e9a6ff94d82f5f7f074bc2257','2018\\07\\21\\1113a318c8b1403e9a6ff94d82f5f7f074bc2257.wav','2018\\07\\21\\1113a318c8b1403e9a6ff94d82f5f7f074bc2257.pcm','F6','2018-07-21 11:50:14'),('1125a0587bafb9a2064508f384abf6b0773d3522','2018\\07\\28\\1125a0587bafb9a2064508f384abf6b0773d3522.wav','2018\\07\\28\\1125a0587bafb9a2064508f384abf6b0773d3522.pcm','./data/audio/audio-4qUc05gItYOeZDXWYv6a2lpF24aSuQPq-6451','2018-07-28 18:53:14'),('118df45485fc37019c1ad8f587b46218fea6a2ee','2018\\07\\20\\118df45485fc37019c1ad8f587b46218fea6a2ee.wav','2018\\07\\20\\118df45485fc37019c1ad8f587b46218fea6a2ee.pcm','D2','2018-07-20 20:28:37'),('123c1550fd57d9f59bfdcc8765dee846652d0302','2018\\07\\27\\123c1550fd57d9f59bfdcc8765dee846652d0302.wav','2018\\07\\27\\123c1550fd57d9f59bfdcc8765dee846652d0302.pcm','./data/audio/audio-nr4vJVTqh8oRvHnf5a6hrzqFN8bXCjEq-1886','2018-07-27 16:52:37'),('128da7f0807efe24e147ada0b0dbce376e12aef2','2018\\07\\10\\128da7f0807efe24e147ada0b0dbce376e12aef2.wav','2018\\07\\10\\128da7f0807efe24e147ada0b0dbce376e12aef2.pcm','20','2018-07-10 22:44:02'),('1757b79afd6488dbe5f79a65534f26820c5f44bd','2018\\07\\27\\1757b79afd6488dbe5f79a65534f26820c5f44bd.wav','2018\\07\\27\\1757b79afd6488dbe5f79a65534f26820c5f44bd.pcm','./data/audio/audio-u1nehLXA7tMxleRNgmylM5So8o5cZhjW-3105','2018-07-27 17:22:38'),('17f58d4c134feebdc8a71b357d38f051a44d8e6e','2018\\07\\28\\17f58d4c134feebdc8a71b357d38f051a44d8e6e.wav','2018\\07\\28\\17f58d4c134feebdc8a71b357d38f051a44d8e6e.pcm','./data/audio/audio-0zv3ApbiFsvHRPR16TFbGBbVggBrHgF2-1095','2018-07-28 15:49:38'),('198eb7e64f03b5138c82dc7243d4e3586f4ecedf','2018\\07\\20\\198eb7e64f03b5138c82dc7243d4e3586f4ecedf.wav','2018\\07\\20\\198eb7e64f03b5138c82dc7243d4e3586f4ecedf.pcm','F20','2018-07-20 21:20:41'),('1ac324c0c52fe122cca70eadf609dbf3d3619711','2018\\07\\19\\1ac324c0c52fe122cca70eadf609dbf3d3619711.wav','2018\\07\\19\\1ac324c0c52fe122cca70eadf609dbf3d3619711.pcm','11','2018-07-19 21:20:05'),('1c48016cc1b68edc1e677ca94a2abdfa278a798e','2018\\07\\28\\1c48016cc1b68edc1e677ca94a2abdfa278a798e.wav','2018\\07\\28\\1c48016cc1b68edc1e677ca94a2abdfa278a798e.pcm','./data/audio/audio-4qUc05gItYOeZDXWYv6a2lpF24aSuQPq-3423','2018-07-28 18:53:14'),('1cf64885d7f6002e45378543fb9adeecdafa1a49','2018\\07\\10\\1cf64885d7f6002e45378543fb9adeecdafa1a49.wav','2018\\07\\10\\1cf64885d7f6002e45378543fb9adeecdafa1a49.pcm','27','2018-07-10 22:56:00'),('1da060ee6987ebf0bef2c3aef17538bf91d254e7','2018\\07\\23\\1da060ee6987ebf0bef2c3aef17538bf91d254e7.wav','2018\\07\\23\\1da060ee6987ebf0bef2c3aef17538bf91d254e7.pcm','./data/audio/audio-gNmKPOIrNjqOZfprPKKhN1oQN3BRGel6-1508','2018-07-23 18:17:11'),('1dee9d8ce3072fb36418bba568298ae707421ce8','2018\\07\\28\\1dee9d8ce3072fb36418bba568298ae707421ce8.wav','2018\\07\\28\\1dee9d8ce3072fb36418bba568298ae707421ce8.pcm','./data/audio/audio-4qUc05gItYOeZDXWYv6a2lpF24aSuQPq-5946','2018-07-28 18:53:14'),('1f2368f23cb493ee519c9c129020bded93180fb1','2018\\07\\21\\1f2368f23cb493ee519c9c129020bded93180fb1.wav','2018\\07\\21\\1f2368f23cb493ee519c9c129020bded93180fb1.pcm','./data/audio/audio-K52C1QfIevwCMB8FyDreVwTIHwkB0ucg-2399','2018-07-21 23:24:11'),('2000092b2daee28b9acdfc9e81b6588858b91234','2018\\07\\23\\2000092b2daee28b9acdfc9e81b6588858b91234.wav','2018\\07\\23\\2000092b2daee28b9acdfc9e81b6588858b91234.pcm','./data/audio/audio-4O8OXNIy1F1qbFR2JftGJlbeKjinpxk3-2066','2018-07-23 16:21:26'),('2024476095e85b701e4d8cfe6c67c8af42c0d0c9','2018\\07\\20\\2024476095e85b701e4d8cfe6c67c8af42c0d0c9.wav','2018\\07\\20\\2024476095e85b701e4d8cfe6c67c8af42c0d0c9.pcm','F14','2018-07-20 21:07:56'),('229256155e90208b7ab8757edac746a7c017b9f6','2018\\07\\28\\229256155e90208b7ab8757edac746a7c017b9f6.wav','2018\\07\\28\\229256155e90208b7ab8757edac746a7c017b9f6.pcm','./data/audio/audio-4qUc05gItYOeZDXWYv6a2lpF24aSuQPq-8178','2018-07-28 18:53:15'),('22e86bd1717c327d4c9e1631f6c01e0ae1f30d05','2018\\07\\28\\22e86bd1717c327d4c9e1631f6c01e0ae1f30d05.wav','2018\\07\\28\\22e86bd1717c327d4c9e1631f6c01e0ae1f30d05.pcm','./data/audio/audio-4qUc05gItYOeZDXWYv6a2lpF24aSuQPq-7307','2018-07-28 18:53:14'),('233d85447eed84900c2d776e3116ff0b6375e165','2018\\07\\21\\233d85447eed84900c2d776e3116ff0b6375e165.wav','2018\\07\\21\\233d85447eed84900c2d776e3116ff0b6375e165.pcm','./data/audio/audio-WFm9XxdMe2gCxieXzw9gTWV8ZK6M2bOz-1204','2018-07-21 20:39:18'),('23bb5eb6f3cd81bd30684baff76b8a2422ab0dd6','2018\\07\\20\\23bb5eb6f3cd81bd30684baff76b8a2422ab0dd6.wav','2018\\07\\20\\23bb5eb6f3cd81bd30684baff76b8a2422ab0dd6.pcm','29','2018-07-20 13:39:20'),('240c3f7222840510625636075bd965a81348729c','2018\\07\\23\\240c3f7222840510625636075bd965a81348729c.wav','2018\\07\\23\\240c3f7222840510625636075bd965a81348729c.pcm','./data/audio/audio-z0g6vhLnXIVYgaS55NyrH7atk3Hy2AgV-1943','2018-07-23 16:28:04'),('2437875f012d3af6aca2c2a9d7e9684468d7c290','2018\\07\\23\\2437875f012d3af6aca2c2a9d7e9684468d7c290.wav','2018\\07\\23\\2437875f012d3af6aca2c2a9d7e9684468d7c290.pcm','./data/audio/audio-gNmKPOIrNjqOZfprPKKhN1oQN3BRGel6-3334','2018-07-23 18:17:11'),('25a670a1e23dc671768b3b49ee557137b0457872','2018\\07\\25\\25a670a1e23dc671768b3b49ee557137b0457872.wav','2018\\07\\25\\25a670a1e23dc671768b3b49ee557137b0457872.pcm','./data/audio/audio-19LMc1lU4B6IZGAYY0oSzumfv9u9u4N8-168','2018-07-25 16:21:52'),('2622fd299d74e98c3cc4d24000226d8a4b287f0e','2018\\07\\21\\2622fd299d74e98c3cc4d24000226d8a4b287f0e.wav','2018\\07\\21\\2622fd299d74e98c3cc4d24000226d8a4b287f0e.pcm','F3','2018-07-21 11:47:48'),('29ef06bf1f0564c3f641203839f3b482c17679cb','2018\\07\\28\\29ef06bf1f0564c3f641203839f3b482c17679cb.wav','2018\\07\\28\\29ef06bf1f0564c3f641203839f3b482c17679cb.pcm','./data/audio/audio-lrsDIC86k9R8uwBYpVLrSovhspvxLvp7-1552','2018-07-28 17:59:06'),('2add7058811431c52aedb3b4dcc636b84d3dd3df','2018\\07\\21\\2add7058811431c52aedb3b4dcc636b84d3dd3df.wav','2018\\07\\21\\2add7058811431c52aedb3b4dcc636b84d3dd3df.pcm','./data/audio/audio-K52C1QfIevwCMB8FyDreVwTIHwkB0ucg-3508','2018-07-21 23:24:11'),('2c976cb3abfefd8ee7cece5bdca3055a7a0e09d2','2018\\07\\20\\2c976cb3abfefd8ee7cece5bdca3055a7a0e09d2.wav','2018\\07\\20\\2c976cb3abfefd8ee7cece5bdca3055a7a0e09d2.pcm','F15','2018-07-20 21:09:32'),('2cc4fa39984759cae1560fe9a6bb187da158973c','2018\\07\\27\\2cc4fa39984759cae1560fe9a6bb187da158973c.wav','2018\\07\\27\\2cc4fa39984759cae1560fe9a6bb187da158973c.pcm','./data/audio/audio-OYWSt5NX7cnowpYyyeReEtUBavm3mYtT-728','2018-07-27 17:14:33'),('2de5622f2d0487c256c8eef9924260f15981820f','2018\\07\\28\\2de5622f2d0487c256c8eef9924260f15981820f.wav','2018\\07\\28\\2de5622f2d0487c256c8eef9924260f15981820f.pcm','./data/audio/audio-eMyG6Thb4ujEryzfZB4ARuDmZ1iLIstQ-1903','2018-07-28 18:34:27'),('2e225320aa67d3793bcf14edfc9a436547856eee','2018\\07\\10\\2e225320aa67d3793bcf14edfc9a436547856eee.wav','2018\\07\\10\\2e225320aa67d3793bcf14edfc9a436547856eee.pcm','11','2018-07-10 20:53:10'),('2e353634c03d02f79ca1648911d5388e39b22b27','2018\\07\\30\\2e353634c03d02f79ca1648911d5388e39b22b27.wav','2018\\07\\30\\2e353634c03d02f79ca1648911d5388e39b22b27.pcm','./data/audio/audio-3EEXbBmkvtmna6H1f9oX7ZegQjfO3G5P-2663','2018-07-30 15:21:54'),('2f1c67e81d9d30de5467011d0059012338cb82b6','2018\\07\\23\\2f1c67e81d9d30de5467011d0059012338cb82b6.wav','2018\\07\\23\\2f1c67e81d9d30de5467011d0059012338cb82b6.pcm','./data/audio/audio-Qijgxqkbk5SrhzTmG70Un4Q68X6wsTT5-4257','2018-07-23 16:23:57'),('2f8e41a86a111deabcd2b83277a70f8871f86c56','2018\\07\\10\\2f8e41a86a111deabcd2b83277a70f8871f86c56.wav','2018\\07\\10\\2f8e41a86a111deabcd2b83277a70f8871f86c56.pcm','2','2018-07-10 21:11:02'),('305550da2d9a7e159ee089b9ebc928a76a128fc2','2018\\07\\23\\305550da2d9a7e159ee089b9ebc928a76a128fc2.wav','2018\\07\\23\\305550da2d9a7e159ee089b9ebc928a76a128fc2.pcm','./data/audio/audio-VGca4vO391PTcOoamR8qzKPQs8tP93p7-2240','2018-07-23 18:35:57'),('30b7f07722d43bea51cd99fd5dedc9cc7ec3a838','2018\\07\\28\\30b7f07722d43bea51cd99fd5dedc9cc7ec3a838.wav','2018\\07\\28\\30b7f07722d43bea51cd99fd5dedc9cc7ec3a838.pcm','./data/audio/audio-lrsDIC86k9R8uwBYpVLrSovhspvxLvp7-2170','2018-07-28 17:59:06'),('31e2c0f853f5daf81cfa4b032741e4f751fe17fa','2018\\07\\20\\31e2c0f853f5daf81cfa4b032741e4f751fe17fa.wav','2018\\07\\20\\31e2c0f853f5daf81cfa4b032741e4f751fe17fa.pcm','45','2018-07-20 13:45:27'),('31ed469aaf27e5e9d9a771ae95981bbec3d6a0e1','2018\\07\\23\\31ed469aaf27e5e9d9a771ae95981bbec3d6a0e1.wav','2018\\07\\23\\31ed469aaf27e5e9d9a771ae95981bbec3d6a0e1.pcm','./data/audio/audio-Qijgxqkbk5SrhzTmG70Un4Q68X6wsTT5-1625','2018-07-23 16:23:57'),('333536f239c2271cfb77a05cbef7fb598f656bb8','2018\\07\\23\\333536f239c2271cfb77a05cbef7fb598f656bb8.wav','2018\\07\\23\\333536f239c2271cfb77a05cbef7fb598f656bb8.pcm','./data/audio/audio-SK3lMCUaxBgCiWRrXLAVfd4PzkhoCar8-992','2018-07-23 15:58:17'),('3374c98e6af0def9b868c84ae2454df207dbb1f6','2018\\10\\08\\3374c98e6af0def9b868c84ae2454df207dbb1f6.wav','2018\\10\\08\\3374c98e6af0def9b868c84ae2454df207dbb1f6.pcm','A1','2018-10-08 12:22:42'),('3646dbb037d2eb4af08082dcfffb8b5141e940c8','2018\\07\\23\\3646dbb037d2eb4af08082dcfffb8b5141e940c8.wav','2018\\07\\23\\3646dbb037d2eb4af08082dcfffb8b5141e940c8.pcm','./data/audio/audio-4O8OXNIy1F1qbFR2JftGJlbeKjinpxk3-3245','2018-07-23 16:21:26'),('36e22052ef914032ff948321edf26e7c3b1b4180','2018\\07\\27\\36e22052ef914032ff948321edf26e7c3b1b4180.wav','2018\\07\\27\\36e22052ef914032ff948321edf26e7c3b1b4180.pcm','./data/audio/audio-zc3s3iqynemvHCeU2RGkrJ1O1hVQ6u5a-673','2018-07-27 18:31:19'),('36e761c7db16ef0e585fccde6232419915b8af97','2018\\07\\28\\36e761c7db16ef0e585fccde6232419915b8af97.wav','2018\\07\\28\\36e761c7db16ef0e585fccde6232419915b8af97.pcm','./data/audio/audio-BuOZrv8IZVz5ObiwMFTpWHbesbiOV2IQ-5199','2018-07-28 18:06:48'),('373e00dd56d7f90490ebf4076d5b646d1bdcfd57','2018\\07\\28\\373e00dd56d7f90490ebf4076d5b646d1bdcfd57.wav','2018\\07\\28\\373e00dd56d7f90490ebf4076d5b646d1bdcfd57.pcm','./data/audio/audio-rYPlXqht7JHH8dhbc6Kb6TC2UgSBLHyd-1832','2018-07-28 18:36:01'),('377aff082a9a2e687dba81827db295ed4f4adc53','2018\\07\\19\\377aff082a9a2e687dba81827db295ed4f4adc53.wav','2018\\07\\19\\377aff082a9a2e687dba81827db295ed4f4adc53.pcm','6','2018-07-19 21:43:32'),('3a2631bce0a0e1e17e704035bfea1cc48d3001da','2018\\07\\20\\3a2631bce0a0e1e17e704035bfea1cc48d3001da.wav','2018\\07\\20\\3a2631bce0a0e1e17e704035bfea1cc48d3001da.pcm','44','2018-07-20 13:45:16'),('3a9ee5b272520b54c20667dd7818b12017062d58','2018\\07\\28\\3a9ee5b272520b54c20667dd7818b12017062d58.wav','2018\\07\\28\\3a9ee5b272520b54c20667dd7818b12017062d58.pcm','./data/audio/audio-xFPIPt8EwHYcXJrhiUI5UW4zm8sx8vZg-740','2018-07-28 18:23:02'),('3b14ab872196d68b38f5279c5e0cd2534821f6ba','2018\\07\\23\\3b14ab872196d68b38f5279c5e0cd2534821f6ba.wav','2018\\07\\23\\3b14ab872196d68b38f5279c5e0cd2534821f6ba.pcm','./data/audio/audio-kYLMlV61BJZC5Cd2D4c17QnloHWnXhhB-2572','2018-07-23 15:38:14'),('3bc36f5b856c0023d1253c8bcdebb883c4ba430f','2018\\07\\28\\3bc36f5b856c0023d1253c8bcdebb883c4ba430f.wav','2018\\07\\28\\3bc36f5b856c0023d1253c8bcdebb883c4ba430f.pcm','./data/audio/audio-E8udNF8mxFHiqnPBhn6rDoF7GpmOrc75-1788','2018-07-28 10:26:42'),('3c5087db7e948289e41be21a3fea2f928d68a66b','2018\\07\\27\\3c5087db7e948289e41be21a3fea2f928d68a66b.wav','2018\\07\\27\\3c5087db7e948289e41be21a3fea2f928d68a66b.pcm','./data/audio/audio-zc3s3iqynemvHCeU2RGkrJ1O1hVQ6u5a-3366','2018-07-27 18:31:19'),('3cbb44bffd186121225b8bda9190bfe678485cd9','2018\\07\\20\\3cbb44bffd186121225b8bda9190bfe678485cd9.wav','2018\\07\\20\\3cbb44bffd186121225b8bda9190bfe678485cd9.pcm','F24','2018-07-20 21:31:10'),('3cef980ffc3124f2e35f060b025f75e554914895','2018\\07\\10\\3cef980ffc3124f2e35f060b025f75e554914895.wav','2018\\07\\10\\3cef980ffc3124f2e35f060b025f75e554914895.pcm','5.1.1.ai1','2018-07-10 22:19:05'),('3da5e89a70e93e52105d646bd5b617688edf3208','2018\\07\\28\\3da5e89a70e93e52105d646bd5b617688edf3208.wav','2018\\07\\28\\3da5e89a70e93e52105d646bd5b617688edf3208.pcm','./data/audio/audio-4qUc05gItYOeZDXWYv6a2lpF24aSuQPq-5506','2018-07-28 18:53:14'),('3db1727276984fb31669f751e2631eddbf72497b','2018\\07\\10\\3db1727276984fb31669f751e2631eddbf72497b.wav','2018\\07\\10\\3db1727276984fb31669f751e2631eddbf72497b.pcm','36','2018-07-10 23:08:33'),('3eac3790a5f28dbb4653e3e1b1bd4073e6f22a54','2018\\07\\27\\3eac3790a5f28dbb4653e3e1b1bd4073e6f22a54.wav','2018\\07\\27\\3eac3790a5f28dbb4653e3e1b1bd4073e6f22a54.pcm','./data/audio/audio-u1nehLXA7tMxleRNgmylM5So8o5cZhjW-1558','2018-07-27 17:22:37'),('3ed5adcd095e4e8fc32cbaa30a8cd0ae09a51b8f','2018\\07\\20\\3ed5adcd095e4e8fc32cbaa30a8cd0ae09a51b8f.wav','2018\\07\\20\\3ed5adcd095e4e8fc32cbaa30a8cd0ae09a51b8f.pcm','F22','2018-07-20 21:23:57'),('3eeeed0030017ea300fdc9e8577c888c9f7afcba','2018\\07\\21\\3eeeed0030017ea300fdc9e8577c888c9f7afcba.wav','2018\\07\\21\\3eeeed0030017ea300fdc9e8577c888c9f7afcba.pcm','F11','2018-07-21 14:21:12'),('3f10ee5c9773284f9a86eb23c011262514b310ce','2018\\07\\21\\3f10ee5c9773284f9a86eb23c011262514b310ce.wav','2018\\07\\21\\3f10ee5c9773284f9a86eb23c011262514b310ce.pcm','./data/audio/audio-K52C1QfIevwCMB8FyDreVwTIHwkB0ucg-963','2018-07-21 23:24:11'),('3f1522a9a536845b0b68fc6a5f91c7c5f9e895f1','2018\\07\\20\\3f1522a9a536845b0b68fc6a5f91c7c5f9e895f1.wav','2018\\07\\20\\3f1522a9a536845b0b68fc6a5f91c7c5f9e895f1.pcm','33','2018-07-20 13:40:26'),('3f6a78f8a868d8b8fa27b2751ad845eefcc919ed','2018\\07\\23\\3f6a78f8a868d8b8fa27b2751ad845eefcc919ed.wav','2018\\07\\23\\3f6a78f8a868d8b8fa27b2751ad845eefcc919ed.pcm','./data/audio/audio-gNmKPOIrNjqOZfprPKKhN1oQN3BRGel6-2145','2018-07-23 18:17:11'),('403d68cc699d4fcc50c6d2445ed2edacdb02fb5b','2018\\07\\28\\403d68cc699d4fcc50c6d2445ed2edacdb02fb5b.wav','2018\\07\\28\\403d68cc699d4fcc50c6d2445ed2edacdb02fb5b.pcm','./data/audio/audio-BuOZrv8IZVz5ObiwMFTpWHbesbiOV2IQ-8902','2018-07-28 18:06:48'),('40d943c08def27315ffbc337429633877429bab1','2018\\07\\21\\40d943c08def27315ffbc337429633877429bab1.wav','2018\\07\\21\\40d943c08def27315ffbc337429633877429bab1.pcm','F18','2018-07-21 14:27:30'),('41152b9f5842ffc4bc06145b102274f3a4e71d4a','2018\\07\\10\\41152b9f5842ffc4bc06145b102274f3a4e71d4a.wav','2018\\07\\10\\41152b9f5842ffc4bc06145b102274f3a4e71d4a.pcm','3.4.2','2018-07-10 22:20:50'),('4322cd60a722dc8966fc6ed88d310e1e7ef070cb','2018\\07\\26\\4322cd60a722dc8966fc6ed88d310e1e7ef070cb.wav','2018\\07\\26\\4322cd60a722dc8966fc6ed88d310e1e7ef070cb.pcm','./data/audio/audio-iiI5kKYRmXrhlyzCRjWUI33YYzMybot4-3034','2018-07-26 22:22:59'),('43321bd0adf7c9c6c08e152cf1b19a6ae7af289a','2018\\07\\27\\43321bd0adf7c9c6c08e152cf1b19a6ae7af289a.wav','2018\\07\\27\\43321bd0adf7c9c6c08e152cf1b19a6ae7af289a.pcm','./data/audio/audio-ngCOE5rvnMHClGoucd5Hsch1tveMKp6f-2559','2018-07-27 13:29:48'),('4337e7d2214ba20d07f5c0c902d0929b9ac839b6','2018\\07\\21\\4337e7d2214ba20d07f5c0c902d0929b9ac839b6.wav','2018\\07\\21\\4337e7d2214ba20d07f5c0c902d0929b9ac839b6.pcm','./data/audio/audio-WFm9XxdMe2gCxieXzw9gTWV8ZK6M2bOz-3226','2018-07-21 20:39:18'),('4438818f564ed16dfa01844a8033c1c8dee59c68','2018\\07\\10\\4438818f564ed16dfa01844a8033c1c8dee59c68.wav','2018\\07\\10\\4438818f564ed16dfa01844a8033c1c8dee59c68.pcm','31','2018-07-10 23:03:44'),('44700462a363f7633b550c2dfd1b4b0c4534121f','2018\\07\\20\\44700462a363f7633b550c2dfd1b4b0c4534121f.wav','2018\\07\\20\\44700462a363f7633b550c2dfd1b4b0c4534121f.pcm','25','2018-07-20 13:38:27'),('44b8b1c72982f043a751fd1c2a60e78a55ed4027','2018\\07\\26\\44b8b1c72982f043a751fd1c2a60e78a55ed4027.wav','2018\\07\\26\\44b8b1c72982f043a751fd1c2a60e78a55ed4027.pcm','./data/audio/audio-iiI5kKYRmXrhlyzCRjWUI33YYzMybot4-2105','2018-07-26 22:22:59'),('44f13303730c230aebba574832a1f5badd066c0b','2018\\07\\28\\44f13303730c230aebba574832a1f5badd066c0b.wav','2018\\07\\28\\44f13303730c230aebba574832a1f5badd066c0b.pcm','./data/audio/audio-E8udNF8mxFHiqnPBhn6rDoF7GpmOrc75-3732','2018-07-28 10:26:43'),('458695b6cfd3040c75d58053cedd6ad0aafee0c0','2018\\07\\19\\458695b6cfd3040c75d58053cedd6ad0aafee0c0.wav','2018\\07\\19\\458695b6cfd3040c75d58053cedd6ad0aafee0c0.pcm','22','2018-07-19 22:19:22'),('45908368bcc60c12b8a34cd4fbb022fec3b82b38','2018\\07\\24\\45908368bcc60c12b8a34cd4fbb022fec3b82b38.wav','2018\\07\\24\\45908368bcc60c12b8a34cd4fbb022fec3b82b38.pcm','./data/audio/audio-RMLMFnCW89P3yRz7PzQZsWXT6B0ZsQh0-4894','2018-07-24 22:47:10'),('46bb57ec9bdfe89394d72695e56c1bc0e7693c0b','2018\\07\\21\\46bb57ec9bdfe89394d72695e56c1bc0e7693c0b.wav','2018\\07\\21\\46bb57ec9bdfe89394d72695e56c1bc0e7693c0b.pcm','./data/audio/audio-oBINRDERfepb00oQp1FVqgjBYF0KIDZA-1727','2018-07-21 23:03:40'),('46e4720f861f33863ceb58e01483c52b6ca1b5e4','2018\\07\\23\\46e4720f861f33863ceb58e01483c52b6ca1b5e4.wav','2018\\07\\23\\46e4720f861f33863ceb58e01483c52b6ca1b5e4.pcm','./data/audio/audio-l5eV9KqI91ZHNgYb380UPfp0qSoAnyRc-2662','2018-07-23 16:57:14'),('471fcfbe46e8b81a5f0306d44b7daf2dac213ed2','2018\\07\\23\\471fcfbe46e8b81a5f0306d44b7daf2dac213ed2.wav','2018\\07\\23\\471fcfbe46e8b81a5f0306d44b7daf2dac213ed2.pcm','./data/audio/audio-gpxe3nh4RXYzsthpNfpqYpb45OTRIMDJ-1108','2018-07-23 18:33:21'),('4766fa2d5c94c8ea977d990c67f37faa579e4a1b','2018\\07\\28\\4766fa2d5c94c8ea977d990c67f37faa579e4a1b.wav','2018\\07\\28\\4766fa2d5c94c8ea977d990c67f37faa579e4a1b.pcm','./data/audio/audio-0zv3ApbiFsvHRPR16TFbGBbVggBrHgF2-627','2018-07-28 15:49:38'),('47c88fb61b1c17874ecbc13d5a065cdea4619bf1','2018\\07\\10\\47c88fb61b1c17874ecbc13d5a065cdea4619bf1.wav','2018\\07\\10\\47c88fb61b1c17874ecbc13d5a065cdea4619bf1.pcm','35','2018-07-10 21:56:00'),('480dbe065ec03cc5916c9351dcfca92b2f2feaee','2018\\07\\27\\480dbe065ec03cc5916c9351dcfca92b2f2feaee.wav','2018\\07\\27\\480dbe065ec03cc5916c9351dcfca92b2f2feaee.pcm','./data/audio/audio-VedWdy70CAKrZItSTnywObUFc9pawH5X-1562','2018-07-27 19:06:15'),('48c307035d8df0b9604d79479e14fa59fe98915c','2018\\07\\28\\48c307035d8df0b9604d79479e14fa59fe98915c.wav','2018\\07\\28\\48c307035d8df0b9604d79479e14fa59fe98915c.pcm','./data/audio/audio-sNWGCagnSvXCC9M6koJ23wAzhrPhP67x-1616','2018-07-28 10:18:25'),('4a517a320844d3b3a4e9f103ea811bfb8b6516f7','2018\\07\\27\\4a517a320844d3b3a4e9f103ea811bfb8b6516f7.wav','2018\\07\\27\\4a517a320844d3b3a4e9f103ea811bfb8b6516f7.pcm','./data/audio/audio-OYWSt5NX7cnowpYyyeReEtUBavm3mYtT-1605','2018-07-27 17:14:33'),('4a99f11c273d568e83a8cded7c6dd5232a99dde2','2018\\07\\23\\4a99f11c273d568e83a8cded7c6dd5232a99dde2.wav','2018\\07\\23\\4a99f11c273d568e83a8cded7c6dd5232a99dde2.pcm','./data/audio/audio-gpxe3nh4RXYzsthpNfpqYpb45OTRIMDJ-2622','2018-07-23 18:33:21'),('4aafe75703ba89447ff64557ae8ce94ec9c31781','2018\\07\\24\\4aafe75703ba89447ff64557ae8ce94ec9c31781.wav','2018\\07\\24\\4aafe75703ba89447ff64557ae8ce94ec9c31781.pcm','./data/audio/audio-RMLMFnCW89P3yRz7PzQZsWXT6B0ZsQh0-3833','2018-07-24 22:47:09'),('4b1ad58367c3cd3058afbf164e09183b0b3b8435','2018\\07\\27\\4b1ad58367c3cd3058afbf164e09183b0b3b8435.wav','2018\\07\\27\\4b1ad58367c3cd3058afbf164e09183b0b3b8435.pcm','./data/audio/audio-nr4vJVTqh8oRvHnf5a6hrzqFN8bXCjEq-2901','2018-07-27 16:52:37'),('4b2e7be214c85988f5d58e74d77104ddbec58994','2018\\07\\27\\4b2e7be214c85988f5d58e74d77104ddbec58994.wav','2018\\07\\27\\4b2e7be214c85988f5d58e74d77104ddbec58994.pcm','./data/audio/audio-ngCOE5rvnMHClGoucd5Hsch1tveMKp6f-1262','2018-07-27 13:29:48'),('4c535d20cabe1a4d1f58c4aa0ed9d037c7b77fa6','2018\\07\\23\\4c535d20cabe1a4d1f58c4aa0ed9d037c7b77fa6.wav','2018\\07\\23\\4c535d20cabe1a4d1f58c4aa0ed9d037c7b77fa6.pcm','./data/audio/audio-EoppGvcl9BPU7CdedWk6WALPDEtXzcT1-1910','2018-07-23 15:43:59'),('4c97094b58a9a34bee713d7b395c8d79e943c06b','2018\\07\\25\\4c97094b58a9a34bee713d7b395c8d79e943c06b.wav','2018\\07\\25\\4c97094b58a9a34bee713d7b395c8d79e943c06b.pcm','./data/audio/audio-6JZ4Ru0sBPeoArbOEyKeIRqahqRmmoXe-106','2018-07-25 16:01:34'),('4d46ba813d61b6acef593869c47603e36f417030','2018\\07\\24\\4d46ba813d61b6acef593869c47603e36f417030.wav','2018\\07\\24\\4d46ba813d61b6acef593869c47603e36f417030.pcm','./data/audio/audio-oSCL5LBE3A5N0vZsLsevZDQPmq6n2VPy-1706','2018-07-24 21:30:19'),('4dfa9b75e32b8c5d06a2d9a05a16d55c236f6fd2','2018\\07\\23\\4dfa9b75e32b8c5d06a2d9a05a16d55c236f6fd2.wav','2018\\07\\23\\4dfa9b75e32b8c5d06a2d9a05a16d55c236f6fd2.pcm','./data/audio/audio-ChNliE9TliVpRZ1VXC8JAlie0t4bTOQH-1186','2018-07-23 16:52:46'),('4e01642e2221e3b3b2d2d73dc1ffd68cfa6cb18d','2018\\07\\27\\4e01642e2221e3b3b2d2d73dc1ffd68cfa6cb18d.wav','2018\\07\\27\\4e01642e2221e3b3b2d2d73dc1ffd68cfa6cb18d.pcm','./data/audio/audio-whvinPj0oz3UvW9xK7PnRv3uBwFaX6pQ-2750','2018-07-27 16:28:48'),('4eabe2783be8bbe3eef559c0131912b17c083214','2018\\07\\23\\4eabe2783be8bbe3eef559c0131912b17c083214.wav','2018\\07\\23\\4eabe2783be8bbe3eef559c0131912b17c083214.pcm','./data/audio/audio-ChNliE9TliVpRZ1VXC8JAlie0t4bTOQH-2422','2018-07-23 16:52:46'),('4f74b53589e070f8a8eb8efcc12eaba9cb4dafea','2018\\07\\30\\4f74b53589e070f8a8eb8efcc12eaba9cb4dafea.wav','2018\\07\\30\\4f74b53589e070f8a8eb8efcc12eaba9cb4dafea.pcm','C2','2018-07-30 15:48:30'),('4fc5aaa086adcc6cf568ad8e6ec7da06a9898283','2018\\07\\28\\4fc5aaa086adcc6cf568ad8e6ec7da06a9898283.wav','2018\\07\\28\\4fc5aaa086adcc6cf568ad8e6ec7da06a9898283.pcm','./data/audio/audio-ht528KgGbv6MXGUzQHPUp9oUgAowxqTt-2745','2018-07-28 17:56:04'),('4fdebcb551e0ffa348c3bf9e553638f1f0e820e8','2018\\07\\20\\4fdebcb551e0ffa348c3bf9e553638f1f0e820e8.wav','2018\\07\\20\\4fdebcb551e0ffa348c3bf9e553638f1f0e820e8.pcm','F19','2018-07-20 21:15:08'),('507b256091f00351311ac9768ad1f82517c7b1b2','2018\\07\\24\\507b256091f00351311ac9768ad1f82517c7b1b2.wav','2018\\07\\24\\507b256091f00351311ac9768ad1f82517c7b1b2.pcm','./data/audio/audio-RMLMFnCW89P3yRz7PzQZsWXT6B0ZsQh0-4392','2018-07-24 22:47:09'),('51e005dfb6e18703fba3c9c4099e97f8c91a92c0','2018\\07\\23\\51e005dfb6e18703fba3c9c4099e97f8c91a92c0.wav','2018\\07\\23\\51e005dfb6e18703fba3c9c4099e97f8c91a92c0.pcm','./data/audio/audio-l5eV9KqI91ZHNgYb380UPfp0qSoAnyRc-1702','2018-07-23 16:57:14'),('5267a48d75a9b77fecb7fb7ed18fef9a66fc6ed5','2018\\07\\20\\5267a48d75a9b77fecb7fb7ed18fef9a66fc6ed5.wav','2018\\07\\20\\5267a48d75a9b77fecb7fb7ed18fef9a66fc6ed5.pcm','31','2018-07-20 13:39:57'),('526ac5461b47ab0d661c598de8127c3e21e1e136','2018\\07\\28\\526ac5461b47ab0d661c598de8127c3e21e1e136.wav','2018\\07\\28\\526ac5461b47ab0d661c598de8127c3e21e1e136.pcm','./data/audio/audio-DF3EAsdidaZn8P1dpTrdtgTJ4hHqK5WB-2588','2018-07-28 15:47:37'),('5309332370163d9da0afa8c11dd5b267a79cf823','2018\\07\\27\\5309332370163d9da0afa8c11dd5b267a79cf823.wav','2018\\07\\27\\5309332370163d9da0afa8c11dd5b267a79cf823.pcm','./data/audio/audio-qtqro15jReDgmMyncI8reAy77t3Nc61t-1991','2018-07-27 16:34:06'),('535a12eff01cf6deb1176fd848362431f819efc7','2018\\07\\10\\535a12eff01cf6deb1176fd848362431f819efc7.wav','2018\\07\\10\\535a12eff01cf6deb1176fd848362431f819efc7.pcm','1','2018-07-10 20:08:45'),('53637f61fcdcef8ede92954d51841da74d9d7ac3','2018\\07\\23\\53637f61fcdcef8ede92954d51841da74d9d7ac3.wav','2018\\07\\23\\53637f61fcdcef8ede92954d51841da74d9d7ac3.pcm','./data/audio/audio-6eV0E3PkagxekHt0PsxWooMJc2mYYmbR-1709','2018-07-23 15:56:59'),('544553afdf01c92fdfeed204926ebac7417f64b9','2018\\07\\23\\544553afdf01c92fdfeed204926ebac7417f64b9.wav','2018\\07\\23\\544553afdf01c92fdfeed204926ebac7417f64b9.pcm','./data/audio/audio-3IgcaSJIh8MxeBWYnNWihvVhORwAGUAZ-1572','2018-07-23 18:37:59'),('548cbcc01ec49a6fa93c9c79750863d15593c99b','2018\\07\\30\\548cbcc01ec49a6fa93c9c79750863d15593c99b.wav','2018\\07\\30\\548cbcc01ec49a6fa93c9c79750863d15593c99b.pcm','./data/audio/audio-mCzFiU2nW5Nf53YRuUcKGbJMjdst1bUa-5870','2018-07-30 16:03:50'),('54b0ef5c9d5531de037591d82c2a64ff5aa2e42b','2018\\07\\25\\54b0ef5c9d5531de037591d82c2a64ff5aa2e42b.wav','2018\\07\\25\\54b0ef5c9d5531de037591d82c2a64ff5aa2e42b.pcm','./data/audio/audio-uZ8N4SJXkZ11wDwyesGE5F9t3xRPABvD-1392','2018-07-25 16:24:00'),('56051ed944231c3a3a989ae1e81db0395a2113ff','2018\\07\\23\\56051ed944231c3a3a989ae1e81db0395a2113ff.wav','2018\\07\\23\\56051ed944231c3a3a989ae1e81db0395a2113ff.pcm','./data/audio/audio-wVT0lDJuetlszuvZx5abVwS6VFRu0VTy-2547','2018-07-23 16:47:30'),('56224792a739e9e9c36604bbe210ffb357bdea4f','2018\\07\\30\\56224792a739e9e9c36604bbe210ffb357bdea4f.wav','2018\\07\\30\\56224792a739e9e9c36604bbe210ffb357bdea4f.pcm','./data/audio/audio-mCzFiU2nW5Nf53YRuUcKGbJMjdst1bUa-3980','2018-07-30 16:03:50'),('5738a429e322cce6405ab55874b9265664a94797','2018\\07\\10\\5738a429e322cce6405ab55874b9265664a94797.wav','2018\\07\\10\\5738a429e322cce6405ab55874b9265664a94797.pcm','14','2018-07-10 21:49:11'),('57460c0597cc7c563f37d1f229aa1df05417fb74','2018\\07\\21\\57460c0597cc7c563f37d1f229aa1df05417fb74.wav','2018\\07\\21\\57460c0597cc7c563f37d1f229aa1df05417fb74.pcm','F23','2018-07-21 14:32:01'),('575afa2b6d91d8c7637d8a1f68e8a90a3f835da0','2018\\07\\23\\575afa2b6d91d8c7637d8a1f68e8a90a3f835da0.wav','2018\\07\\23\\575afa2b6d91d8c7637d8a1f68e8a90a3f835da0.pcm','./data/audio/audio-fhgWNNcvvQh03YVMjm3E4IT6UzzuHIRr-1962','2018-07-23 16:00:58'),('57e4e34854f760d891612f229e1a517576c79f2f','2018\\07\\20\\57e4e34854f760d891612f229e1a517576c79f2f.wav','2018\\07\\20\\57e4e34854f760d891612f229e1a517576c79f2f.pcm','D1','2018-07-20 18:12:14'),('57f0717ff9e7b97e0b8bd186272f1822f8ecb1dc','2018\\07\\20\\57f0717ff9e7b97e0b8bd186272f1822f8ecb1dc.wav','2018\\07\\20\\57f0717ff9e7b97e0b8bd186272f1822f8ecb1dc.pcm','F19','2018-07-20 21:19:33'),('590039d2aa47750279a98e58f2298b94e1ec0283','2018\\07\\21\\590039d2aa47750279a98e58f2298b94e1ec0283.wav','2018\\07\\21\\590039d2aa47750279a98e58f2298b94e1ec0283.pcm','./data/audio/audio-WFm9XxdMe2gCxieXzw9gTWV8ZK6M2bOz-1934','2018-07-21 20:39:18'),('5915eaa0a700f815269be005e8de3b617ac03a59','2018\\07\\27\\5915eaa0a700f815269be005e8de3b617ac03a59.wav','2018\\07\\27\\5915eaa0a700f815269be005e8de3b617ac03a59.pcm','./data/audio/audio-NtFgqFIhtXQdSkeAqsKg2Xx85MmLf1wA-2659','2018-07-27 16:43:06'),('598418e7a34ff890d88cdeef5d3b7a7921153dfd','2018\\07\\30\\598418e7a34ff890d88cdeef5d3b7a7921153dfd.wav','2018\\07\\30\\598418e7a34ff890d88cdeef5d3b7a7921153dfd.pcm','./data/audio/audio-dNKEHeveNCBXORUoaitlB4P8ReqgtPKZ-2825','2018-07-30 16:11:01'),('5997a8fff399cd6c38067a8eeb2c791347fba603','2018\\07\\19\\5997a8fff399cd6c38067a8eeb2c791347fba603.wav','2018\\07\\19\\5997a8fff399cd6c38067a8eeb2c791347fba603.pcm','7','2018-07-19 21:44:31'),('59bff617a0b9827510c89d4c2e70e8f0734875e2','2018\\07\\24\\59bff617a0b9827510c89d4c2e70e8f0734875e2.wav','2018\\07\\24\\59bff617a0b9827510c89d4c2e70e8f0734875e2.pcm','./data/audio/audio-RMLMFnCW89P3yRz7PzQZsWXT6B0ZsQh0-2916','2018-07-24 22:47:09'),('5a5ae8a795da7e6576f08375b65caaed953ccf1f','2018\\07\\27\\5a5ae8a795da7e6576f08375b65caaed953ccf1f.wav','2018\\07\\27\\5a5ae8a795da7e6576f08375b65caaed953ccf1f.pcm','./data/audio/audio-zc3s3iqynemvHCeU2RGkrJ1O1hVQ6u5a-1981','2018-07-27 18:31:19'),('5a6f755d0464c89c665fb18dc227ff13a188126e','2018\\07\\30\\5a6f755d0464c89c665fb18dc227ff13a188126e.wav','2018\\07\\30\\5a6f755d0464c89c665fb18dc227ff13a188126e.pcm','./data/audio/audio-dNKEHeveNCBXORUoaitlB4P8ReqgtPKZ-1631','2018-07-30 16:11:01'),('5aab1273ed171b5d8a6d7d717877d2c886d4280b','2018\\07\\23\\5aab1273ed171b5d8a6d7d717877d2c886d4280b.wav','2018\\07\\23\\5aab1273ed171b5d8a6d7d717877d2c886d4280b.pcm','./data/audio/audio-kYLMlV61BJZC5Cd2D4c17QnloHWnXhhB-1592','2018-07-23 15:38:14'),('5b697f34877eaa4b53f9c04ccd8615c3846668d6','2018\\07\\23\\5b697f34877eaa4b53f9c04ccd8615c3846668d6.wav','2018\\07\\23\\5b697f34877eaa4b53f9c04ccd8615c3846668d6.pcm','./data/audio/audio-3WaejldK6DCGoC9BfVd9QRkU6Sjl5WVk-2212','2018-07-23 18:43:05'),('5bb99bde55864a2e6daf01ecd0bdbe2965a7976e','2018\\07\\27\\5bb99bde55864a2e6daf01ecd0bdbe2965a7976e.wav','2018\\07\\27\\5bb99bde55864a2e6daf01ecd0bdbe2965a7976e.pcm','./data/audio/audio-zc3s3iqynemvHCeU2RGkrJ1O1hVQ6u5a-3747','2018-07-27 18:31:19'),('5c15880afcc21667e8d9e52b208f75e80e5ce323','2018\\07\\23\\5c15880afcc21667e8d9e52b208f75e80e5ce323.wav','2018\\07\\23\\5c15880afcc21667e8d9e52b208f75e80e5ce323.pcm','./data/audio/audio-3WaejldK6DCGoC9BfVd9QRkU6Sjl5WVk-2735','2018-07-23 18:43:05'),('5c4f911fbefc1787c63f03407386116502630506','2018\\07\\20\\5c4f911fbefc1787c63f03407386116502630506.wav','2018\\07\\20\\5c4f911fbefc1787c63f03407386116502630506.pcm','3','2018-07-20 11:33:50'),('5cf624717b30dba7b22b62161732a30005493c11','2018\\07\\10\\5cf624717b30dba7b22b62161732a30005493c11.wav','2018\\07\\10\\5cf624717b30dba7b22b62161732a30005493c11.pcm','24','2018-07-10 22:53:08'),('5d107ea1d4a433462e48916bca9422c9e6db55a3','2018\\07\\20\\5d107ea1d4a433462e48916bca9422c9e6db55a3.wav','2018\\07\\20\\5d107ea1d4a433462e48916bca9422c9e6db55a3.pcm','F3','2018-07-20 20:45:37'),('5dd738ce16a37365fb37425c714fed7a9e36c2ed','2018\\07\\27\\5dd738ce16a37365fb37425c714fed7a9e36c2ed.wav','2018\\07\\27\\5dd738ce16a37365fb37425c714fed7a9e36c2ed.pcm','./data/audio/audio-u1nehLXA7tMxleRNgmylM5So8o5cZhjW-2037','2018-07-27 17:22:37'),('5e4cf1d10f0548a841bd373af1e5c5aa23f68b6d','2018\\07\\21\\5e4cf1d10f0548a841bd373af1e5c5aa23f68b6d.wav','2018\\07\\21\\5e4cf1d10f0548a841bd373af1e5c5aa23f68b6d.pcm','./data/audio/audio-NnMxMBgGRg3wNc6wPszlDE5HVjxuhNpU-2062','2018-07-21 22:56:08'),('5e9487fe6b9477780cfe94cf2277863d484c4601','2018\\07\\20\\5e9487fe6b9477780cfe94cf2277863d484c4601.wav','2018\\07\\20\\5e9487fe6b9477780cfe94cf2277863d484c4601.pcm','F8','2018-07-20 20:53:29'),('5f81ee37b4646d842d2de98b17c7c4df3f964195','2018\\07\\30\\5f81ee37b4646d842d2de98b17c7c4df3f964195.wav','2018\\07\\30\\5f81ee37b4646d842d2de98b17c7c4df3f964195.pcm','./data/audio/audio-KjL33rFviho9DxtjJSuKezw6erJNHtSj-2862','2018-07-30 15:30:29'),('608df84ba67e12c512fae5002ab9fad2f27714c7','2018\\07\\10\\608df84ba67e12c512fae5002ab9fad2f27714c7.wav','2018\\07\\10\\608df84ba67e12c512fae5002ab9fad2f27714c7.pcm','12','2018-07-10 20:53:20'),('60da8e47c0cd59b7922330fa4fd4b739b01c967f','2018\\07\\26\\60da8e47c0cd59b7922330fa4fd4b739b01c967f.wav','2018\\07\\26\\60da8e47c0cd59b7922330fa4fd4b739b01c967f.pcm','./data/audio/audio-iiI5kKYRmXrhlyzCRjWUI33YYzMybot4-758','2018-07-26 22:22:59'),('60eb084ca4e57869a6c35ffbb42a4e26631751d2','2018\\07\\27\\60eb084ca4e57869a6c35ffbb42a4e26631751d2.wav','2018\\07\\27\\60eb084ca4e57869a6c35ffbb42a4e26631751d2.pcm','./data/audio/audio-u1nehLXA7tMxleRNgmylM5So8o5cZhjW-2612','2018-07-27 17:22:38'),('6293bb34d5085cc5b5e327ad218966d2e0a9b52c','2018\\07\\24\\6293bb34d5085cc5b5e327ad218966d2e0a9b52c.wav','2018\\07\\24\\6293bb34d5085cc5b5e327ad218966d2e0a9b52c.pcm','./data/audio/audio-YvcO518j5hfvrdQyXQlR5N6Sy0Cqzu1G-98','2018-07-24 22:49:06'),('6296c558fac5feeed9490b0704b20e0e7789e934','2018\\07\\20\\6296c558fac5feeed9490b0704b20e0e7789e934.wav','2018\\07\\20\\6296c558fac5feeed9490b0704b20e0e7789e934.pcm','F10','2018-07-20 20:59:40'),('65383b149db9d58ffe2c5df344b7dee21f6341cd','2018\\07\\28\\65383b149db9d58ffe2c5df344b7dee21f6341cd.wav','2018\\07\\28\\65383b149db9d58ffe2c5df344b7dee21f6341cd.pcm','./data/audio/audio-rYPlXqht7JHH8dhbc6Kb6TC2UgSBLHyd-1099','2018-07-28 18:36:01'),('657806cb81e7da55000dd680a2878ba1ce63f89f','2018\\07\\23\\657806cb81e7da55000dd680a2878ba1ce63f89f.wav','2018\\07\\23\\657806cb81e7da55000dd680a2878ba1ce63f89f.pcm','./data/audio/audio-QR6fPi2dYpH259VckyPt121pn4nHjw5Y-3132','2018-07-23 10:34:07'),('659a42ff11e8ea80ca4306600d5200666f77b39b','2018\\07\\27\\659a42ff11e8ea80ca4306600d5200666f77b39b.wav','2018\\07\\27\\659a42ff11e8ea80ca4306600d5200666f77b39b.pcm','./data/audio/audio-zc3s3iqynemvHCeU2RGkrJ1O1hVQ6u5a-2489','2018-07-27 18:31:19'),('6609403a3f011552007c6769d78215b0aacbaf09','2018\\07\\27\\6609403a3f011552007c6769d78215b0aacbaf09.wav','2018\\07\\27\\6609403a3f011552007c6769d78215b0aacbaf09.pcm','./data/audio/audio-FGgHZ0VieCQdEmovR3HUklQBk1n0e3Lf-2189','2018-07-27 16:10:09'),('66119d053dd693808ebba7dc12ac9ac4e3ddf798','2018\\07\\23\\66119d053dd693808ebba7dc12ac9ac4e3ddf798.wav','2018\\07\\23\\66119d053dd693808ebba7dc12ac9ac4e3ddf798.pcm','./data/audio/audio-FAdsHwVdJubGsMTjkbFZTd3aOx1bIdYM-3155','2018-07-23 15:49:49'),('663267281d3b41e593448abdc252c797a1786e57','2018\\07\\27\\663267281d3b41e593448abdc252c797a1786e57.wav','2018\\07\\27\\663267281d3b41e593448abdc252c797a1786e57.pcm','./data/audio/audio-VedWdy70CAKrZItSTnywObUFc9pawH5X-1933','2018-07-27 19:06:15'),('66642825b57aabc06ab17a429790e514bbc7338a','2018\\08\\03\\66642825b57aabc06ab17a429790e514bbc7338a.wav','2018\\08\\03\\66642825b57aabc06ab17a429790e514bbc7338a.pcm','audio-2ZuTShSnAJVYLtaBI7GGCyxhQkTD867d-4434','2018-08-03 22:13:54'),('668139aec9e9bcaf9cef3d856e8d53015e4f3525','2018\\07\\23\\668139aec9e9bcaf9cef3d856e8d53015e4f3525.wav','2018\\07\\23\\668139aec9e9bcaf9cef3d856e8d53015e4f3525.pcm','./data/audio/audio-wVT0lDJuetlszuvZx5abVwS6VFRu0VTy-1301','2018-07-23 16:47:30'),('67c37f337876a84aafb70800e39c5a39a0b8e481','2018\\07\\21\\67c37f337876a84aafb70800e39c5a39a0b8e481.wav','2018\\07\\21\\67c37f337876a84aafb70800e39c5a39a0b8e481.pcm','./data/audio/audio-NnMxMBgGRg3wNc6wPszlDE5HVjxuhNpU-1761','2018-07-21 22:56:08'),('688fe966d6ffe68ec58b8156f91e4505365c3ab6','2018\\07\\10\\688fe966d6ffe68ec58b8156f91e4505365c3ab6.wav','2018\\07\\10\\688fe966d6ffe68ec58b8156f91e4505365c3ab6.pcm','19','2018-07-10 22:41:13'),('69190c2543f39e062557d9e703724eb7ba69ba00','2018\\07\\30\\69190c2543f39e062557d9e703724eb7ba69ba00.wav','2018\\07\\30\\69190c2543f39e062557d9e703724eb7ba69ba00.pcm','./data/audio/audio-3EEXbBmkvtmna6H1f9oX7ZegQjfO3G5P-2291','2018-07-30 15:21:54'),('692e41f2a1f6010b350a5b69b1a64650012409d6','2018\\07\\10\\692e41f2a1f6010b350a5b69b1a64650012409d6.wav','2018\\07\\10\\692e41f2a1f6010b350a5b69b1a64650012409d6.pcm','35','2018-07-10 21:53:42'),('6950555b317ebcd0759e3e4750af3623d8878534','2018\\07\\23\\6950555b317ebcd0759e3e4750af3623d8878534.wav','2018\\07\\23\\6950555b317ebcd0759e3e4750af3623d8878534.pcm','./data/audio/audio-gNmKPOIrNjqOZfprPKKhN1oQN3BRGel6-4341','2018-07-23 18:17:11'),('698f898b0b6e067af0228a3835b23797f200437a','2018\\07\\21\\698f898b0b6e067af0228a3835b23797f200437a.wav','2018\\07\\21\\698f898b0b6e067af0228a3835b23797f200437a.pcm','./data/audio/audio-QXdgkx1iA4hwWEOAdoLnGBdCN2ORoq39-2739','2018-07-21 23:19:00'),('69d11951d71ec955de2d92effac56779c6f29657','2018\\07\\28\\69d11951d71ec955de2d92effac56779c6f29657.wav','2018\\07\\28\\69d11951d71ec955de2d92effac56779c6f29657.pcm','./data/audio/audio-eMyG6Thb4ujEryzfZB4ARuDmZ1iLIstQ-3009','2018-07-28 18:34:27'),('6bcc08934c959326ca6b49769b0eba8d08fcaa5d','2018\\07\\23\\6bcc08934c959326ca6b49769b0eba8d08fcaa5d.wav','2018\\07\\23\\6bcc08934c959326ca6b49769b0eba8d08fcaa5d.pcm','./data/audio/audio-z0g6vhLnXIVYgaS55NyrH7atk3Hy2AgV-3418','2018-07-23 16:28:04'),('6be92bb52b0cc7e17e09c629b52fdd3704a94033','2018\\07\\27\\6be92bb52b0cc7e17e09c629b52fdd3704a94033.wav','2018\\07\\27\\6be92bb52b0cc7e17e09c629b52fdd3704a94033.pcm','./data/audio/audio-NtFgqFIhtXQdSkeAqsKg2Xx85MmLf1wA-1802','2018-07-27 16:43:06'),('6c2f69d4432947a9dc28553fda1aae015e823fce','2018\\07\\20\\6c2f69d4432947a9dc28553fda1aae015e823fce.wav','2018\\07\\20\\6c2f69d4432947a9dc28553fda1aae015e823fce.pcm','F24','2018-07-20 21:32:49'),('6df848122e9ab0d3c1abc95fe4aad50611281086','2018\\07\\20\\6df848122e9ab0d3c1abc95fe4aad50611281086.wav','2018\\07\\20\\6df848122e9ab0d3c1abc95fe4aad50611281086.pcm','30','2018-07-20 13:39:37'),('6ec3873420d55a3e4e315daebf858256b8a1881d','2018\\07\\21\\6ec3873420d55a3e4e315daebf858256b8a1881d.wav','2018\\07\\21\\6ec3873420d55a3e4e315daebf858256b8a1881d.pcm','./data/audio/audio-NnMxMBgGRg3wNc6wPszlDE5HVjxuhNpU-1054','2018-07-21 22:56:08'),('6ecbeb01ce004ac92084863a2c10e9eacfe7b377','2018\\07\\27\\6ecbeb01ce004ac92084863a2c10e9eacfe7b377.wav','2018\\07\\27\\6ecbeb01ce004ac92084863a2c10e9eacfe7b377.pcm','./data/audio/audio-whvinPj0oz3UvW9xK7PnRv3uBwFaX6pQ-2229','2018-07-27 16:28:48'),('6f680d09fecaa7c39d2fa6a307985ab76824273b','2018\\07\\20\\6f680d09fecaa7c39d2fa6a307985ab76824273b.wav','2018\\07\\20\\6f680d09fecaa7c39d2fa6a307985ab76824273b.pcm','B1','2018-07-20 17:30:09'),('7121a9b105d2e25afb7269bdd8152fde7b2d88c3','2018\\07\\21\\7121a9b105d2e25afb7269bdd8152fde7b2d88c3.wav','2018\\07\\21\\7121a9b105d2e25afb7269bdd8152fde7b2d88c3.pcm','./data/audio/audio-oBINRDERfepb00oQp1FVqgjBYF0KIDZA-1837','2018-07-21 23:03:40'),('715ced6a63b22c05a335bfd062d13c3c913dec6f','2018\\07\\27\\715ced6a63b22c05a335bfd062d13c3c913dec6f.wav','2018\\07\\27\\715ced6a63b22c05a335bfd062d13c3c913dec6f.pcm','./data/audio/audio-Cnr1UuFV6qZdtqA9k0NYmVE40zGs5YrW-1125','2018-07-27 17:05:59'),('71832c1c57bd4424da03678b95efbb551af6c9ff','2018\\07\\20\\71832c1c57bd4424da03678b95efbb551af6c9ff.wav','2018\\07\\20\\71832c1c57bd4424da03678b95efbb551af6c9ff.pcm','37','2018-07-20 13:44:01'),('725b72b594fb4258a62fae9b5b21dd73e5b916c7','2018\\07\\27\\725b72b594fb4258a62fae9b5b21dd73e5b916c7.wav','2018\\07\\27\\725b72b594fb4258a62fae9b5b21dd73e5b916c7.pcm','./data/audio/audio-whvinPj0oz3UvW9xK7PnRv3uBwFaX6pQ-1769','2018-07-27 16:28:48'),('72f0b9b9dbb7b2e53c877ad7086bbfc9eda01d6a','2018\\07\\23\\72f0b9b9dbb7b2e53c877ad7086bbfc9eda01d6a.wav','2018\\07\\23\\72f0b9b9dbb7b2e53c877ad7086bbfc9eda01d6a.pcm','./data/audio/audio-6eV0E3PkagxekHt0PsxWooMJc2mYYmbR-999','2018-07-23 15:56:59'),('73a2b28b2a1d79d202d88ac4fa1ef184261571e1','2018\\07\\27\\73a2b28b2a1d79d202d88ac4fa1ef184261571e1.wav','2018\\07\\27\\73a2b28b2a1d79d202d88ac4fa1ef184261571e1.pcm','./data/audio/audio-FGgHZ0VieCQdEmovR3HUklQBk1n0e3Lf-1619','2018-07-27 16:10:09'),('73c70c631b2f6ba0584a1e16e6d247cd04820300','2018\\07\\25\\73c70c631b2f6ba0584a1e16e6d247cd04820300.wav','2018\\07\\25\\73c70c631b2f6ba0584a1e16e6d247cd04820300.pcm','./data/audio/audio-uZ8N4SJXkZ11wDwyesGE5F9t3xRPABvD-1946','2018-07-25 16:24:00'),('74549cadf38f39ff2da102aa08a0652fa712d09f','2018\\07\\30\\74549cadf38f39ff2da102aa08a0652fa712d09f.wav','2018\\07\\30\\74549cadf38f39ff2da102aa08a0652fa712d09f.pcm','./data/audio/audio-PyBGQW2OqUjP7BUiJIqRTRIvPjSbORBu-2648','2018-07-30 15:51:55'),('74d608f7c5b86302d14d7455f1f74eadf59c4e71','2018\\07\\19\\74d608f7c5b86302d14d7455f1f74eadf59c4e71.wav','2018\\07\\19\\74d608f7c5b86302d14d7455f1f74eadf59c4e71.pcm','5','2018-07-19 21:30:43'),('755c2df917b949e81a6643e52d402517a281148b','2018\\07\\30\\755c2df917b949e81a6643e52d402517a281148b.wav','2018\\07\\30\\755c2df917b949e81a6643e52d402517a281148b.pcm','./data/audio/audio-3EEXbBmkvtmna6H1f9oX7ZegQjfO3G5P-1400','2018-07-30 15:21:54'),('75c12fc4228960e82a56df842aa67a1486ac0a45','2018\\07\\27\\75c12fc4228960e82a56df842aa67a1486ac0a45.wav','2018\\07\\27\\75c12fc4228960e82a56df842aa67a1486ac0a45.pcm','./data/audio/audio-xAIcXIvNMsC9aQU1ymqlD83ZaKuMj6LV-4082','2018-07-27 17:00:53'),('7650090a530808deade3e4383c9648554a688693','2018\\07\\27\\7650090a530808deade3e4383c9648554a688693.wav','2018\\07\\27\\7650090a530808deade3e4383c9648554a688693.pcm','./data/audio/audio-ngCOE5rvnMHClGoucd5Hsch1tveMKp6f-686','2018-07-27 13:29:48'),('7701d2226ea16b6dd809fe4be82f8fd41494cc8a','2018\\07\\23\\7701d2226ea16b6dd809fe4be82f8fd41494cc8a.wav','2018\\07\\23\\7701d2226ea16b6dd809fe4be82f8fd41494cc8a.pcm','./data/audio/audio-z0g6vhLnXIVYgaS55NyrH7atk3Hy2AgV-2785','2018-07-23 16:28:04'),('78604a29f091a43908dad6d543e213e4ac8d0e14','2018\\07\\20\\78604a29f091a43908dad6d543e213e4ac8d0e14.wav','2018\\07\\20\\78604a29f091a43908dad6d543e213e4ac8d0e14.pcm','F9','2018-07-20 20:55:41'),('78be12d4d7a4f6bda1867d4427bf95f95f07e8e8','2018\\07\\10\\78be12d4d7a4f6bda1867d4427bf95f95f07e8e8.wav','2018\\07\\10\\78be12d4d7a4f6bda1867d4427bf95f95f07e8e8.pcm','29','2018-07-10 23:01:22'),('78f67ebeb915b71287973b8df03594cb7614f0d5','2018\\07\\20\\78f67ebeb915b71287973b8df03594cb7614f0d5.wav','2018\\07\\20\\78f67ebeb915b71287973b8df03594cb7614f0d5.pcm','F2','2018-07-20 20:41:15'),('79a9fa8928e4ed39c9cb73f726932a61481ca710','2018\\07\\23\\79a9fa8928e4ed39c9cb73f726932a61481ca710.wav','2018\\07\\23\\79a9fa8928e4ed39c9cb73f726932a61481ca710.pcm','./data/audio/audio-xeA4Q4ebVZmYyPRW5XzWuzdNgrpSlCbp-2919','2018-07-23 18:22:22'),('7ac3ee387a3cdc56d34bf782d2a15972090e2b9d','2018\\07\\20\\7ac3ee387a3cdc56d34bf782d2a15972090e2b9d.wav','2018\\07\\20\\7ac3ee387a3cdc56d34bf782d2a15972090e2b9d.pcm','F28','2018-07-20 21:41:57'),('7aeb6224f5155c373bceddef5bed4c48e572a8ef','2018\\07\\28\\7aeb6224f5155c373bceddef5bed4c48e572a8ef.wav','2018\\07\\28\\7aeb6224f5155c373bceddef5bed4c48e572a8ef.pcm','./data/audio/audio-ilSlfa4OOKxq53uxdaE3byG2uTwcKwVG-3741','2018-07-28 18:30:26'),('7b0cc5a881ae817c6baf3ad96e8ee693b2fb94a7','2018\\07\\27\\7b0cc5a881ae817c6baf3ad96e8ee693b2fb94a7.wav','2018\\07\\27\\7b0cc5a881ae817c6baf3ad96e8ee693b2fb94a7.pcm','./data/audio/audio-zc3s3iqynemvHCeU2RGkrJ1O1hVQ6u5a-1354','2018-07-27 18:31:19'),('7cb518e2e44425f4e091489a10722bea0ae4bcf9','2018\\07\\10\\7cb518e2e44425f4e091489a10722bea0ae4bcf9.wav','2018\\07\\10\\7cb518e2e44425f4e091489a10722bea0ae4bcf9.pcm','9','2018-07-10 20:07:13'),('7d1e756178eeb9c611214ccd8f7168729ad387b0','2018\\07\\20\\7d1e756178eeb9c611214ccd8f7168729ad387b0.wav','2018\\07\\20\\7d1e756178eeb9c611214ccd8f7168729ad387b0.pcm','F7','2018-07-20 20:52:33'),('7e328a7b24bdf1bc5a610d6bcb708b784fbd9ae9','2018\\07\\25\\7e328a7b24bdf1bc5a610d6bcb708b784fbd9ae9.wav','2018\\07\\25\\7e328a7b24bdf1bc5a610d6bcb708b784fbd9ae9.pcm','./data/audio/audio-uZ8N4SJXkZ11wDwyesGE5F9t3xRPABvD-2806','2018-07-25 16:24:00'),('7ef8dd6e6e09883030350bbe9f39f651995e912d','2018\\07\\19\\7ef8dd6e6e09883030350bbe9f39f651995e912d.wav','2018\\07\\19\\7ef8dd6e6e09883030350bbe9f39f651995e912d.pcm','19','2018-07-19 22:12:54'),('7f71e2fd606d20531fd89c7c394f7303eba79af9','2018\\07\\20\\7f71e2fd606d20531fd89c7c394f7303eba79af9.wav','2018\\07\\20\\7f71e2fd606d20531fd89c7c394f7303eba79af9.pcm','F13','2018-07-20 21:04:30'),('807cf2e89d9818185c138de3a8db527fbcaa75a6','2018\\07\\10\\807cf2e89d9818185c138de3a8db527fbcaa75a6.wav','2018\\07\\10\\807cf2e89d9818185c138de3a8db527fbcaa75a6.pcm','22','2018-07-10 22:48:31'),('8105557324cc317df546360f4787ffa47c9c8460','2018\\07\\30\\8105557324cc317df546360f4787ffa47c9c8460.wav','2018\\07\\30\\8105557324cc317df546360f4787ffa47c9c8460.pcm','./data/audio/audio-J8r3Y0PcCY441oysjigEAtKHHloap1RE-1897','2018-07-30 20:33:59'),('8141dbcc261062a04b123a9ce5894dc8acb1fb0c','2018\\07\\10\\8141dbcc261062a04b123a9ce5894dc8acb1fb0c.wav','2018\\07\\10\\8141dbcc261062a04b123a9ce5894dc8acb1fb0c.pcm','18','2018-07-10 22:39:34'),('832828e51a353bd68a132153bc1c1fab481c00c2','2018\\07\\27\\832828e51a353bd68a132153bc1c1fab481c00c2.wav','2018\\07\\27\\832828e51a353bd68a132153bc1c1fab481c00c2.pcm','./data/audio/audio-NtFgqFIhtXQdSkeAqsKg2Xx85MmLf1wA-3084','2018-07-27 16:43:07'),('843343ec0694f1c4c472a001968fc4c8d875f8fc','2018\\07\\10\\843343ec0694f1c4c472a001968fc4c8d875f8fc.wav','2018\\07\\10\\843343ec0694f1c4c472a001968fc4c8d875f8fc.pcm','3','2018-07-10 20:12:57'),('85c66ef7c024300350ed40a9f3a3a0f411a41699','2018\\07\\23\\85c66ef7c024300350ed40a9f3a3a0f411a41699.wav','2018\\07\\23\\85c66ef7c024300350ed40a9f3a3a0f411a41699.pcm','./data/audio/audio-l5eV9KqI91ZHNgYb380UPfp0qSoAnyRc-966','2018-07-23 16:57:14'),('864feb3e57247e11bd8b5e90a4735a72dbacc85a','2018\\07\\20\\864feb3e57247e11bd8b5e90a4735a72dbacc85a.wav','2018\\07\\20\\864feb3e57247e11bd8b5e90a4735a72dbacc85a.pcm','F18','2018-07-20 21:13:59'),('8716afd1ffdcfe67622c9a5c792507f7b130f4eb','2018\\07\\23\\8716afd1ffdcfe67622c9a5c792507f7b130f4eb.wav','2018\\07\\23\\8716afd1ffdcfe67622c9a5c792507f7b130f4eb.pcm','./data/audio/audio-8NR5Sbm2s8DRKUn20B4r1ZuM8egzK5HU-1015','2018-07-23 16:02:44'),('8801ffcf687b4266914b76e4aa2c5a67b365d094','2018\\07\\10\\8801ffcf687b4266914b76e4aa2c5a67b365d094.wav','2018\\07\\10\\8801ffcf687b4266914b76e4aa2c5a67b365d094.pcm','41','2018-07-10 22:20:02'),('884e2274d4d3a237873f28e81aa866770ea00ea6','2018\\07\\28\\884e2274d4d3a237873f28e81aa866770ea00ea6.wav','2018\\07\\28\\884e2274d4d3a237873f28e81aa866770ea00ea6.pcm','./data/audio/audio-4qUc05gItYOeZDXWYv6a2lpF24aSuQPq-8532','2018-07-28 18:53:15'),('888c84d0f42d07be1af5f9ef675de876fffd4abf','2018\\07\\20\\888c84d0f42d07be1af5f9ef675de876fffd4abf.wav','2018\\07\\20\\888c84d0f42d07be1af5f9ef675de876fffd4abf.pcm','F21','2018-07-20 21:22:45'),('89076025d95c8fcfb65c287b0e96f51480a4c905','2018\\07\\24\\89076025d95c8fcfb65c287b0e96f51480a4c905.wav','2018\\07\\24\\89076025d95c8fcfb65c287b0e96f51480a4c905.pcm','./data/audio/audio-2MmrMsfD1PZEBdzNLCrbv0d3gKZrSo6E-1012','2018-07-24 21:55:16'),('89805899ef77a319f4e0f71912c965bac5638ca6','2018\\07\\20\\89805899ef77a319f4e0f71912c965bac5638ca6.wav','2018\\07\\20\\89805899ef77a319f4e0f71912c965bac5638ca6.pcm','F17','2018-07-20 21:12:04'),('8989127427ff741e454f3f47d8a61ec14dd72c25','2018\\07\\23\\8989127427ff741e454f3f47d8a61ec14dd72c25.wav','2018\\07\\23\\8989127427ff741e454f3f47d8a61ec14dd72c25.pcm','./data/audio/audio-FAdsHwVdJubGsMTjkbFZTd3aOx1bIdYM-1800','2018-07-23 15:49:49'),('8a580bf6b0ac2e5c25665cc38cb4e296b2afe02d','2018\\07\\24\\8a580bf6b0ac2e5c25665cc38cb4e296b2afe02d.wav','2018\\07\\24\\8a580bf6b0ac2e5c25665cc38cb4e296b2afe02d.pcm','./data/audio/audio-idSEkQ1nAqPrQiIwQbNtj1OCsRKzPXOy-307','2018-07-24 22:23:19'),('8a9499facb5c409f4c39e46a008110fcedf0c0ef','2018\\07\\30\\8a9499facb5c409f4c39e46a008110fcedf0c0ef.wav','2018\\07\\30\\8a9499facb5c409f4c39e46a008110fcedf0c0ef.pcm','./data/audio/audio-KjL33rFviho9DxtjJSuKezw6erJNHtSj-866','2018-07-30 15:30:29'),('8aa5f6b9091bbb013c81abf83d5897e1d5cf3d5b','2018\\07\\21\\8aa5f6b9091bbb013c81abf83d5897e1d5cf3d5b.wav','2018\\07\\21\\8aa5f6b9091bbb013c81abf83d5897e1d5cf3d5b.pcm','E2','2018-07-21 11:14:33'),('8abc214b2631332051c85d6776518c54e5489723','2018\\07\\21\\8abc214b2631332051c85d6776518c54e5489723.wav','2018\\07\\21\\8abc214b2631332051c85d6776518c54e5489723.pcm','F38','2018-07-21 14:54:44'),('8bb2cd363db2bfcc6a8387b94750d166f09b65b2','2018\\07\\27\\8bb2cd363db2bfcc6a8387b94750d166f09b65b2.wav','2018\\07\\27\\8bb2cd363db2bfcc6a8387b94750d166f09b65b2.pcm','./data/audio/audio-qtqro15jReDgmMyncI8reAy77t3Nc61t-765','2018-07-27 16:34:06'),('8d1309420f2ea075f9ebf8f12e7f44b485238b96','2018\\07\\20\\8d1309420f2ea075f9ebf8f12e7f44b485238b96.wav','2018\\07\\20\\8d1309420f2ea075f9ebf8f12e7f44b485238b96.pcm','F27','2018-07-20 21:40:33'),('8d614534717e27ec44040cfdb85fe310cc1ed822','2018\\07\\23\\8d614534717e27ec44040cfdb85fe310cc1ed822.wav','2018\\07\\23\\8d614534717e27ec44040cfdb85fe310cc1ed822.pcm','./data/audio/audio-3WaejldK6DCGoC9BfVd9QRkU6Sjl5WVk-1222','2018-07-23 18:43:05'),('8d614925e6c255a0ff55c21380aee1359545fbd3','2018\\07\\30\\8d614925e6c255a0ff55c21380aee1359545fbd3.wav','2018\\07\\30\\8d614925e6c255a0ff55c21380aee1359545fbd3.pcm','./data/audio/audio-PyBGQW2OqUjP7BUiJIqRTRIvPjSbORBu-1601','2018-07-30 15:51:55'),('8dd0c34982fa9ea3487be35098517490c59b52ad','2018\\07\\10\\8dd0c34982fa9ea3487be35098517490c59b52ad.wav','2018\\07\\10\\8dd0c34982fa9ea3487be35098517490c59b52ad.pcm','5','2018-07-10 21:20:57'),('8e8b6e47b592b6c3a85ae4cf3efb10e16303dca1','2018\\07\\23\\8e8b6e47b592b6c3a85ae4cf3efb10e16303dca1.wav','2018\\07\\23\\8e8b6e47b592b6c3a85ae4cf3efb10e16303dca1.pcm','./data/audio/audio-gNmKPOIrNjqOZfprPKKhN1oQN3BRGel6-2747','2018-07-23 18:17:11'),('8ef1fc0ed69a8a4919ecaa1973636a8876f09246','2018\\07\\27\\8ef1fc0ed69a8a4919ecaa1973636a8876f09246.wav','2018\\07\\27\\8ef1fc0ed69a8a4919ecaa1973636a8876f09246.pcm','./data/audio/audio-ngCOE5rvnMHClGoucd5Hsch1tveMKp6f-3129','2018-07-27 13:29:49'),('8f74070c5d5847a5bc605ccbd82f1f463e72b518','2018\\07\\23\\8f74070c5d5847a5bc605ccbd82f1f463e72b518.wav','2018\\07\\23\\8f74070c5d5847a5bc605ccbd82f1f463e72b518.pcm','./data/audio/audio-qd2rd4ZHQ2XurDfnxoQeO4a8MIYdauZc-1554','2018-07-23 15:55:43'),('90f10562dbc6767e4dc0236ad25d7612b3beec1c','2018\\07\\20\\90f10562dbc6767e4dc0236ad25d7612b3beec1c.wav','2018\\07\\20\\90f10562dbc6767e4dc0236ad25d7612b3beec1c.pcm','43','2018-07-20 13:45:01'),('92b02de94ece36ba634000ea645906d07655a79a','2018\\07\\20\\92b02de94ece36ba634000ea645906d07655a79a.wav','2018\\07\\20\\92b02de94ece36ba634000ea645906d07655a79a.pcm','47','2018-07-20 13:45:46'),('9307a54392b7f304e14df7b879fba72509bbd34a','2018\\07\\23\\9307a54392b7f304e14df7b879fba72509bbd34a.wav','2018\\07\\23\\9307a54392b7f304e14df7b879fba72509bbd34a.pcm','./data/audio/audio-FAdsHwVdJubGsMTjkbFZTd3aOx1bIdYM-1096','2018-07-23 15:49:49'),('93b4606fe4cb1d9b39ea59efd4cf4033c512f52b','2018\\07\\30\\93b4606fe4cb1d9b39ea59efd4cf4033c512f52b.wav','2018\\07\\30\\93b4606fe4cb1d9b39ea59efd4cf4033c512f52b.pcm','./data/audio/audio-mCzFiU2nW5Nf53YRuUcKGbJMjdst1bUa-2207','2018-07-30 16:03:50'),('941755acecac4f8a16385b4075a2642fcbbbe1f2','2018\\07\\30\\941755acecac4f8a16385b4075a2642fcbbbe1f2.wav','2018\\07\\30\\941755acecac4f8a16385b4075a2642fcbbbe1f2.pcm','./data/audio/audio-2dYVie98juCOYUMJNjSGtxCyH3uzbJ8h-1326','2018-07-30 15:53:06'),('975a69eacb009454bd55431b613e83ecd5ef231b','2018\\07\\21\\975a69eacb009454bd55431b613e83ecd5ef231b.wav','2018\\07\\21\\975a69eacb009454bd55431b613e83ecd5ef231b.pcm','C2','2018-07-21 10:58:57'),('97a3f51534d966a0dffc727376fc8cad24457ffd','2018\\07\\20\\97a3f51534d966a0dffc727376fc8cad24457ffd.wav','2018\\07\\20\\97a3f51534d966a0dffc727376fc8cad24457ffd.pcm','F25','2018-07-20 21:33:21'),('986088eecf385b6becdb890fd1174cd7dd0641ff','2018\\07\\30\\986088eecf385b6becdb890fd1174cd7dd0641ff.wav','2018\\07\\30\\986088eecf385b6becdb890fd1174cd7dd0641ff.pcm','D1','2018-07-30 16:00:31'),('99ae47e3ef724eac9b53c4c39f7c2c4f181af862','2018\\07\\21\\99ae47e3ef724eac9b53c4c39f7c2c4f181af862.wav','2018\\07\\21\\99ae47e3ef724eac9b53c4c39f7c2c4f181af862.pcm','F29','2018-07-21 11:33:01'),('9a32b9cdd8e18cd09d262a7563b33f241ed4de1c','2018\\07\\30\\9a32b9cdd8e18cd09d262a7563b33f241ed4de1c.wav','2018\\07\\30\\9a32b9cdd8e18cd09d262a7563b33f241ed4de1c.pcm','./data/audio/audio-nfKTfrWiI7UJZ2dCKoaenKsy61agazAR-715','2018-07-30 13:04:59'),('9a99e77ca91955d61ef0694486b50b5b81d941a4','2018\\07\\27\\9a99e77ca91955d61ef0694486b50b5b81d941a4.wav','2018\\07\\27\\9a99e77ca91955d61ef0694486b50b5b81d941a4.pcm','./data/audio/audio-nr4vJVTqh8oRvHnf5a6hrzqFN8bXCjEq-954','2018-07-27 16:52:37'),('9b40fa546f38d8e1458b8826e5b67234293b1784','2018\\07\\27\\9b40fa546f38d8e1458b8826e5b67234293b1784.wav','2018\\07\\27\\9b40fa546f38d8e1458b8826e5b67234293b1784.pcm','./data/audio/audio-qtqro15jReDgmMyncI8reAy77t3Nc61t-1615','2018-07-27 16:34:06'),('9b7365b135695b9b167d8689166558de1cbc7a20','2018\\07\\28\\9b7365b135695b9b167d8689166558de1cbc7a20.wav','2018\\07\\28\\9b7365b135695b9b167d8689166558de1cbc7a20.pcm','./data/audio/audio-BuOZrv8IZVz5ObiwMFTpWHbesbiOV2IQ-8100','2018-07-28 18:06:48'),('9bd8eda6f839baa61bfe5f055e85c41945891c8c','2018\\07\\21\\9bd8eda6f839baa61bfe5f055e85c41945891c8c.wav','2018\\07\\21\\9bd8eda6f839baa61bfe5f055e85c41945891c8c.pcm','./data/audio/audio-K52C1QfIevwCMB8FyDreVwTIHwkB0ucg-1985','2018-07-21 23:24:11'),('9e772505cbb815651e68a52facba54c15ca97080','2018\\07\\20\\9e772505cbb815651e68a52facba54c15ca97080.wav','2018\\07\\20\\9e772505cbb815651e68a52facba54c15ca97080.pcm','34','2018-07-20 13:43:29'),('9eb72d43a2c14a43d8f914ac7c21ab72559778e5','2018\\07\\28\\9eb72d43a2c14a43d8f914ac7c21ab72559778e5.wav','2018\\07\\28\\9eb72d43a2c14a43d8f914ac7c21ab72559778e5.pcm','./data/audio/audio-sNWGCagnSvXCC9M6koJ23wAzhrPhP67x-1087','2018-07-28 10:18:25'),('9f2b8573ce95452838c481c9c891d7e4f535f466','2018\\07\\27\\9f2b8573ce95452838c481c9c891d7e4f535f466.wav','2018\\07\\27\\9f2b8573ce95452838c481c9c891d7e4f535f466.pcm','./data/audio/audio-ngCOE5rvnMHClGoucd5Hsch1tveMKp6f-2111','2018-07-27 13:29:48'),('9fc69a9bf1d2539b648fd5a6ad5ec9c93e6f6d34','2018\\07\\23\\9fc69a9bf1d2539b648fd5a6ad5ec9c93e6f6d34.wav','2018\\07\\23\\9fc69a9bf1d2539b648fd5a6ad5ec9c93e6f6d34.pcm','./data/audio/audio-4O8OXNIy1F1qbFR2JftGJlbeKjinpxk3-1208','2018-07-23 16:21:26'),('a0d6983bba1e427851ed6e11c479b1f1e710d32a','2018\\07\\20\\a0d6983bba1e427851ed6e11c479b1f1e710d32a.wav','2018\\07\\20\\a0d6983bba1e427851ed6e11c479b1f1e710d32a.pcm','F11','2018-07-20 21:01:20'),('a214fed35f1fde60e366c5a3f65f7c1f994ee02d','2018\\07\\20\\a214fed35f1fde60e366c5a3f65f7c1f994ee02d.wav','2018\\07\\20\\a214fed35f1fde60e366c5a3f65f7c1f994ee02d.pcm','36','2018-07-20 13:43:45'),('a345e186acba22b7cbe921a81a7a6b125d1a955c','2018\\07\\23\\a345e186acba22b7cbe921a81a7a6b125d1a955c.wav','2018\\07\\23\\a345e186acba22b7cbe921a81a7a6b125d1a955c.pcm','./data/audio/audio-kYLMlV61BJZC5Cd2D4c17QnloHWnXhhB-3050','2018-07-23 15:38:14'),('a387788f641ecd2e98658b4f58404164661077b1','2018\\07\\20\\a387788f641ecd2e98658b4f58404164661077b1.wav','2018\\07\\20\\a387788f641ecd2e98658b4f58404164661077b1.pcm','F23','2018-07-20 21:29:50'),('a3db77708f484fcd622fefd7712442316ad3bc9e','2018\\08\\03\\a3db77708f484fcd622fefd7712442316ad3bc9e.wav','2018\\08\\03\\a3db77708f484fcd622fefd7712442316ad3bc9e.pcm','audio-3cKPpIAhOeJPN6P8lklKosJEPEivjwrM-710','2018-08-03 21:47:38'),('a44c5167b4e2342e0867ff36ccbdcb7e2731228a','2018\\07\\28\\a44c5167b4e2342e0867ff36ccbdcb7e2731228a.wav','2018\\07\\28\\a44c5167b4e2342e0867ff36ccbdcb7e2731228a.pcm','./data/audio/audio-0zv3ApbiFsvHRPR16TFbGBbVggBrHgF2-2453','2018-07-28 15:49:39'),('a5472025cb56a3437d3e08337ca0420fabeaefda','2018\\07\\19\\a5472025cb56a3437d3e08337ca0420fabeaefda.wav','2018\\07\\19\\a5472025cb56a3437d3e08337ca0420fabeaefda.pcm','35','2018-07-19 22:03:48'),('a54b8055088c787131ad1bad52504736d8c92ba6','2018\\07\\10\\a54b8055088c787131ad1bad52504736d8c92ba6.wav','2018\\07\\10\\a54b8055088c787131ad1bad52504736d8c92ba6.pcm','17','2018-07-10 22:37:29'),('a5ef3b79006c004700db32fe05ec95d0376ab58e','2018\\07\\30\\a5ef3b79006c004700db32fe05ec95d0376ab58e.wav','2018\\07\\30\\a5ef3b79006c004700db32fe05ec95d0376ab58e.pcm','./data/audio/audio-c6ESfCfmA71SVsnyURHPu01QeC28nVpx-1170','2018-07-30 20:28:18'),('a5f815548ca589be6253efc1c8c562ed3a814780','2018\\07\\10\\a5f815548ca589be6253efc1c8c562ed3a814780.wav','2018\\07\\10\\a5f815548ca589be6253efc1c8c562ed3a814780.pcm','23','2018-07-10 22:51:37'),('a6466a6cf51f96646affb75f478a107300d8523e','2018\\07\\23\\a6466a6cf51f96646affb75f478a107300d8523e.wav','2018\\07\\23\\a6466a6cf51f96646affb75f478a107300d8523e.pcm','./data/audio/audio-6eV0E3PkagxekHt0PsxWooMJc2mYYmbR-2589','2018-07-23 15:56:59'),('a6a7f4d62d764b65ccfa4b60132676d28752ab1a','2018\\07\\28\\a6a7f4d62d764b65ccfa4b60132676d28752ab1a.wav','2018\\07\\28\\a6a7f4d62d764b65ccfa4b60132676d28752ab1a.pcm','./data/audio/audio-ht528KgGbv6MXGUzQHPUp9oUgAowxqTt-730','2018-07-28 17:56:04'),('a74ec2821c5314b2a2851ee621d99b1f73976deb','2018\\07\\23\\a74ec2821c5314b2a2851ee621d99b1f73976deb.wav','2018\\07\\23\\a74ec2821c5314b2a2851ee621d99b1f73976deb.pcm','./data/audio/audio-QR6fPi2dYpH259VckyPt121pn4nHjw5Y-2794','2018-07-23 10:34:07'),('a79293a6d0bba9218b98d1eda1b19ea6c0451fbb','2018\\07\\20\\a79293a6d0bba9218b98d1eda1b19ea6c0451fbb.wav','2018\\07\\20\\a79293a6d0bba9218b98d1eda1b19ea6c0451fbb.pcm','A1','2018-07-20 17:20:27'),('a7e2e53b5b6c67273d104499b40656e2521d2444','2018\\07\\21\\a7e2e53b5b6c67273d104499b40656e2521d2444.wav','2018\\07\\21\\a7e2e53b5b6c67273d104499b40656e2521d2444.pcm','B1','2018-07-21 10:54:19'),('a8238f36a88bd63052bd023f481d73b94b25acac','2018\\07\\23\\a8238f36a88bd63052bd023f481d73b94b25acac.wav','2018\\07\\23\\a8238f36a88bd63052bd023f481d73b94b25acac.pcm','./data/audio/audio-EoppGvcl9BPU7CdedWk6WALPDEtXzcT1-1041','2018-07-23 15:43:59'),('a8ef15f9c252d215e3111c4ce433795667fa41dd','2018\\07\\23\\a8ef15f9c252d215e3111c4ce433795667fa41dd.wav','2018\\07\\23\\a8ef15f9c252d215e3111c4ce433795667fa41dd.pcm','./data/audio/audio-xeA4Q4ebVZmYyPRW5XzWuzdNgrpSlCbp-3487','2018-07-23 18:22:22'),('a9d673ec92ba5b08059dabd945d7cf3b44ea7887','2018\\07\\30\\a9d673ec92ba5b08059dabd945d7cf3b44ea7887.wav','2018\\07\\30\\a9d673ec92ba5b08059dabd945d7cf3b44ea7887.pcm','./data/audio/audio-3EEXbBmkvtmna6H1f9oX7ZegQjfO3G5P-698','2018-07-30 15:21:54'),('aa251477b43405e3c62a5aea5e57405d8b27d1d4','2018\\07\\20\\aa251477b43405e3c62a5aea5e57405d8b27d1d4.wav','2018\\07\\20\\aa251477b43405e3c62a5aea5e57405d8b27d1d4.pcm','F6','2018-07-20 20:49:42'),('aad2eef98082b983a86f8d6fddaa17942d691ed1','2018\\07\\24\\aad2eef98082b983a86f8d6fddaa17942d691ed1.wav','2018\\07\\24\\aad2eef98082b983a86f8d6fddaa17942d691ed1.pcm','./data/audio/audio-RMLMFnCW89P3yRz7PzQZsWXT6B0ZsQh0-5475','2018-07-24 22:47:10'),('ab02d4903b70e2ead08740534bf516715091c476','2018\\07\\30\\ab02d4903b70e2ead08740534bf516715091c476.wav','2018\\07\\30\\ab02d4903b70e2ead08740534bf516715091c476.pcm','./data/audio/audio-PyBGQW2OqUjP7BUiJIqRTRIvPjSbORBu-4394','2018-07-30 15:51:55'),('ab690baba7880babe64dc435d402b13b8871e3ec','2018\\07\\23\\ab690baba7880babe64dc435d402b13b8871e3ec.wav','2018\\07\\23\\ab690baba7880babe64dc435d402b13b8871e3ec.pcm','./data/audio/audio-z0g6vhLnXIVYgaS55NyrH7atk3Hy2AgV-1144','2018-07-23 16:28:04'),('ac8b6d7ed23ed35dbbce5f267ca957883f420830','2018\\07\\23\\ac8b6d7ed23ed35dbbce5f267ca957883f420830.wav','2018\\07\\23\\ac8b6d7ed23ed35dbbce5f267ca957883f420830.pcm','./data/audio/audio-Qijgxqkbk5SrhzTmG70Un4Q68X6wsTT5-3515','2018-07-23 16:23:57'),('ae97fac5f2eff71a4316e1f5d2f52a4a52f25084','2018\\07\\20\\ae97fac5f2eff71a4316e1f5d2f52a4a52f25084.wav','2018\\07\\20\\ae97fac5f2eff71a4316e1f5d2f52a4a52f25084.pcm','32','2018-07-20 13:40:14'),('aecfdd476ddddd96a2991352436d23855b8484d4','2018\\07\\28\\aecfdd476ddddd96a2991352436d23855b8484d4.wav','2018\\07\\28\\aecfdd476ddddd96a2991352436d23855b8484d4.pcm','./data/audio/audio-ht528KgGbv6MXGUzQHPUp9oUgAowxqTt-1661','2018-07-28 17:56:04'),('aefe2408a44b46497da8b7fd5a29a31b4ec30654','2018\\07\\20\\aefe2408a44b46497da8b7fd5a29a31b4ec30654.wav','2018\\07\\20\\aefe2408a44b46497da8b7fd5a29a31b4ec30654.pcm','F12','2018-07-20 21:03:08'),('b0564485338624f8f64c90476be5ceaf40acd982','2018\\07\\20\\b0564485338624f8f64c90476be5ceaf40acd982.wav','2018\\07\\20\\b0564485338624f8f64c90476be5ceaf40acd982.pcm','F29','2018-07-20 21:45:23'),('b06d3f8b6a94273b886d5e42e4c8e75280478b5d','2018\\07\\27\\b06d3f8b6a94273b886d5e42e4c8e75280478b5d.wav','2018\\07\\27\\b06d3f8b6a94273b886d5e42e4c8e75280478b5d.pcm','./data/audio/audio-NtFgqFIhtXQdSkeAqsKg2Xx85MmLf1wA-1252','2018-07-27 16:43:06'),('b07b77ba851d365252f89ec70ba45341eb84713a','2018\\07\\20\\b07b77ba851d365252f89ec70ba45341eb84713a.wav','2018\\07\\20\\b07b77ba851d365252f89ec70ba45341eb84713a.pcm','C1','2018-07-20 18:20:02'),('b081997aeb054158609abe9b69b27ace6f5d5f55','2018\\07\\28\\b081997aeb054158609abe9b69b27ace6f5d5f55.wav','2018\\07\\28\\b081997aeb054158609abe9b69b27ace6f5d5f55.pcm','./data/audio/audio-E8udNF8mxFHiqnPBhn6rDoF7GpmOrc75-2257','2018-07-28 10:26:42'),('b098ca5419f42c24d2445209b4f9d3134bc81f2f','2018\\07\\19\\b098ca5419f42c24d2445209b4f9d3134bc81f2f.wav','2018\\07\\19\\b098ca5419f42c24d2445209b4f9d3134bc81f2f.pcm','9','2018-07-19 21:35:40'),('b0a41a416b508c33e6c70fac5f695b6159722cae','2018\\07\\28\\b0a41a416b508c33e6c70fac5f695b6159722cae.wav','2018\\07\\28\\b0a41a416b508c33e6c70fac5f695b6159722cae.pcm','./data/audio/audio-4qUc05gItYOeZDXWYv6a2lpF24aSuQPq-4930','2018-07-28 18:53:14'),('b0e3714dce90590c74c01cc1ff8e05c7a299054d','2018\\07\\30\\b0e3714dce90590c74c01cc1ff8e05c7a299054d.wav','2018\\07\\30\\b0e3714dce90590c74c01cc1ff8e05c7a299054d.pcm','./data/audio/audio-E6FPQXyhy8oQkkg0vTReXMgy1LM45YJ0-726','2018-07-30 13:09:41'),('b1538881ffbcf8005d848f58327e62a8ca634dfb','2018\\07\\23\\b1538881ffbcf8005d848f58327e62a8ca634dfb.wav','2018\\07\\23\\b1538881ffbcf8005d848f58327e62a8ca634dfb.pcm','./data/audio/audio-fhgWNNcvvQh03YVMjm3E4IT6UzzuHIRr-2609','2018-07-23 16:00:58'),('b1fd356f42d510a9b0d03f948858811e8916c8d7','2018\\07\\20\\b1fd356f42d510a9b0d03f948858811e8916c8d7.wav','2018\\07\\20\\b1fd356f42d510a9b0d03f948858811e8916c8d7.pcm','E1','2018-07-20 19:40:20'),('b2358ac4ac8a257233719243d8ac2adc3cb8c972','2018\\07\\20\\b2358ac4ac8a257233719243d8ac2adc3cb8c972.wav','2018\\07\\20\\b2358ac4ac8a257233719243d8ac2adc3cb8c972.pcm','E3','2018-07-20 19:41:13'),('b25d27a73943fdd8f65bd4b9b9041de5905a00cb','2018\\07\\28\\b25d27a73943fdd8f65bd4b9b9041de5905a00cb.wav','2018\\07\\28\\b25d27a73943fdd8f65bd4b9b9041de5905a00cb.pcm','./data/audio/audio-ilSlfa4OOKxq53uxdaE3byG2uTwcKwVG-1760','2018-07-28 18:30:26'),('b2bfc30e4ffc85bc61aab652e14d89d3bc7378d7','2018\\07\\19\\b2bfc30e4ffc85bc61aab652e14d89d3bc7378d7.wav','2018\\07\\19\\b2bfc30e4ffc85bc61aab652e14d89d3bc7378d7.pcm','8','2018-07-19 21:58:34'),('b6de640d736d6684c286ea017008c7e391aa6043','2018\\07\\28\\b6de640d736d6684c286ea017008c7e391aa6043.wav','2018\\07\\28\\b6de640d736d6684c286ea017008c7e391aa6043.pcm','./data/audio/audio-E8udNF8mxFHiqnPBhn6rDoF7GpmOrc75-838','2018-07-28 10:26:42'),('b748c5af1c82a8116400dbed992113360546c566','2018\\07\\20\\b748c5af1c82a8116400dbed992113360546c566.wav','2018\\07\\20\\b748c5af1c82a8116400dbed992113360546c566.pcm','F1','2018-07-20 20:37:24'),('b891af370ea125c146b73d36beee0670760c94d7','2018\\08\\03\\b891af370ea125c146b73d36beee0670760c94d7.wav','2018\\08\\03\\b891af370ea125c146b73d36beee0670760c94d7.pcm','audio-2ZuTShSnAJVYLtaBI7GGCyxhQkTD867d-3821','2018-08-03 22:08:09'),('b964135371c1290961a59e89aa2d2cd88bd46822','2018\\07\\30\\b964135371c1290961a59e89aa2d2cd88bd46822.wav','2018\\07\\30\\b964135371c1290961a59e89aa2d2cd88bd46822.pcm','./data/audio/audio-KjL33rFviho9DxtjJSuKezw6erJNHtSj-1488','2018-07-30 15:30:29'),('b9906d704f9d3811839d0154cc5006886fdfb45a','2018\\07\\23\\b9906d704f9d3811839d0154cc5006886fdfb45a.wav','2018\\07\\23\\b9906d704f9d3811839d0154cc5006886fdfb45a.pcm','./data/audio/audio-QR6fPi2dYpH259VckyPt121pn4nHjw5Y-1954','2018-07-23 10:34:07'),('b9da34ddde04058deafc7db4946ee69224f99cf1','2018\\07\\21\\b9da34ddde04058deafc7db4946ee69224f99cf1.wav','2018\\07\\21\\b9da34ddde04058deafc7db4946ee69224f99cf1.pcm','F9','2018-07-21 14:19:17'),('b9daa8e02488516e84eb90377b2dfc8bdc9dd96e','2018\\07\\28\\b9daa8e02488516e84eb90377b2dfc8bdc9dd96e.wav','2018\\07\\28\\b9daa8e02488516e84eb90377b2dfc8bdc9dd96e.pcm','./data/audio/audio-DF3EAsdidaZn8P1dpTrdtgTJ4hHqK5WB-2059','2018-07-28 15:47:37'),('ba833562b81ecf9e01ec084a796960ad614c61bc','2018\\07\\27\\ba833562b81ecf9e01ec084a796960ad614c61bc.wav','2018\\07\\27\\ba833562b81ecf9e01ec084a796960ad614c61bc.pcm','./data/audio/audio-u1nehLXA7tMxleRNgmylM5So8o5cZhjW-701','2018-07-27 17:22:37'),('ba9e57944cd0562b36961ad2c56e3597a8ef8509','2018\\07\\30\\ba9e57944cd0562b36961ad2c56e3597a8ef8509.wav','2018\\07\\30\\ba9e57944cd0562b36961ad2c56e3597a8ef8509.pcm','./data/audio/audio-mCzFiU2nW5Nf53YRuUcKGbJMjdst1bUa-4965','2018-07-30 16:03:50'),('bd927be58888f2088c725548d86ae82f2a3b66d2','2018\\07\\30\\bd927be58888f2088c725548d86ae82f2a3b66d2.wav','2018\\07\\30\\bd927be58888f2088c725548d86ae82f2a3b66d2.pcm','./data/audio/audio-KjL33rFviho9DxtjJSuKezw6erJNHtSj-2315','2018-07-30 15:30:29'),('be3818d6670b93a1013053c1489c4a0de3680560','2018\\07\\27\\be3818d6670b93a1013053c1489c4a0de3680560.wav','2018\\07\\27\\be3818d6670b93a1013053c1489c4a0de3680560.pcm','./data/audio/audio-ngCOE5rvnMHClGoucd5Hsch1tveMKp6f-3671','2018-07-27 13:29:49'),('bea375eb7a7f2d7b1733d1d61b8de19173b85b47','2018\\07\\28\\bea375eb7a7f2d7b1733d1d61b8de19173b85b47.wav','2018\\07\\28\\bea375eb7a7f2d7b1733d1d61b8de19173b85b47.pcm','./data/audio/audio-4qUc05gItYOeZDXWYv6a2lpF24aSuQPq-4142','2018-07-28 18:53:14'),('bed4999d9224a780640a4e8d3ff1885b30dd9270','2018\\07\\10\\bed4999d9224a780640a4e8d3ff1885b30dd9270.wav','2018\\07\\10\\bed4999d9224a780640a4e8d3ff1885b30dd9270.pcm','30','2018-07-10 23:02:36'),('bee4e29f6ca190e52321af29cb1dbe14b100f4e5','2018\\07\\10\\bee4e29f6ca190e52321af29cb1dbe14b100f4e5.wav','2018\\07\\10\\bee4e29f6ca190e52321af29cb1dbe14b100f4e5.pcm','32','2018-07-10 22:18:19'),('bf5ff83a76fa300e24a9ff7179e5978400e3d2f5','2018\\07\\23\\bf5ff83a76fa300e24a9ff7179e5978400e3d2f5.wav','2018\\07\\23\\bf5ff83a76fa300e24a9ff7179e5978400e3d2f5.pcm','./data/audio/audio-wVT0lDJuetlszuvZx5abVwS6VFRu0VTy-2128','2018-07-23 16:47:30'),('c04cdee1a86ad6e3f66135d7d59ae6688c573a8a','2018\\07\\10\\c04cdee1a86ad6e3f66135d7d59ae6688c573a8a.wav','2018\\07\\10\\c04cdee1a86ad6e3f66135d7d59ae6688c573a8a.pcm','3.3.1.ai1','2018-07-10 20:06:02'),('c085e5e21735c6b13421cdf389a110505e1a5143','2018\\07\\28\\c085e5e21735c6b13421cdf389a110505e1a5143.wav','2018\\07\\28\\c085e5e21735c6b13421cdf389a110505e1a5143.pcm','./data/audio/audio-4qUc05gItYOeZDXWYv6a2lpF24aSuQPq-1879','2018-07-28 18:53:13'),('c0a43eaf793db93ddab5e4c8697cc0bd9f084c31','2018\\07\\10\\c0a43eaf793db93ddab5e4c8697cc0bd9f084c31.wav','2018\\07\\10\\c0a43eaf793db93ddab5e4c8697cc0bd9f084c31.pcm','4','2018-07-10 20:44:19'),('c2fea2182648516b42446bfa29cbad920315c6b4','2018\\07\\10\\c2fea2182648516b42446bfa29cbad920315c6b4.wav','2018\\07\\10\\c2fea2182648516b42446bfa29cbad920315c6b4.pcm','4.2.1ai2','2018-07-10 22:10:53'),('c31cbd5c8cd0107364a94830768cabf8749594b8','2018\\07\\20\\c31cbd5c8cd0107364a94830768cabf8749594b8.wav','2018\\07\\20\\c31cbd5c8cd0107364a94830768cabf8749594b8.pcm','F1','2018-07-20 20:33:08'),('c41b1627622e5e2a4b860be23a6ed0dffcc4c5a4','2018\\07\\30\\c41b1627622e5e2a4b860be23a6ed0dffcc4c5a4.wav','2018\\07\\30\\c41b1627622e5e2a4b860be23a6ed0dffcc4c5a4.pcm','./data/audio/audio-J8r3Y0PcCY441oysjigEAtKHHloap1RE-1643','2018-07-30 20:33:59'),('c456671539704aaf2e5eeba22039921213f0f26c','2018\\07\\21\\c456671539704aaf2e5eeba22039921213f0f26c.wav','2018\\07\\21\\c456671539704aaf2e5eeba22039921213f0f26c.pcm','F17','2018-07-21 14:26:49'),('c56b23d72cc900bea8515d4d2bb3e8c411834d41','2018\\07\\21\\c56b23d72cc900bea8515d4d2bb3e8c411834d41.wav','2018\\07\\21\\c56b23d72cc900bea8515d4d2bb3e8c411834d41.pcm','./data/audio/audio-QXdgkx1iA4hwWEOAdoLnGBdCN2ORoq39-1000','2018-07-21 23:19:00'),('c5c8faa13c1247f4734a88a3de30b25d6d7d5563','2018\\07\\20\\c5c8faa13c1247f4734a88a3de30b25d6d7d5563.wav','2018\\07\\20\\c5c8faa13c1247f4734a88a3de30b25d6d7d5563.pcm','F26','2018-07-20 21:35:33'),('c5ed7a6a7c262b7ed3afc0b1ca416f01d210161f','2018\\07\\21\\c5ed7a6a7c262b7ed3afc0b1ca416f01d210161f.wav','2018\\07\\21\\c5ed7a6a7c262b7ed3afc0b1ca416f01d210161f.pcm','F28','2018-07-21 14:35:46'),('c711d04638067e71464d6c9273bf9c1c9b1d1771','2018\\07\\21\\c711d04638067e71464d6c9273bf9c1c9b1d1771.wav','2018\\07\\21\\c711d04638067e71464d6c9273bf9c1c9b1d1771.pcm','F15','2018-07-21 14:29:57'),('c73a2c158cd59e1687dc6c56cfaa8879ff8363b2','2018\\07\\10\\c73a2c158cd59e1687dc6c56cfaa8879ff8363b2.wav','2018\\07\\10\\c73a2c158cd59e1687dc6c56cfaa8879ff8363b2.pcm','10','2018-07-10 21:26:58'),('c7471009851f30430b87c982bd8da65298ae1c59','2018\\07\\19\\c7471009851f30430b87c982bd8da65298ae1c59.wav','2018\\07\\19\\c7471009851f30430b87c982bd8da65298ae1c59.pcm','20','2018-07-19 22:14:24'),('c7da26a9cf1b4d5f74cc43a5e2a767c71cf1f283','2018\\07\\24\\c7da26a9cf1b4d5f74cc43a5e2a767c71cf1f283.wav','2018\\07\\24\\c7da26a9cf1b4d5f74cc43a5e2a767c71cf1f283.pcm','./data/audio/audio-RMLMFnCW89P3yRz7PzQZsWXT6B0ZsQh0-101','2018-07-24 22:47:09'),('c8f3653e82b16fc42fd0d30d8c77513bdb48cf3a','2018\\07\\23\\c8f3653e82b16fc42fd0d30d8c77513bdb48cf3a.wav','2018\\07\\23\\c8f3653e82b16fc42fd0d30d8c77513bdb48cf3a.pcm','./data/audio/audio-kYLMlV61BJZC5Cd2D4c17QnloHWnXhhB-992','2018-07-23 15:38:14'),('c9424768b5cf9fe905ab0d79aa93c1cf2a45cd15','2018\\07\\20\\c9424768b5cf9fe905ab0d79aa93c1cf2a45cd15.wav','2018\\07\\20\\c9424768b5cf9fe905ab0d79aa93c1cf2a45cd15.pcm','28','2018-07-20 13:39:02'),('ca686ba6c9db116c7fe8b2377dfaa74aa0b134dc','2018\\07\\23\\ca686ba6c9db116c7fe8b2377dfaa74aa0b134dc.wav','2018\\07\\23\\ca686ba6c9db116c7fe8b2377dfaa74aa0b134dc.pcm','./data/audio/audio-FAdsHwVdJubGsMTjkbFZTd3aOx1bIdYM-2718','2018-07-23 15:49:49'),('cb771f1c8eea3829b26e395fe84ea7b09f5bb137','2018\\07\\19\\cb771f1c8eea3829b26e395fe84ea7b09f5bb137.wav','2018\\07\\19\\cb771f1c8eea3829b26e395fe84ea7b09f5bb137.pcm','16','2018-07-19 22:10:38'),('ccb1cc95bc862e85e7da29878b89c4a6571953e8','2018\\07\\21\\ccb1cc95bc862e85e7da29878b89c4a6571953e8.wav','2018\\07\\21\\ccb1cc95bc862e85e7da29878b89c4a6571953e8.pcm','F16','2018-07-21 14:25:46'),('cd23bd0f987329114e0341843fbb25242d3bd3be','2018\\07\\23\\cd23bd0f987329114e0341843fbb25242d3bd3be.wav','2018\\07\\23\\cd23bd0f987329114e0341843fbb25242d3bd3be.pcm','./data/audio/audio-xeA4Q4ebVZmYyPRW5XzWuzdNgrpSlCbp-3962','2018-07-23 18:22:22'),('cd9481ec92c33c1531fa984f421ef112ed019ab6','2018\\07\\23\\cd9481ec92c33c1531fa984f421ef112ed019ab6.wav','2018\\07\\23\\cd9481ec92c33c1531fa984f421ef112ed019ab6.pcm','./data/audio/audio-l5eV9KqI91ZHNgYb380UPfp0qSoAnyRc-2761','2018-07-23 16:57:14'),('cdce4985cca2e0879e699a2cc52f9e6d02068951','2018\\07\\23\\cdce4985cca2e0879e699a2cc52f9e6d02068951.wav','2018\\07\\23\\cdce4985cca2e0879e699a2cc52f9e6d02068951.pcm','./data/audio/audio-qd2rd4ZHQ2XurDfnxoQeO4a8MIYdauZc-1021','2018-07-23 15:55:43'),('ceb6b50a524759fba8cedd9f51ae09d593be77c3','2018\\07\\10\\ceb6b50a524759fba8cedd9f51ae09d593be77c3.wav','2018\\07\\10\\ceb6b50a524759fba8cedd9f51ae09d593be77c3.pcm','28','2018-07-10 22:59:44'),('cf5f3c6329bd216babc5ec3f41a94120437725b7','2018\\07\\21\\cf5f3c6329bd216babc5ec3f41a94120437725b7.wav','2018\\07\\21\\cf5f3c6329bd216babc5ec3f41a94120437725b7.pcm','F10','2018-07-21 14:24:36'),('cfde722931c32e58bf739f12a1ddd293f26896b2','2018\\07\\10\\cfde722931c32e58bf739f12a1ddd293f26896b2.wav','2018\\07\\10\\cfde722931c32e58bf739f12a1ddd293f26896b2.pcm','13','2018-07-10 20:53:44'),('d0287cf7fc6ffde62d6854db3bc10ea1848e1dfe','2018\\07\\19\\d0287cf7fc6ffde62d6854db3bc10ea1848e1dfe.wav','2018\\07\\19\\d0287cf7fc6ffde62d6854db3bc10ea1848e1dfe.pcm','4','2018-07-19 21:08:23'),('d0356ad102ff18951da11525bc5c0fb3b77c8871','2018\\07\\19\\d0356ad102ff18951da11525bc5c0fb3b77c8871.wav','2018\\07\\19\\d0356ad102ff18951da11525bc5c0fb3b77c8871.pcm','1','2018-07-19 21:06:36'),('d178ff1714413e3cda780622119d76f02af3f302','2018\\07\\28\\d178ff1714413e3cda780622119d76f02af3f302.wav','2018\\07\\28\\d178ff1714413e3cda780622119d76f02af3f302.pcm','./data/audio/audio-DF3EAsdidaZn8P1dpTrdtgTJ4hHqK5WB-719','2018-07-28 15:47:37'),('d1f4216dd4e0415bf3e94803a9ca2987653d59d4','2018\\07\\23\\d1f4216dd4e0415bf3e94803a9ca2987653d59d4.wav','2018\\07\\23\\d1f4216dd4e0415bf3e94803a9ca2987653d59d4.pcm','./data/audio/audio-gpxe3nh4RXYzsthpNfpqYpb45OTRIMDJ-2088','2018-07-23 18:33:21'),('d3222453fca753129ce40f9f68ddd945afb898f9','2018\\07\\10\\d3222453fca753129ce40f9f68ddd945afb898f9.wav','2018\\07\\10\\d3222453fca753129ce40f9f68ddd945afb898f9.pcm','6','2018-07-10 21:21:39'),('d4de9eba05a138d1c1d0748e14b46f31475fc211','2018\\07\\19\\d4de9eba05a138d1c1d0748e14b46f31475fc211.wav','2018\\07\\19\\d4de9eba05a138d1c1d0748e14b46f31475fc211.pcm','2','2018-07-19 21:39:37'),('d57f12e5d40fb0be32a8b3b772624a2adf5dacc1','2018\\07\\28\\d57f12e5d40fb0be32a8b3b772624a2adf5dacc1.wav','2018\\07\\28\\d57f12e5d40fb0be32a8b3b772624a2adf5dacc1.pcm','./data/audio/audio-eMyG6Thb4ujEryzfZB4ARuDmZ1iLIstQ-541','2018-07-28 18:34:26'),('d5c181e6c57142bfb188c56ec0fdba465ae369b2','2018\\08\\03\\d5c181e6c57142bfb188c56ec0fdba465ae369b2.wav','2018\\08\\03\\d5c181e6c57142bfb188c56ec0fdba465ae369b2.pcm','audio-2ZuTShSnAJVYLtaBI7GGCyxhQkTD867d-903','2018-08-03 21:47:21'),('d670abd9b042c30b82c69cb4a5ca6b8d475dc32e','2018\\07\\19\\d670abd9b042c30b82c69cb4a5ca6b8d475dc32e.wav','2018\\07\\19\\d670abd9b042c30b82c69cb4a5ca6b8d475dc32e.pcm','23','2018-07-19 22:20:34'),('d7b8d8b03db23ca1704d668bad8b430790a47725','2018\\07\\27\\d7b8d8b03db23ca1704d668bad8b430790a47725.wav','2018\\07\\27\\d7b8d8b03db23ca1704d668bad8b430790a47725.pcm','./data/audio/audio-nr4vJVTqh8oRvHnf5a6hrzqFN8bXCjEq-2334','2018-07-27 16:52:37'),('d7f8e2799dbe7930ad9a45cbb484ba7320600cf3','2018\\07\\28\\d7f8e2799dbe7930ad9a45cbb484ba7320600cf3.wav','2018\\07\\28\\d7f8e2799dbe7930ad9a45cbb484ba7320600cf3.pcm','./data/audio/audio-lrsDIC86k9R8uwBYpVLrSovhspvxLvp7-6670','2018-07-28 17:59:06'),('d7ff03f07615a9b3cc72a528e789ebd2309c7585','2018\\07\\23\\d7ff03f07615a9b3cc72a528e789ebd2309c7585.wav','2018\\07\\23\\d7ff03f07615a9b3cc72a528e789ebd2309c7585.pcm','./data/audio/audio-Qijgxqkbk5SrhzTmG70Un4Q68X6wsTT5-2464','2018-07-23 16:23:57'),('d87fe04b4842f49a6f9463ea004c03ebe9fc9140','2018\\07\\28\\d87fe04b4842f49a6f9463ea004c03ebe9fc9140.wav','2018\\07\\28\\d87fe04b4842f49a6f9463ea004c03ebe9fc9140.pcm','./data/audio/audio-DF3EAsdidaZn8P1dpTrdtgTJ4hHqK5WB-3958','2018-07-28 15:47:37'),('d899a8a0217dd099ffdd2cea539625c871e49e20','2018\\07\\27\\d899a8a0217dd099ffdd2cea539625c871e49e20.wav','2018\\07\\27\\d899a8a0217dd099ffdd2cea539625c871e49e20.pcm','./data/audio/audio-OYWSt5NX7cnowpYyyeReEtUBavm3mYtT-2046','2018-07-27 17:14:34'),('d8afe1b28a427e4fa2d76913199529f38f9881b5','2018\\07\\30\\d8afe1b28a427e4fa2d76913199529f38f9881b5.wav','2018\\07\\30\\d8afe1b28a427e4fa2d76913199529f38f9881b5.pcm','./data/audio/audio-mCzFiU2nW5Nf53YRuUcKGbJMjdst1bUa-995','2018-07-30 16:03:50'),('d9092d3a8cc1c4f57f722ed26e3846c090b4edc5','2018\\07\\23\\d9092d3a8cc1c4f57f722ed26e3846c090b4edc5.wav','2018\\07\\23\\d9092d3a8cc1c4f57f722ed26e3846c090b4edc5.pcm','./data/audio/audio-SK3lMCUaxBgCiWRrXLAVfd4PzkhoCar8-1866','2018-07-23 15:58:18'),('d95bde1a66cf42b882ea977e240f262187b75ead','2018\\07\\23\\d95bde1a66cf42b882ea977e240f262187b75ead.wav','2018\\07\\23\\d95bde1a66cf42b882ea977e240f262187b75ead.pcm','./data/audio/audio-4O8OXNIy1F1qbFR2JftGJlbeKjinpxk3-2498','2018-07-23 16:21:26'),('da06844bd973d30042fad4ecf6168602e0a13e84','2018\\07\\19\\da06844bd973d30042fad4ecf6168602e0a13e84.wav','2018\\07\\19\\da06844bd973d30042fad4ecf6168602e0a13e84.pcm','10','2018-07-19 21:36:24'),('db13b78329a47b42a789ba8a184ae8106990243c','2018\\07\\28\\db13b78329a47b42a789ba8a184ae8106990243c.wav','2018\\07\\28\\db13b78329a47b42a789ba8a184ae8106990243c.pcm','./data/audio/audio-4qUc05gItYOeZDXWYv6a2lpF24aSuQPq-1271','2018-07-28 18:53:13'),('db1bd34f0ec2319e7ddc6c10ada24c4074f82dd9','2018\\07\\28\\db1bd34f0ec2319e7ddc6c10ada24c4074f82dd9.wav','2018\\07\\28\\db1bd34f0ec2319e7ddc6c10ada24c4074f82dd9.pcm','./data/audio/audio-BuOZrv8IZVz5ObiwMFTpWHbesbiOV2IQ-9202','2018-07-28 18:06:48'),('dbfc5cd1ba4060b13e6435963ae1cffd28f6c467','2018\\07\\28\\dbfc5cd1ba4060b13e6435963ae1cffd28f6c467.wav','2018\\07\\28\\dbfc5cd1ba4060b13e6435963ae1cffd28f6c467.pcm','./data/audio/audio-4qUc05gItYOeZDXWYv6a2lpF24aSuQPq-2432','2018-07-28 18:53:14'),('dc94aa68868230772873e00ea9bf4ed7c80f0480','2018\\07\\26\\dc94aa68868230772873e00ea9bf4ed7c80f0480.wav','2018\\07\\26\\dc94aa68868230772873e00ea9bf4ed7c80f0480.pcm','./data/audio/audio-iiI5kKYRmXrhlyzCRjWUI33YYzMybot4-1664','2018-07-26 22:22:59'),('dcce4a2e4afba8381541561cc779dbc3ac8a1004','2018\\07\\27\\dcce4a2e4afba8381541561cc779dbc3ac8a1004.wav','2018\\07\\27\\dcce4a2e4afba8381541561cc779dbc3ac8a1004.pcm','./data/audio/audio-whvinPj0oz3UvW9xK7PnRv3uBwFaX6pQ-853','2018-07-27 16:28:48'),('dd6823ae7bb867cb6a8c61ef2b6abca243548bb4','2018\\07\\10\\dd6823ae7bb867cb6a8c61ef2b6abca243548bb4.wav','2018\\07\\10\\dd6823ae7bb867cb6a8c61ef2b6abca243548bb4.pcm','33','2018-07-10 23:06:16'),('dd9324017eadddd4056b6f9791009db5836b927a','2018\\07\\20\\dd9324017eadddd4056b6f9791009db5836b927a.wav','2018\\07\\20\\dd9324017eadddd4056b6f9791009db5836b927a.pcm','F4','2018-07-20 20:47:32'),('e1a80e036900161b1359145ef339573c8bcab788','2018\\07\\21\\e1a80e036900161b1359145ef339573c8bcab788.wav','2018\\07\\21\\e1a80e036900161b1359145ef339573c8bcab788.pcm','./data/audio/audio-QXdgkx1iA4hwWEOAdoLnGBdCN2ORoq39-1698','2018-07-21 23:19:00'),('e3bd741c4be852ff6d0932df1194bea862a184fc','2018\\07\\10\\e3bd741c4be852ff6d0932df1194bea862a184fc.wav','2018\\07\\10\\e3bd741c4be852ff6d0932df1194bea862a184fc.pcm','7','2018-07-10 21:22:18'),('e75b1a51ee7913fcf49de2ef48a0376e72e25b9b','2018\\07\\28\\e75b1a51ee7913fcf49de2ef48a0376e72e25b9b.wav','2018\\07\\28\\e75b1a51ee7913fcf49de2ef48a0376e72e25b9b.pcm','./data/audio/audio-0zv3ApbiFsvHRPR16TFbGBbVggBrHgF2-1508','2018-07-28 15:49:38'),('e782174ab7985dba8b572a64398d80ca1fec4a82','2018\\07\\20\\e782174ab7985dba8b572a64398d80ca1fec4a82.wav','2018\\07\\20\\e782174ab7985dba8b572a64398d80ca1fec4a82.pcm','2','2018-07-20 13:20:20'),('e80acc3ed9267ddbb207b10aef9e610398e91228','2018\\07\\27\\e80acc3ed9267ddbb207b10aef9e610398e91228.wav','2018\\07\\27\\e80acc3ed9267ddbb207b10aef9e610398e91228.pcm','./data/audio/audio-VedWdy70CAKrZItSTnywObUFc9pawH5X-693','2018-07-27 19:06:15'),('e94770b309dca6d4332530c72d96b75fdfeeff3a','2018\\07\\20\\e94770b309dca6d4332530c72d96b75fdfeeff3a.wav','2018\\07\\20\\e94770b309dca6d4332530c72d96b75fdfeeff3a.pcm','D2','2018-07-20 20:15:18'),('ed1a07ce20fca27d9ae674750a06ba7701343c40','2018\\07\\10\\ed1a07ce20fca27d9ae674750a06ba7701343c40.wav','2018\\07\\10\\ed1a07ce20fca27d9ae674750a06ba7701343c40.pcm','15','2018-07-10 22:01:05'),('edcd8dcaa495e4b7bae9975644336f8df5476948','2018\\07\\19\\edcd8dcaa495e4b7bae9975644336f8df5476948.wav','2018\\07\\19\\edcd8dcaa495e4b7bae9975644336f8df5476948.pcm','10','2018-07-19 21:37:45'),('eec4230c9b90bc614e2bd33e03a96e8005c833a8','2018\\07\\20\\eec4230c9b90bc614e2bd33e03a96e8005c833a8.wav','2018\\07\\20\\eec4230c9b90bc614e2bd33e03a96e8005c833a8.pcm','38','2018-07-20 13:44:23'),('f0ba79fde8f205c9a2ef1b46da05be96590808ee','2018\\07\\28\\f0ba79fde8f205c9a2ef1b46da05be96590808ee.wav','2018\\07\\28\\f0ba79fde8f205c9a2ef1b46da05be96590808ee.pcm','./data/audio/audio-DF3EAsdidaZn8P1dpTrdtgTJ4hHqK5WB-3389','2018-07-28 15:47:37'),('f1f238a32bddf5e26e66c8d8520a489465233b48','2018\\07\\28\\f1f238a32bddf5e26e66c8d8520a489465233b48.wav','2018\\07\\28\\f1f238a32bddf5e26e66c8d8520a489465233b48.pcm','./data/audio/audio-8AHuExnf90pWZTh4HLXDi2uQ7aH1w7RW-472','2018-07-28 18:49:16'),('f2416f98534e41dedff8913249d54e80a0572c2c','2018\\07\\28\\f2416f98534e41dedff8913249d54e80a0572c2c.wav','2018\\07\\28\\f2416f98534e41dedff8913249d54e80a0572c2c.pcm','./data/audio/audio-4qUc05gItYOeZDXWYv6a2lpF24aSuQPq-2932','2018-07-28 18:53:14'),('f2ba8032ce322b27824bf02646aaf2201eb10f00','2018\\07\\20\\f2ba8032ce322b27824bf02646aaf2201eb10f00.wav','2018\\07\\20\\f2ba8032ce322b27824bf02646aaf2201eb10f00.pcm','F27','2018-07-20 21:38:56'),('f312d23aacd496669960df41322969de8d80d454','2018\\07\\27\\f312d23aacd496669960df41322969de8d80d454.wav','2018\\07\\27\\f312d23aacd496669960df41322969de8d80d454.pcm','./data/audio/audio-xAIcXIvNMsC9aQU1ymqlD83ZaKuMj6LV-2813','2018-07-27 17:00:52'),('f3f9eb7ca5beaab26963309e7c191584a32d0d88','2018\\07\\21\\f3f9eb7ca5beaab26963309e7c191584a32d0d88.wav','2018\\07\\21\\f3f9eb7ca5beaab26963309e7c191584a32d0d88.pcm','F2','2018-07-21 14:23:01'),('f55e28d55eb6b3ea39d1399f7d292c3b92e6b5c6','2018\\07\\20\\f55e28d55eb6b3ea39d1399f7d292c3b92e6b5c6.wav','2018\\07\\20\\f55e28d55eb6b3ea39d1399f7d292c3b92e6b5c6.pcm','40','2018-07-20 13:44:44'),('f5c2ac8228eb3d4371d4adf906c35928ef075072','2018\\07\\28\\f5c2ac8228eb3d4371d4adf906c35928ef075072.wav','2018\\07\\28\\f5c2ac8228eb3d4371d4adf906c35928ef075072.pcm','./data/audio/audio-4qUc05gItYOeZDXWYv6a2lpF24aSuQPq-694','2018-07-28 18:53:13'),('f5f0335f3246e4d73d57f0e179e5c73eea5d321a','2018\\07\\19\\f5f0335f3246e4d73d57f0e179e5c73eea5d321a.wav','2018\\07\\19\\f5f0335f3246e4d73d57f0e179e5c73eea5d321a.pcm','27','2018-07-19 22:25:48'),('f617d1661f1738a59d1cc03733c85a0ad6e56e35','2018\\07\\10\\f617d1661f1738a59d1cc03733c85a0ad6e56e35.wav','2018\\07\\10\\f617d1661f1738a59d1cc03733c85a0ad6e56e35.pcm','3.4.1','2018-07-10 22:22:19'),('f70a79f503640fe92bcf21d2c3aba7dad45cf32d','2018\\07\\24\\f70a79f503640fe92bcf21d2c3aba7dad45cf32d.wav','2018\\07\\24\\f70a79f503640fe92bcf21d2c3aba7dad45cf32d.pcm','./data/audio/audio-WNahdqd2mWDaVnHggTOe3yMp6AquwFqo-279','2018-07-24 22:40:26'),('f87319f3af8a870a1b78fd75c031ef694992b870','2018\\07\\27\\f87319f3af8a870a1b78fd75c031ef694992b870.wav','2018\\07\\27\\f87319f3af8a870a1b78fd75c031ef694992b870.pcm','./data/audio/audio-xAIcXIvNMsC9aQU1ymqlD83ZaKuMj6LV-3699','2018-07-27 17:00:53'),('f9bf5b4cce21cd3d5dd6020560dc605e8c3c6b54','2018\\07\\30\\f9bf5b4cce21cd3d5dd6020560dc605e8c3c6b54.wav','2018\\07\\30\\f9bf5b4cce21cd3d5dd6020560dc605e8c3c6b54.pcm','./data/audio/audio-dNKEHeveNCBXORUoaitlB4P8ReqgtPKZ-722','2018-07-30 16:11:01'),('fa0473ecaa111af9a7c63550236215f97a388c80','2018\\07\\19\\fa0473ecaa111af9a7c63550236215f97a388c80.wav','2018\\07\\19\\fa0473ecaa111af9a7c63550236215f97a388c80.pcm','15','2018-07-19 22:08:55'),('fae788d49cf23b3198761edfb5db4fc29a639fd8','2018\\07\\21\\fae788d49cf23b3198761edfb5db4fc29a639fd8.wav','2018\\07\\21\\fae788d49cf23b3198761edfb5db4fc29a639fd8.pcm','./data/audio/audio-WFm9XxdMe2gCxieXzw9gTWV8ZK6M2bOz-2820','2018-07-21 20:39:18'),('fd641cac981d855fb39444e2743aba8ebf36f41b','2018\\07\\28\\fd641cac981d855fb39444e2743aba8ebf36f41b.wav','2018\\07\\28\\fd641cac981d855fb39444e2743aba8ebf36f41b.pcm','./data/audio/audio-lrsDIC86k9R8uwBYpVLrSovhspvxLvp7-4195','2018-07-28 17:59:06'),('fd696417df41f200af68d9c8f0c62a9ac71689b9','2018\\07\\28\\fd696417df41f200af68d9c8f0c62a9ac71689b9.wav','2018\\07\\28\\fd696417df41f200af68d9c8f0c62a9ac71689b9.pcm','./data/audio/audio-lrsDIC86k9R8uwBYpVLrSovhspvxLvp7-4521','2018-07-28 17:59:06'),('fd8d8921e68a5bcbc81a729649eca5a36a64bfdf','2018\\07\\21\\fd8d8921e68a5bcbc81a729649eca5a36a64bfdf.wav','2018\\07\\21\\fd8d8921e68a5bcbc81a729649eca5a36a64bfdf.pcm','F37','2018-07-21 14:54:08'),('fe0ac972e356d22d0ff085cf8585dd1bbf419ac0','2018\\07\\19\\fe0ac972e356d22d0ff085cf8585dd1bbf419ac0.wav','2018\\07\\19\\fe0ac972e356d22d0ff085cf8585dd1bbf419ac0.pcm','7.1','2018-07-19 21:44:32'),('fe55ae0d042ebf1018cb168d8ecff899d6a92386','2018\\07\\30\\fe55ae0d042ebf1018cb168d8ecff899d6a92386.wav','2018\\07\\30\\fe55ae0d042ebf1018cb168d8ecff899d6a92386.pcm','./data/audio/audio-J8r3Y0PcCY441oysjigEAtKHHloap1RE-886','2018-07-30 20:33:59'),('fea1f0bb32278ef26b20d529dca531cda153ca09','2018\\07\\21\\fea1f0bb32278ef26b20d529dca531cda153ca09.wav','2018\\07\\21\\fea1f0bb32278ef26b20d529dca531cda153ca09.pcm','./data/audio/audio-oBINRDERfepb00oQp1FVqgjBYF0KIDZA-998','2018-07-21 23:03:40');
/*!40000 ALTER TABLE `voice` ENABLE KEYS */;
UNLOCK TABLES;

--
-- Table structure for table `wechat`
--

DROP TABLE IF EXISTS `wechat`;
/*!40101 SET @saved_cs_client     = @@character_set_client */;
/*!40101 SET character_set_client = utf8 */;
CREATE TABLE `wechat` (
  `id` bigint(20) NOT NULL AUTO_INCREMENT,
  `uid` varchar(30) NOT NULL,
  `openid` varchar(30) NOT NULL,
  `wechatName` varchar(30) DEFAULT NULL,
  `headImg` varchar(200) DEFAULT NULL,
  PRIMARY KEY (`id`)
) ENGINE=InnoDB DEFAULT CHARSET=utf8;
/*!40101 SET character_set_client = @saved_cs_client */;

--
-- Dumping data for table `wechat`
--

LOCK TABLES `wechat` WRITE;
/*!40000 ALTER TABLE `wechat` DISABLE KEYS */;
/*!40000 ALTER TABLE `wechat` ENABLE KEYS */;
UNLOCK TABLES;
/*!40103 SET TIME_ZONE=@OLD_TIME_ZONE */;

/*!40101 SET SQL_MODE=@OLD_SQL_MODE */;
/*!40014 SET FOREIGN_KEY_CHECKS=@OLD_FOREIGN_KEY_CHECKS */;
/*!40014 SET UNIQUE_CHECKS=@OLD_UNIQUE_CHECKS */;
/*!40101 SET CHARACTER_SET_CLIENT=@OLD_CHARACTER_SET_CLIENT */;
/*!40101 SET CHARACTER_SET_RESULTS=@OLD_CHARACTER_SET_RESULTS */;
/*!40101 SET COLLATION_CONNECTION=@OLD_COLLATION_CONNECTION */;
/*!40111 SET SQL_NOTES=@OLD_SQL_NOTES */;

-- Dump completed on 2018-10-10 21:35:17
