-- MySQL dump 10.16  Distrib 10.3.8-MariaDB, for Win64 (AMD64)
--
-- Host: 127.0.0.1    Database: ai
-- ------------------------------------------------------
-- Server version	10.3.8-MariaDB

/*!40101 SET @OLD_CHARACTER_SET_CLIENT=@@CHARACTER_SET_CLIENT */;
/*!40101 SET @OLD_CHARACTER_SET_RESULTS=@@CHARACTER_SET_RESULTS */;
/*!40101 SET @OLD_COLLATION_CONNECTION=@@COLLATION_CONNECTION */;
/*!40101 SET NAMES utf8 */;
/*!40103 SET @OLD_TIME_ZONE=@@TIME_ZONE */;
/*!40103 SET TIME_ZONE='+00:00' */;
/*!40014 SET @OLD_UNIQUE_CHECKS=@@UNIQUE_CHECKS, UNIQUE_CHECKS=0 */;
/*!40014 SET @OLD_FOREIGN_KEY_CHECKS=@@FOREIGN_KEY_CHECKS, FOREIGN_KEY_CHECKS=0 */;
/*!40101 SET @OLD_SQL_MODE=@@SQL_MODE, SQL_MODE='NO_AUTO_VALUE_ON_ZERO' */;
/*!40111 SET @OLD_SQL_NOTES=@@SQL_NOTES, SQL_NOTES=0 */;

--
-- Table structure for table `app`
--

DROP TABLE IF EXISTS `app`;
/*!40101 SET @saved_cs_client     = @@character_set_client */;
/*!40101 SET character_set_client = utf8 */;
CREATE TABLE `app` (
  `id` bigint(20) NOT NULL AUTO_INCREMENT,
  `key` char(32) NOT NULL,
  `name` varchar(50) NOT NULL COMMENT '机器人名字，比如：总部机器人1',
  `description` varchar(256) DEFAULT NULL COMMENT '机器人描述或备注',
  PRIMARY KEY (`id`),
  UNIQUE KEY `app_id_uindex` (`id`),
  UNIQUE KEY `app_name_uindex` (`name`)
) ENGINE=InnoDB AUTO_INCREMENT=3 DEFAULT CHARSET=utf8 COMMENT='机器人客户端表';
/*!40101 SET character_set_client = @saved_cs_client */;

--
-- Dumping data for table `app`
--

LOCK TABLES `app` WRITE;
/*!40000 ALTER TABLE `app` DISABLE KEYS */;
INSERT INTO `app` (`id`, `key`, `name`, `description`) VALUES (1,'pwrziKSUAQnRyy01','阿士大夫撒111','阿斯顿发斯蒂芬沙发'),(2,'YclkZAe7DFQ7wOhv','测试<script>alert(\"x\")</script>','测试');
/*!40000 ALTER TABLE `app` ENABLE KEYS */;
UNLOCK TABLES;

--
-- Table structure for table `auth_account_log`
--

DROP TABLE IF EXISTS `auth_account_log`;
/*!40101 SET @saved_cs_client     = @@character_set_client */;
/*!40101 SET character_set_client = utf8 */;
CREATE TABLE `auth_account_log` (
  `ID` int(11) unsigned NOT NULL AUTO_INCREMENT COMMENT '用户账户操作日志主键',
  `LOG_NAME` varchar(255) DEFAULT NULL COMMENT '日志名称(login,register,logout)',
  `USER_ID` varchar(30) DEFAULT NULL COMMENT '用户id',
  `CREATE_TIME` datetime DEFAULT current_timestamp() COMMENT '创建时间',
  `SUCCEED` tinyint(4) DEFAULT NULL COMMENT '是否执行成功(0失败1成功)',
  `MESSAGE` varchar(255) DEFAULT NULL COMMENT '具体消息',
  `IP` varchar(255) DEFAULT NULL COMMENT '登录ip',
  PRIMARY KEY (`ID`) USING BTREE
) ENGINE=InnoDB AUTO_INCREMENT=230 DEFAULT CHARSET=utf8 ROW_FORMAT=DYNAMIC COMMENT='登录注册登出记录';
/*!40101 SET character_set_client = @saved_cs_client */;

--
-- Dumping data for table `auth_account_log`
--

LOCK TABLES `auth_account_log` WRITE;
/*!40000 ALTER TABLE `auth_account_log` DISABLE KEYS */;
INSERT INTO `auth_account_log` (`ID`, `LOG_NAME`, `USER_ID`, `CREATE_TIME`, `SUCCEED`, `MESSAGE`, `IP`) VALUES (17,'用户登录日志','tom','2018-04-22 13:22:39',1,NULL,'10.0.75.2'),(18,'用户登录日志','admin','2018-06-02 17:42:59',1,'登录成功','127.0.0.1'),(19,'用户登录日志','admin','2018-06-06 17:08:38',1,'登录成功','127.0.0.1'),(20,'用户登录日志','admin','2018-06-06 17:10:50',1,'登录成功','127.0.0.1'),(21,'用户登录日志','admin','2018-06-06 20:14:28',1,'登录成功','127.0.0.1'),(22,'用户登录日志','admin','2018-06-06 20:29:18',1,'登录成功','127.0.0.1'),(23,'用户登录日志','admin','2018-06-06 20:32:04',1,'登录成功','127.0.0.1'),(24,'用户登录日志','admin','2018-06-06 20:38:04',1,'登录成功','127.0.0.1'),(25,'用户登录日志','admin','2018-06-06 20:42:16',1,'登录成功','127.0.0.1'),(26,'用户登录日志','admin','2018-06-06 20:43:36',1,'登录成功','127.0.0.1'),(27,'用户登录日志','admin','2018-06-06 20:56:02',1,'登录成功','127.0.0.1'),(28,'用户登录日志','admin','2018-06-06 21:02:37',1,'登录成功','127.0.0.1'),(29,'用户登录日志','admin','2018-06-06 21:04:09',1,'登录成功','127.0.0.1'),(30,'用户登录日志','admin','2018-06-06 21:04:51',1,'登录成功','127.0.0.1'),(31,'用户登录日志','admin','2018-06-06 21:08:31',1,'登录成功','127.0.0.1'),(32,'用户登录日志','admin','2018-06-06 21:10:26',1,'登录成功','127.0.0.1'),(33,'用户登录日志','admin','2018-06-06 21:16:36',1,'登录成功','127.0.0.1'),(34,'用户登录日志','admin','2018-06-06 21:16:46',1,'登录成功','127.0.0.1'),(35,'用户登录日志','admin','2018-06-07 08:27:25',1,'登录成功','127.0.0.1'),(36,'用户登录日志','admin','2018-06-07 09:10:01',1,'登录成功','127.0.0.1'),(37,'用户登录日志','admin','2018-06-07 09:11:05',1,'登录成功','127.0.0.1'),(38,'用户登录日志','admin','2018-06-14 11:23:02',1,'登录成功','127.0.0.1'),(39,'用户登录日志','admin','2018-06-14 11:24:06',1,'登录成功','127.0.0.1'),(40,'用户登录日志','admin','2018-06-15 10:02:28',1,'登录成功','127.0.0.1'),(41,'用户登录日志','admin','2018-06-22 15:57:22',1,'登录成功','127.0.0.1'),(42,'用户登录日志','admin','2018-06-22 16:23:18',1,'登录成功','127.0.0.1'),(43,'用户登录日志','admin','2018-06-22 16:37:09',1,'登录成功','127.0.0.1'),(44,'用户登录日志','admin','2018-06-22 16:37:28',1,'登录成功','127.0.0.1'),(45,'用户登录日志','admin','2018-06-22 16:37:28',1,'登录成功','127.0.0.1'),(46,'用户登录日志','admin','2018-06-22 16:37:29',1,'登录成功','127.0.0.1'),(47,'用户登录日志','admin','2018-06-22 16:37:29',1,'登录成功','127.0.0.1'),(48,'用户登录日志','admin','2018-06-22 16:37:29',1,'登录成功','127.0.0.1'),(49,'用户登录日志','admin','2018-06-22 16:37:29',1,'登录成功','127.0.0.1'),(50,'用户登录日志','admin','2018-06-22 16:37:29',1,'登录成功','127.0.0.1'),(51,'用户登录日志','admin','2018-06-22 16:37:30',1,'登录成功','127.0.0.1'),(52,'用户登录日志','admin','2018-06-22 16:37:30',1,'登录成功','127.0.0.1'),(53,'用户登录日志','admin','2018-06-22 16:37:30',1,'登录成功','127.0.0.1'),(54,'用户登录日志','admin','2018-06-22 16:37:30',1,'登录成功','127.0.0.1'),(55,'用户登录日志','admin','2018-06-22 16:37:31',1,'登录成功','127.0.0.1'),(56,'用户登录日志','admin','2018-06-22 16:37:32',1,'登录成功','127.0.0.1'),(57,'用户登录日志','admin','2018-06-22 16:37:32',1,'登录成功','127.0.0.1'),(58,'用户登录日志','admin','2018-06-22 16:37:32',1,'登录成功','127.0.0.1'),(59,'用户登录日志','admin','2018-06-22 16:37:32',1,'登录成功','127.0.0.1'),(60,'用户登录日志','admin','2018-06-22 16:37:32',1,'登录成功','127.0.0.1'),(61,'用户登录日志','admin','2018-06-22 16:37:33',1,'登录成功','127.0.0.1'),(62,'用户登录日志','admin','2018-06-22 16:37:33',1,'登录成功','127.0.0.1'),(63,'用户登录日志','admin','2018-06-22 16:37:33',1,'登录成功','127.0.0.1'),(64,'用户登录日志','admin','2018-06-22 16:37:33',1,'登录成功','127.0.0.1'),(65,'用户登录日志','admin','2018-06-22 16:37:38',1,'登录成功','127.0.0.1'),(66,'用户登录日志','admin','2018-06-22 16:39:40',1,'登录成功','127.0.0.1'),(67,'用户登录日志','admin','2018-06-22 16:39:40',1,'登录成功','127.0.0.1'),(68,'用户登录日志','admin','2018-06-22 16:39:41',1,'登录成功','127.0.0.1'),(69,'用户登录日志','admin','2018-06-22 16:39:41',1,'登录成功','127.0.0.1'),(70,'用户登录日志','admin','2018-06-22 16:39:46',1,'登录成功','127.0.0.1'),(71,'用户登录日志','admin','2018-06-22 16:39:46',1,'登录成功','127.0.0.1'),(72,'用户登录日志','admin','2018-06-22 16:39:47',1,'登录成功','127.0.0.1'),(73,'用户登录日志','admin','2018-06-22 16:39:48',1,'登录成功','127.0.0.1'),(74,'用户登录日志','admin','2018-06-22 16:39:48',1,'登录成功','127.0.0.1'),(75,'用户登录日志','admin','2018-06-22 16:39:48',1,'登录成功','127.0.0.1'),(76,'用户登录日志','admin','2018-06-22 16:39:49',1,'登录成功','127.0.0.1'),(77,'用户登录日志','admin','2018-06-22 16:39:49',1,'登录成功','127.0.0.1'),(78,'用户登录日志','admin','2018-06-22 16:39:49',1,'登录成功','127.0.0.1'),(79,'用户登录日志','admin','2018-06-22 16:39:50',1,'登录成功','127.0.0.1'),(80,'用户登录日志','admin','2018-06-22 16:39:54',1,'登录成功','127.0.0.1'),(81,'用户登录日志','admin','2018-06-22 16:39:56',1,'登录成功','127.0.0.1'),(82,'用户登录日志','admin','2018-06-22 16:39:57',1,'登录成功','127.0.0.1'),(83,'用户登录日志','admin','2018-06-22 16:39:57',1,'登录成功','127.0.0.1'),(84,'用户登录日志','admin','2018-06-22 16:39:58',1,'登录成功','127.0.0.1'),(85,'用户登录日志','admin','2018-06-22 16:39:58',1,'登录成功','127.0.0.1'),(86,'用户登录日志','admin','2018-06-22 16:39:58',1,'登录成功','127.0.0.1'),(87,'用户登录日志','admin','2018-06-22 16:39:58',1,'登录成功','127.0.0.1'),(88,'用户登录日志','admin','2018-06-22 16:39:59',1,'登录成功','127.0.0.1'),(89,'用户登录日志','admin','2018-06-22 16:39:59',1,'登录成功','127.0.0.1'),(90,'用户登录日志','admin','2018-06-22 16:39:59',1,'登录成功','127.0.0.1'),(91,'用户登录日志','admin','2018-06-22 16:39:59',1,'登录成功','127.0.0.1'),(92,'用户登录日志','admin','2018-06-22 16:39:59',1,'登录成功','127.0.0.1'),(93,'用户登录日志','admin','2018-06-22 16:40:00',1,'登录成功','127.0.0.1'),(94,'用户登录日志','admin','2018-06-22 16:40:00',1,'登录成功','127.0.0.1'),(95,'用户登录日志','admin','2018-06-22 16:40:00',1,'登录成功','127.0.0.1'),(96,'用户登录日志','admin','2018-06-22 16:40:00',1,'登录成功','127.0.0.1'),(97,'用户登录日志','admin','2018-06-22 16:40:00',1,'登录成功','127.0.0.1'),(98,'用户登录日志','admin','2018-06-22 16:40:01',1,'登录成功','127.0.0.1'),(99,'用户登录日志','admin','2018-06-22 16:40:01',1,'登录成功','127.0.0.1'),(100,'用户登录日志','admin','2018-06-22 16:40:01',1,'登录成功','127.0.0.1'),(101,'用户登录日志','admin','2018-06-22 16:40:01',1,'登录成功','127.0.0.1'),(102,'用户登录日志','admin','2018-06-22 16:40:01',1,'登录成功','127.0.0.1'),(103,'用户登录日志','admin','2018-06-22 16:40:01',1,'登录成功','127.0.0.1'),(104,'用户登录日志','admin','2018-06-22 16:40:02',1,'登录成功','127.0.0.1'),(105,'用户登录日志','admin','2018-06-22 16:40:02',1,'登录成功','127.0.0.1'),(106,'用户登录日志','admin','2018-06-22 16:40:02',1,'登录成功','127.0.0.1'),(107,'用户登录日志','admin','2018-06-22 16:40:02',1,'登录成功','127.0.0.1'),(108,'用户登录日志','admin','2018-06-22 16:40:03',1,'登录成功','127.0.0.1'),(109,'用户登录日志','admin','2018-06-22 16:40:03',1,'登录成功','127.0.0.1'),(110,'用户登录日志','admin','2018-06-22 16:40:03',1,'登录成功','127.0.0.1'),(111,'用户登录日志','admin','2018-06-22 16:40:03',1,'登录成功','127.0.0.1'),(112,'用户登录日志','admin','2018-06-22 16:40:04',1,'登录成功','127.0.0.1'),(113,'用户登录日志','admin','2018-06-22 16:40:04',1,'登录成功','127.0.0.1'),(114,'用户登录日志','admin','2018-06-22 16:40:04',1,'登录成功','127.0.0.1'),(115,'用户登录日志','admin','2018-06-22 16:40:05',1,'登录成功','127.0.0.1'),(116,'用户登录日志','admin','2018-06-22 16:40:05',1,'登录成功','127.0.0.1'),(117,'用户登录日志','admin','2018-06-22 16:40:05',1,'登录成功','127.0.0.1'),(118,'用户登录日志','admin','2018-06-22 16:40:05',1,'登录成功','127.0.0.1'),(119,'用户登录日志','admin','2018-06-22 16:40:05',1,'登录成功','127.0.0.1'),(120,'用户登录日志','admin','2018-06-22 16:40:06',1,'登录成功','127.0.0.1'),(121,'用户登录日志','admin','2018-06-22 16:40:06',1,'登录成功','127.0.0.1'),(122,'用户登录日志','admin','2018-06-22 16:40:06',1,'登录成功','127.0.0.1'),(123,'用户登录日志','admin','2018-06-22 16:40:06',1,'登录成功','127.0.0.1'),(124,'用户登录日志','admin','2018-06-22 16:40:07',1,'登录成功','127.0.0.1'),(125,'用户登录日志','admin','2018-06-22 16:40:07',1,'登录成功','127.0.0.1'),(126,'用户登录日志','admin','2018-06-22 16:40:07',1,'登录成功','127.0.0.1'),(127,'用户登录日志','admin','2018-06-22 16:40:07',1,'登录成功','127.0.0.1'),(128,'用户登录日志','admin','2018-06-22 16:40:07',1,'登录成功','127.0.0.1'),(129,'用户登录日志','admin','2018-06-22 16:40:08',1,'登录成功','127.0.0.1'),(130,'用户登录日志','admin','2018-06-22 16:40:08',1,'登录成功','127.0.0.1'),(131,'用户登录日志','admin','2018-06-22 16:40:08',1,'登录成功','127.0.0.1'),(132,'用户登录日志','admin','2018-06-22 16:40:08',1,'登录成功','127.0.0.1'),(133,'用户登录日志','admin','2018-06-22 16:40:08',1,'登录成功','127.0.0.1'),(134,'用户登录日志','admin','2018-06-22 16:40:09',1,'登录成功','127.0.0.1'),(135,'用户登录日志','admin','2018-06-22 16:40:09',1,'登录成功','127.0.0.1'),(136,'用户登录日志','admin','2018-06-22 16:40:09',1,'登录成功','127.0.0.1'),(137,'用户登录日志','admin','2018-06-22 16:40:09',1,'登录成功','127.0.0.1'),(138,'用户登录日志','admin','2018-06-22 16:40:09',1,'登录成功','127.0.0.1'),(139,'用户登录日志','admin','2018-06-22 16:43:52',1,'登录成功','127.0.0.1'),(140,'用户登录日志','admin','2018-06-22 16:43:54',1,'登录成功','127.0.0.1'),(141,'用户登录日志','admin','2018-06-22 16:48:28',1,'登录成功','127.0.0.1'),(142,'用户登录日志','admin','2018-06-22 16:49:20',1,'登录成功','127.0.0.1'),(143,'用户登录日志','admin','2018-06-22 16:49:53',1,'登录成功','127.0.0.1'),(144,'用户登录日志','admin','2018-06-22 16:51:48',1,'登录成功','127.0.0.1'),(145,'用户登录日志','admin','2018-06-22 16:51:54',1,'登录成功','127.0.0.1'),(146,'用户登录日志','admin','2018-06-22 16:52:32',1,'登录成功','127.0.0.1'),(147,'用户登录日志','admin','2018-06-22 16:58:43',1,'登录成功','127.0.0.1'),(148,'用户登录日志','admin','2018-06-22 17:01:41',1,'登录成功','127.0.0.1'),(149,'用户登录日志','admin','2018-06-22 17:03:50',1,'登录成功','127.0.0.1'),(150,'用户登录日志','admin','2018-06-22 17:04:11',1,'登录成功','127.0.0.1'),(151,'用户登录日志','admin','2018-06-22 17:16:29',1,'登录成功','127.0.0.1'),(152,'用户登录日志','admin','2018-06-22 17:17:08',1,'登录成功','127.0.0.1'),(153,'用户登录日志','admin','2018-06-22 17:18:03',1,'登录成功','127.0.0.1'),(154,'用户登录日志','admin','2018-06-22 17:25:08',1,'登录成功','127.0.0.1'),(155,'用户登录日志','admin','2018-06-22 17:26:46',1,'登录成功','127.0.0.1'),(156,'用户登录日志','admin','2018-06-22 17:27:19',1,'登录成功','127.0.0.1'),(157,'用户登录日志','admin','2018-06-22 17:31:10',1,'登录成功','127.0.0.1'),(158,'用户登录日志','admin','2018-06-22 17:52:54',1,'登录成功','127.0.0.1'),(159,'用户登录日志','admin','2018-06-22 17:53:32',1,'登录成功','127.0.0.1'),(160,'用户登录日志','admin','2018-06-22 17:53:46',1,'登录成功','127.0.0.1'),(161,'用户登录日志','admin','2018-06-22 17:56:43',1,'登录成功','127.0.0.1'),(162,'用户登录日志','admin','2018-06-22 17:56:48',1,'登录成功','127.0.0.1'),(163,'用户登录日志','admin','2018-06-22 18:08:25',1,'登录成功','127.0.0.1'),(164,'用户登录日志','admin','2018-06-22 18:08:34',1,'登录成功','127.0.0.1'),(165,'用户登录日志','admin','2018-06-22 18:09:03',1,'登录成功','127.0.0.1'),(166,'用户登录日志','admin','2018-06-22 18:09:54',1,'登录成功','127.0.0.1'),(167,'用户登录日志','admin','2018-06-22 18:11:33',1,'登录成功','127.0.0.1'),(168,'用户登录日志','admin','2018-06-22 18:14:14',1,'登录成功','127.0.0.1'),(169,'用户登录日志','admin','2018-06-22 18:17:10',1,'登录成功','127.0.0.1'),(170,'用户登录日志','admin','2018-06-22 18:18:08',1,'登录成功','127.0.0.1'),(171,'用户登录日志','admin','2018-06-22 18:19:40',1,'登录成功','127.0.0.1'),(172,'用户登录日志','admin','2018-06-22 18:20:59',1,'登录成功','127.0.0.1'),(173,'用户登录日志','admin','2018-06-22 18:21:20',1,'登录成功','127.0.0.1'),(174,'用户登录日志','admin','2018-06-22 18:21:22',1,'登录成功','127.0.0.1'),(175,'用户登录日志','admin','2018-06-22 18:21:36',1,'登录成功','127.0.0.1'),(176,'用户登录日志','admin','2018-06-22 18:21:37',1,'登录成功','127.0.0.1'),(177,'用户登录日志','admin','2018-06-22 18:21:38',1,'登录成功','127.0.0.1'),(178,'用户登录日志','admin','2018-06-22 18:30:30',1,'登录成功','127.0.0.1'),(179,'用户登录日志','admin','2018-06-22 18:31:08',1,'登录成功','127.0.0.1'),(180,'用户登录日志','admin','2018-06-22 18:34:03',1,'登录成功','127.0.0.1'),(181,'用户登录日志','admin','2018-06-22 18:41:49',1,'登录成功','127.0.0.1'),(182,'用户登录日志','admin','2018-06-22 18:51:47',1,'登录成功','127.0.0.1'),(183,'用户登录日志','admin','2018-06-22 18:52:22',1,'登录成功','127.0.0.1'),(184,'用户登录日志','admin','2018-06-22 18:58:17',1,'登录成功','127.0.0.1'),(185,'用户登录日志','admin','2018-06-22 18:59:28',1,'登录成功','127.0.0.1'),(186,'用户登录日志','admin','2018-06-22 19:10:51',1,'登录成功','127.0.0.1'),(187,'用户登录日志','admin','2018-06-22 19:11:39',1,'登录成功','127.0.0.1'),(188,'用户登录日志','admin','2018-06-22 19:12:34',1,'登录成功','127.0.0.1'),(189,'用户登录日志','admin','2018-06-22 19:12:59',1,'登录成功','127.0.0.1'),(190,'用户登录日志','admin','2018-06-22 19:13:30',1,'登录成功','127.0.0.1'),(191,'用户登录日志','admin','2018-06-22 19:14:26',1,'登录成功','127.0.0.1'),(192,'用户登录日志','admin','2018-06-22 19:15:02',1,'登录成功','127.0.0.1'),(193,'用户登录日志','admin','2018-06-22 19:54:36',1,'登录成功','127.0.0.1'),(194,'用户登录日志','admin','2018-07-05 15:36:45',1,'登录成功','127.0.0.1'),(195,'用户登录日志','admin','2018-07-06 11:06:56',1,'登录成功','127.0.0.1'),(196,'用户登录日志','admin','2018-07-06 11:09:50',1,'登录成功','192.168.3.195'),(197,'用户登录日志','admin','2018-07-06 11:28:20',1,'登录成功','192.168.3.135'),(198,'用户登录日志','admin','2018-07-06 11:28:20',1,'登录成功','192.168.3.135'),(199,'用户登录日志','admin','2018-07-06 11:33:37',1,'登录成功','192.168.3.192'),(200,'用户登录日志','admin','2018-07-08 18:20:26',1,'登录成功','192.168.3.236'),(201,'用户登录日志','admin','2018-07-09 17:15:38',1,'登录成功','192.168.3.236'),(202,'用户登录日志','admin','2018-07-10 19:07:02',1,'登录成功','0:0:0:0:0:0:0:1'),(203,'用户登录日志','admin','2018-07-10 19:45:48',1,'登录成功','192.168.3.236'),(204,'用户登录日志','admin','2018-07-10 19:56:50',1,'登录成功','192.168.3.195'),(205,'用户登录日志','admin','2018-07-10 19:56:50',1,'登录成功','192.168.3.195'),(206,'用户登录日志','admin','2018-07-10 20:26:16',1,'登录成功','192.168.3.195'),(207,'用户登录日志','admin','2018-07-10 20:33:13',1,'登录成功','192.168.3.152'),(208,'用户登录日志','admin','2018-07-10 22:21:31',1,'登录成功','192.168.3.236'),(209,'用户登录日志','admin','2018-07-14 13:50:59',1,'登录成功','0:0:0:0:0:0:0:1'),(210,'用户登录日志','admin','2018-07-16 13:37:12',1,'登录成功','0:0:0:0:0:0:0:1'),(211,'用户登录日志','admin','2018-07-16 13:37:12',1,'登录成功','0:0:0:0:0:0:0:1'),(212,'用户登录日志','admin','2018-07-16 13:37:48',1,'登录成功','127.0.0.1'),(213,'用户登录日志','admin1','2018-07-16 15:05:11',1,'登录成功','0:0:0:0:0:0:0:1'),(214,'用户登录日志','admin1','2018-07-16 15:05:46',1,'登录成功','0:0:0:0:0:0:0:1'),(215,'用户登录日志','admin','2018-07-16 15:15:22',1,'登录成功','0:0:0:0:0:0:0:1'),(216,'用户登录日志','admin1','2018-07-16 15:17:07',1,'登录成功','0:0:0:0:0:0:0:1'),(217,'用户登录日志','admin1','2018-07-16 15:17:13',1,'登录成功','0:0:0:0:0:0:0:1'),(218,'用户登录日志','admin1','2018-07-16 15:18:53',1,'登录成功','0:0:0:0:0:0:0:1'),(219,'用户登录日志','admin','2018-07-17 10:38:12',1,'登录成功','0:0:0:0:0:0:0:1'),(220,'用户登录日志','admin','2018-07-17 13:15:09',1,'登录成功','0:0:0:0:0:0:0:1'),(221,'用户登录日志','admin','2018-07-19 14:34:56',1,'登录成功','0:0:0:0:0:0:0:1'),(222,'用户登录日志','admin','2018-07-19 14:42:34',1,'登录成功','0:0:0:0:0:0:0:1'),(223,'用户登录日志','admin','2018-07-19 18:29:50',1,'登录成功','192.168.1.24'),(224,'用户登录日志','admin','2018-07-19 19:58:53',1,'登录成功','192.168.1.20'),(225,'用户登录日志','admin','2018-07-20 16:01:22',1,'登录成功','192.168.1.25'),(226,'用户登录日志','admin','2018-07-20 16:01:30',1,'登录成功','192.168.1.102'),(227,'用户登录日志','admin','2018-07-21 21:16:37',1,'登录成功','192.168.1.6'),(228,'用户登录日志','admin','2018-07-21 21:16:46',1,'登录成功','192.168.1.6'),(229,'用户登录日志','admin','2018-07-21 21:16:49',1,'登录成功','192.168.1.6');
/*!40000 ALTER TABLE `auth_account_log` ENABLE KEYS */;
UNLOCK TABLES;

--
-- Table structure for table `auth_operation_log`
--

DROP TABLE IF EXISTS `auth_operation_log`;
/*!40101 SET @saved_cs_client     = @@character_set_client */;
/*!40101 SET character_set_client = utf8 */;
CREATE TABLE `auth_operation_log` (
  `ID` int(11) NOT NULL AUTO_INCREMENT COMMENT '用户操作日志主键',
  `LOG_NAME` varchar(255) DEFAULT NULL COMMENT '日志名称',
  `USER_ID` varchar(30) DEFAULT NULL COMMENT '用户id',
  `API` varchar(255) DEFAULT NULL COMMENT 'api名称',
  `METHOD` varchar(255) DEFAULT NULL COMMENT '方法名称',
  `CREATE_TIME` datetime DEFAULT current_timestamp() COMMENT '创建时间',
  `SUCCEED` tinyint(4) DEFAULT NULL COMMENT '是否执行成功(0失败1成功)',
  `MESSAGE` varchar(255) DEFAULT NULL COMMENT '具体消息备注',
  PRIMARY KEY (`ID`) USING BTREE
) ENGINE=InnoDB AUTO_INCREMENT=21 DEFAULT CHARSET=utf8 ROW_FORMAT=DYNAMIC COMMENT='操作日志';
/*!40101 SET character_set_client = @saved_cs_client */;

--
-- Dumping data for table `auth_operation_log`
--

LOCK TABLES `auth_operation_log` WRITE;
/*!40000 ALTER TABLE `auth_operation_log` DISABLE KEYS */;
INSERT INTO `auth_operation_log` (`ID`, `LOG_NAME`, `USER_ID`, `API`, `METHOD`, `CREATE_TIME`, `SUCCEED`, `MESSAGE`) VALUES (17,'业务操作日志','tom','/resource/menus','GET','2018-04-22 16:05:05',1,NULL),(18,'业务操作日志','tom','/resource/menus','GET','2018-04-22 16:05:09',1,NULL),(19,'业务操作日志','tom','/resource/api/-1/1/10','GET','2018-04-22 16:08:15',1,NULL),(20,'业务操作日志',NULL,'/resource/authorityMenu','GET','2018-06-06 11:46:18',1,NULL);
/*!40000 ALTER TABLE `auth_operation_log` ENABLE KEYS */;
UNLOCK TABLES;

--
-- Table structure for table `auth_resource`
--

DROP TABLE IF EXISTS `auth_resource`;
/*!40101 SET @saved_cs_client     = @@character_set_client */;
/*!40101 SET character_set_client = utf8 */;
CREATE TABLE `auth_resource` (
  `ID` int(11) unsigned NOT NULL AUTO_INCREMENT COMMENT '资源ID',
  `CODE` varchar(30) DEFAULT NULL COMMENT '资源名称',
  `NAME` varchar(30) DEFAULT NULL COMMENT '资源描述',
  `PARENT_ID` int(11) DEFAULT NULL COMMENT '父资源编码->菜单',
  `URI` varchar(100) DEFAULT NULL COMMENT '访问地址URL',
  `TYPE` smallint(4) DEFAULT NULL COMMENT '类型 1:菜单menu 2:资源element(rest-api) 3:资源分类',
  `METHOD` varchar(10) DEFAULT NULL COMMENT '访问方式 GET POST PUT DELETE PATCH',
  `ICON` varchar(100) DEFAULT NULL COMMENT '图标',
  `STATUS` smallint(4) DEFAULT 1 COMMENT '状态   1:正常、9：禁用',
  `CREATE_TIME` datetime DEFAULT current_timestamp() COMMENT '创建时间',
  `UPDATE_TIME` datetime DEFAULT current_timestamp() COMMENT '更新时间',
  PRIMARY KEY (`ID`) USING BTREE
) ENGINE=InnoDB AUTO_INCREMENT=147 DEFAULT CHARSET=utf8 ROW_FORMAT=DYNAMIC COMMENT='资源信息表(菜单,资源)';
/*!40101 SET character_set_client = @saved_cs_client */;

--
-- Dumping data for table `auth_resource`
--

LOCK TABLES `auth_resource` WRITE;
/*!40000 ALTER TABLE `auth_resource` DISABLE KEYS */;
INSERT INTO `auth_resource` (`ID`, `CODE`, `NAME`, `PARENT_ID`, `URI`, `TYPE`, `METHOD`, `ICON`, `STATUS`, `CREATE_TIME`, `UPDATE_TIME`) VALUES (101,'ACCOUNT_LOGIN','用户登录',103,'/account/login',2,'POST',NULL,1,NULL,NULL),(103,'GROUP_ACCOUNT','账户系列',110,'',3,'POST',NULL,1,NULL,NULL),(104,'USER_MAGE','用户管理',-1,'/index/user',1,'POST','fa fa-user',1,NULL,NULL),(106,'RESOURCE_MAGE','资源配置',-1,'',1,'POST','fa fa-pie-chart',1,NULL,NULL),(107,'MENU_MANAGE','菜单管理',106,'/index/menu',1,'POST','fa fa-th',1,NULL,NULL),(109,'API_MANAGE','API管理',106,'/index/api',1,NULL,'fa fa-share',1,'2018-04-07 09:40:24','2018-04-07 09:40:24'),(110,'CATEGORY_GROUP','分类集合(API类别请放入此集合)',-1,NULL,3,NULL,NULL,1,'2018-04-07 14:27:58','2018-04-07 14:27:58'),(112,'ACCOUNT_REGISTER','用户注册',103,'/account/register',2,'POST',NULL,1,'2018-04-07 16:21:45','2018-04-07 16:21:45'),(115,'GROUP_USER','用户系列',110,'',3,'GET',NULL,1,'2018-04-07 16:31:01','2018-04-07 16:31:01'),(117,'ROLE_MANAGE','角色管理',106,'/index/role',1,NULL,'fa fa-adjust',1,'2018-04-08 05:36:31','2018-04-08 05:36:31'),(118,'GROUP_RESOURCE','资源系列',110,NULL,3,NULL,NULL,1,'2018-04-09 02:29:14','2018-04-09 02:29:14'),(119,'USER_ROLE_APPID','获取对应用户角色',115,'/user/role/*/*/*',2,'GET',NULL,1,'2018-04-12 03:07:22','2018-04-12 03:07:22'),(120,'USER_LIST','获取用户列表',115,'/user/list',2,'GET',NULL,1,'2018-04-12 03:08:30','2018-04-12 03:08:30'),(121,'USER_AUTHORITY_ROLE','给用户授权添加角色',115,'/user/authority/role',2,'POST',NULL,1,'2018-04-12 03:15:56','2018-04-12 03:15:56'),(122,'USER_AUTHORITY_ROLE','删除已经授权的用户角色',115,'/user/authority/role',2,'DELETE',NULL,1,'2018-04-12 03:29:03','2018-04-12 03:29:03'),(123,'RESOURCE_AUTORITYMENU','获取用户被授权菜单',118,'/resource/authorityMenu',2,'GET',NULL,1,'2018-04-12 05:30:03','2018-04-12 05:30:03'),(124,'RESOURCE_MENUS','获取全部菜单列',118,'/resource/menus',2,'GET',NULL,1,'2018-04-12 05:42:46','2018-04-12 05:42:46'),(125,'RESOURCE_MENU','增加菜单',118,'/resource/menu',2,'POST',NULL,1,'2018-04-12 06:15:39','2018-04-12 06:15:39'),(126,'RESOURCE_MENU','修改菜单',118,'/resource/menu',2,'PUT',NULL,1,'2018-04-12 06:16:35','2018-04-12 06:16:35'),(127,'RESOURCE_MENU','删除菜单',118,'/resource/menu',2,'DELETE',NULL,1,'2018-04-12 06:17:18','2018-04-12 06:17:18'),(128,'RESOURCE_API','获取API list',118,'/resource/api/*/*/*',2,'GET',NULL,1,'2018-04-12 06:18:02','2018-04-12 06:18:02'),(129,'RESOURCE_API','增加API',118,'/resource/api',2,'POST',NULL,1,'2018-04-12 06:18:42','2018-04-12 06:18:42'),(130,'RESOURCE_API','修改API',118,'/resource/api',2,'PUT',NULL,1,'2018-04-12 06:19:32','2018-04-12 06:19:32'),(131,'RESOURCE_API','删除API',118,'/resource/api',2,'DELETE',NULL,1,'2018-04-12 06:20:03','2018-04-12 06:20:03'),(132,'GROUP_ROLE','角色系列',110,NULL,3,NULL,NULL,1,'2018-04-12 06:22:02','2018-04-12 06:22:02'),(133,'ROLE_USER','获取角色关联用户列表',132,'/role/user/*/*/*',2,'GET',NULL,1,'2018-04-12 06:22:59','2018-04-12 06:22:59'),(134,'ROLE_USER','获取角色未关联用户列表',132,'/role/user/-/*/*/*',2,'GET',NULL,1,'2018-04-12 06:24:09','2018-04-12 06:24:09'),(135,'ROLE_API','获取角色关联API资源',132,'/role/api/*/*/*',2,'GET',NULL,1,'2018-04-12 06:25:32','2018-04-12 06:25:32'),(136,'ROLE_API','获取角色未关联API资源',132,'/role/api/-/*/*/*',2,'GET',NULL,1,'2018-04-12 06:26:12','2018-04-12 06:26:12'),(137,'ROLE_MENU','获取角色关联菜单资源',132,'role/menu/*/*/*',2,'GET',NULL,1,'2018-04-12 06:27:20','2018-04-12 06:27:20'),(138,'ROLE_MENU','获取角色未关联菜单资源',132,'/role/menu/-/*/*/*',2,'GET',NULL,1,'2018-04-12 06:27:56','2018-04-12 06:27:56'),(139,'ROLE_AUTHORITY_RESOURCE','授权资源给角色',132,'/role/authority/resource',2,'POST',NULL,1,'2018-04-12 06:29:45','2018-04-12 06:29:45'),(140,'ROLE_AUTHORITY_RESOURCE','删除角色的授权资源',132,'/role/authority/resource',2,'DELETE',NULL,1,'2018-04-12 06:31:12','2018-04-12 06:31:12'),(141,'ROLE','获取角色LIST',132,'role/*/*',2,'GET',NULL,1,'2018-04-12 06:32:34','2018-04-12 06:32:34'),(142,'ROLE','添加角色',132,'role',2,'POST',NULL,1,'2018-04-12 06:33:25','2018-04-12 06:33:25'),(143,'USER','更新角色',132,'role',2,'PUT',NULL,1,'2018-04-12 06:34:27','2018-04-12 06:34:27'),(144,'ROLE','删除角色',132,'role',2,'DELETE',NULL,1,'2018-04-12 06:35:15','2018-04-12 06:35:15'),(145,'LOG_WATCH','日志记录',104,'/index/log',1,NULL,'fa fa-rss-square',1,'2018-04-22 08:12:24','2018-04-22 08:12:24'),(146,'asf_adf','刘荣飞',-1,'/index/user11',1,NULL,'fa fa-folder',1,'2018-06-06 20:37:19','2018-06-06 20:37:19');
/*!40000 ALTER TABLE `auth_resource` ENABLE KEYS */;
UNLOCK TABLES;

--
-- Table structure for table `auth_role`
--

DROP TABLE IF EXISTS `auth_role`;
/*!40101 SET @saved_cs_client     = @@character_set_client */;
/*!40101 SET character_set_client = utf8 */;
CREATE TABLE `auth_role` (
  `ID` int(11) unsigned NOT NULL AUTO_INCREMENT COMMENT '角色ID',
  `CODE` varchar(30) NOT NULL COMMENT '角色编码',
  `NAME` varchar(30) DEFAULT NULL COMMENT '角色名称',
  `STATUS` smallint(4) DEFAULT 1 COMMENT '状态   1:正常、9：禁用',
  `CREATE_TIME` datetime DEFAULT current_timestamp() COMMENT '创建时间',
  `UPDATE_TIME` datetime DEFAULT current_timestamp() COMMENT '更新时间',
  PRIMARY KEY (`ID`) USING BTREE
) ENGINE=InnoDB AUTO_INCREMENT=105 DEFAULT CHARSET=utf8 ROW_FORMAT=DYNAMIC COMMENT='角色信息表';
/*!40101 SET character_set_client = @saved_cs_client */;

--
-- Dumping data for table `auth_role`
--

LOCK TABLES `auth_role` WRITE;
/*!40000 ALTER TABLE `auth_role` DISABLE KEYS */;
INSERT INTO `auth_role` (`ID`, `CODE`, `NAME`, `STATUS`, `CREATE_TIME`, `UPDATE_TIME`) VALUES (100,'role_admin','管理员角色',1,'2018-06-06 20:41:55','2018-06-06 20:41:55'),(102,'role_agent','代理角色',1,'2018-06-06 20:41:55','2018-06-06 20:41:55'),(103,'role_company','企业角色',1,'2018-06-06 20:41:55','2018-06-06 20:41:55'),(104,'role_user','企业内部角色',1,'2018-06-06 20:41:55','2018-06-06 20:41:55');
/*!40000 ALTER TABLE `auth_role` ENABLE KEYS */;
UNLOCK TABLES;

--
-- Table structure for table `auth_role_resource`
--

DROP TABLE IF EXISTS `auth_role_resource`;
/*!40101 SET @saved_cs_client     = @@character_set_client */;
/*!40101 SET character_set_client = utf8 */;
CREATE TABLE `auth_role_resource` (
  `ID` int(11) unsigned NOT NULL AUTO_INCREMENT COMMENT '主键ID',
  `ROLE_ID` int(11) NOT NULL COMMENT '角色ID',
  `RESOURCE_ID` int(11) NOT NULL COMMENT '资源ID',
  `CREATE_TIME` datetime DEFAULT current_timestamp() COMMENT '创建时间',
  `UPDATE_TIME` datetime DEFAULT current_timestamp() COMMENT '更新时间',
  PRIMARY KEY (`ID`) USING BTREE,
  UNIQUE KEY `ROLE_ID` (`ROLE_ID`,`RESOURCE_ID`) USING BTREE
) ENGINE=InnoDB AUTO_INCREMENT=119 DEFAULT CHARSET=utf8 ROW_FORMAT=DYNAMIC COMMENT='资源角色关联表';
/*!40101 SET character_set_client = @saved_cs_client */;

--
-- Dumping data for table `auth_role_resource`
--

LOCK TABLES `auth_role_resource` WRITE;
/*!40000 ALTER TABLE `auth_role_resource` DISABLE KEYS */;
INSERT INTO `auth_role_resource` (`ID`, `ROLE_ID`, `RESOURCE_ID`, `CREATE_TIME`, `UPDATE_TIME`) VALUES (10,103,105,'2018-04-01 12:50:19','2018-04-01 12:50:19'),(21,102,102,'2018-04-09 21:09:09','2018-04-09 21:09:09'),(23,103,101,'2018-04-09 21:51:39','2018-04-09 21:51:39'),(24,103,102,'2018-04-09 21:51:43','2018-04-09 21:51:43'),(25,103,103,'2018-04-09 21:51:46','2018-04-09 21:51:46'),(26,103,112,'2018-04-09 21:51:49','2018-04-09 21:51:49'),(27,101,112,'2018-04-09 22:21:02','2018-04-09 22:21:02'),(28,101,103,'2018-04-09 22:21:06','2018-04-09 22:21:06'),(29,100,102,'2018-04-09 22:25:09','2018-04-09 22:25:09'),(30,101,101,'2018-04-09 22:39:28','2018-04-09 22:39:28'),(31,103,100,'2018-04-09 22:45:00','2018-04-09 22:45:00'),(32,103,104,'2018-04-09 22:46:26','2018-04-09 22:46:26'),(33,103,106,'2018-04-09 22:46:28','2018-04-09 22:46:28'),(34,103,107,'2018-04-09 22:46:31','2018-04-09 22:46:31'),(35,103,109,'2018-04-09 22:46:34','2018-04-09 22:46:34'),(36,103,116,'2018-04-09 22:46:37','2018-04-09 22:46:37'),(37,103,117,'2018-04-09 22:46:43','2018-04-09 22:46:43'),(38,104,101,'2018-04-09 22:49:46','2018-04-09 22:49:46'),(39,104,102,'2018-04-09 22:49:52','2018-04-09 22:49:52'),(40,104,103,'2018-04-09 22:49:55','2018-04-09 22:49:55'),(41,100,103,'2018-04-09 22:51:56','2018-04-09 22:51:56'),(42,102,101,'2018-04-11 09:35:37','2018-04-11 09:35:37'),(43,103,123,'2018-04-20 09:08:52','2018-04-20 09:08:52'),(44,103,119,'2018-04-20 09:23:51','2018-04-20 09:23:51'),(45,103,129,'2018-04-20 09:24:21','2018-04-20 09:24:21'),(46,103,128,'2018-04-20 09:25:58','2018-04-20 09:25:58'),(47,102,104,'2018-04-20 23:26:00','2018-04-20 23:26:00'),(48,102,107,'2018-04-20 23:26:04','2018-04-20 23:26:04'),(49,102,117,'2018-04-20 23:26:07','2018-04-20 23:26:07'),(50,102,109,'2018-04-20 23:26:10','2018-04-20 23:26:10'),(51,102,106,'2018-04-20 23:26:13','2018-04-20 23:26:13'),(52,102,123,'2018-04-21 00:24:38','2018-04-21 00:24:38'),(54,102,128,'2018-04-21 09:27:08','2018-04-21 09:27:08'),(58,102,134,'2018-04-22 13:24:55','2018-04-22 13:24:55'),(59,102,135,'2018-04-22 13:25:00','2018-04-22 13:25:00'),(60,102,145,'2018-04-22 17:23:30','2018-04-22 17:23:30'),(83,100,124,'2018-04-25 16:05:11','2018-04-25 16:05:11'),(84,103,122,'2018-05-03 23:00:19','2018-05-03 23:00:19'),(85,100,120,'2018-05-03 23:02:14','2018-05-03 23:02:14'),(87,100,107,'2018-05-09 10:10:13','2018-05-09 10:10:13'),(88,102,112,'2018-05-09 10:10:40','2018-05-09 10:10:40'),(89,102,119,'2018-05-09 10:10:45','2018-05-09 10:10:45'),(90,102,120,'2018-05-09 10:10:50','2018-05-09 10:10:50'),(91,102,121,'2018-05-09 10:10:55','2018-05-09 10:10:55'),(92,102,122,'2018-05-09 10:11:00','2018-05-09 10:11:00'),(93,102,124,'2018-05-09 10:11:05','2018-05-09 10:11:05'),(94,102,125,'2018-05-09 10:11:10','2018-05-09 10:11:10'),(95,102,126,'2018-05-09 10:11:15','2018-05-09 10:11:15'),(96,102,127,'2018-05-09 10:11:19','2018-05-09 10:11:19'),(97,102,129,'2018-05-09 10:11:24','2018-05-09 10:11:24'),(98,102,130,'2018-05-09 10:11:29','2018-05-09 10:11:29'),(99,102,131,'2018-05-09 10:11:34','2018-05-09 10:11:34'),(100,102,133,'2018-05-09 10:11:39','2018-05-09 10:11:39'),(101,102,136,'2018-05-09 10:11:44','2018-05-09 10:11:44'),(102,102,137,'2018-05-09 10:11:49','2018-05-09 10:11:49'),(103,102,138,'2018-05-09 10:11:54','2018-05-09 10:11:54'),(104,102,139,'2018-05-09 10:11:59','2018-05-09 10:11:59'),(105,102,140,'2018-05-09 10:12:04','2018-05-09 10:12:04'),(106,102,141,'2018-05-09 10:12:08','2018-05-09 10:12:08'),(107,102,142,'2018-05-09 10:12:13','2018-05-09 10:12:13'),(108,102,143,'2018-05-09 10:12:17','2018-05-09 10:12:17'),(109,102,144,'2018-05-09 10:12:21','2018-05-09 10:12:21'),(110,100,106,'2018-06-06 20:27:14','2018-06-06 20:27:14'),(111,100,109,'2018-06-06 20:27:19','2018-06-06 20:27:19'),(112,100,117,'2018-06-06 20:27:22','2018-06-06 20:27:22'),(113,100,145,'2018-06-06 20:27:25','2018-06-06 20:27:25'),(114,100,101,'2018-06-06 20:28:19','2018-06-06 20:28:19'),(115,100,121,'2018-06-06 20:28:23','2018-06-06 20:28:23'),(116,100,125,'2018-06-06 20:28:27','2018-06-06 20:28:27'),(117,104,107,'2018-06-06 20:36:17','2018-06-06 20:36:17'),(118,100,104,'2018-06-06 21:14:33','2018-06-06 21:14:33');
/*!40000 ALTER TABLE `auth_role_resource` ENABLE KEYS */;
UNLOCK TABLES;

--
-- Table structure for table `auth_user`
--

DROP TABLE IF EXISTS `auth_user`;
/*!40101 SET @saved_cs_client     = @@character_set_client */;
/*!40101 SET character_set_client = utf8 */;
CREATE TABLE `auth_user` (
  `uid` varchar(30) NOT NULL COMMENT 'uid,用户账号,主键',
  `username` varchar(30) NOT NULL COMMENT '用户名(nick_name)',
  `password` varchar(50) NOT NULL COMMENT '密码(MD5(密码+盐))',
  `salt` varchar(20) DEFAULT NULL COMMENT '盐',
  `real_name` varchar(30) DEFAULT NULL COMMENT '用户真名',
  `avatar` varchar(100) DEFAULT NULL COMMENT '头像',
  `phone` varchar(20) DEFAULT NULL COMMENT '电话号码(唯一)',
  `email` varchar(50) DEFAULT NULL COMMENT '邮件地址(唯一)',
  `sex` tinyint(4) DEFAULT NULL COMMENT '性别(1.男 2.女)',
  `status` tinyint(4) DEFAULT NULL COMMENT '账户状态(1.正常 2.锁定 3.删除 4.非法)',
  `CREATE_TIME` datetime DEFAULT current_timestamp() COMMENT '创建时间',
  `UPDATE_TIME` datetime DEFAULT current_timestamp() COMMENT '更新时间',
  `CREATE_WHERE` tinyint(4) DEFAULT NULL COMMENT '创建来源(1.web 2.android 3.ios 4.win 5.macos 6.ubuntu)',
  `pid` varchar(30) DEFAULT NULL COMMENT '属于该账号属于某个账号',
  PRIMARY KEY (`uid`) USING BTREE,
  UNIQUE KEY `phone` (`phone`) USING BTREE,
  UNIQUE KEY `email` (`email`) USING BTREE
) ENGINE=InnoDB DEFAULT CHARSET=utf8 ROW_FORMAT=DYNAMIC COMMENT='用户信息表';
/*!40101 SET character_set_client = @saved_cs_client */;

--
-- Dumping data for table `auth_user`
--

LOCK TABLES `auth_user` WRITE;
/*!40000 ALTER TABLE `auth_user` DISABLE KEYS */;
INSERT INTO `auth_user` (`uid`, `username`, `password`, `salt`, `real_name`, `avatar`, `phone`, `email`, `sex`, `status`, `CREATE_TIME`, `UPDATE_TIME`, `CREATE_WHERE`, `pid`) VALUES ('admin','管理员','F72375083F06C3C73D2DD525E54782A8','79sz6j',NULL,NULL,NULL,NULL,NULL,1,'2018-04-26 19:21:04','2018-04-26 11:21:04',NULL,NULL),('admin1','管理员111','F72375083F06C3C73D2DD525E54782A8','79sz6j',NULL,NULL,NULL,NULL,NULL,1,'2018-04-26 19:21:04','2018-04-26 11:21:04',NULL,NULL);
/*!40000 ALTER TABLE `auth_user` ENABLE KEYS */;
UNLOCK TABLES;

--
-- Table structure for table `auth_user_role`
--

DROP TABLE IF EXISTS `auth_user_role`;
/*!40101 SET @saved_cs_client     = @@character_set_client */;
/*!40101 SET character_set_client = utf8 */;
CREATE TABLE `auth_user_role` (
  `ID` int(11) unsigned NOT NULL AUTO_INCREMENT COMMENT '用户角色关联表主键',
  `USER_ID` varchar(30) NOT NULL COMMENT '用户UID',
  `ROLE_ID` int(11) NOT NULL COMMENT '角色ID',
  `CREATE_TIME` datetime DEFAULT current_timestamp() COMMENT '创建时间',
  `UPDATE_TIME` datetime DEFAULT current_timestamp() COMMENT '更新时间',
  PRIMARY KEY (`ID`) USING BTREE,
  UNIQUE KEY `USER_ID` (`USER_ID`,`ROLE_ID`) USING BTREE
) ENGINE=InnoDB AUTO_INCREMENT=22 DEFAULT CHARSET=utf8 ROW_FORMAT=DYNAMIC COMMENT='用户角色关联表';
/*!40101 SET character_set_client = @saved_cs_client */;

--
-- Dumping data for table `auth_user_role`
--

LOCK TABLES `auth_user_role` WRITE;
/*!40000 ALTER TABLE `auth_user_role` DISABLE KEYS */;
INSERT INTO `auth_user_role` (`ID`, `USER_ID`, `ROLE_ID`, `CREATE_TIME`, `UPDATE_TIME`) VALUES (16,'admin',100,'2018-06-06 18:44:21','2018-06-06 18:44:21'),(17,'admin',102,'2018-06-22 18:11:11','2018-06-22 18:11:11'),(18,'admin',103,'2018-06-22 18:11:11','2018-06-22 18:11:11'),(19,'admin',104,'2018-06-22 18:11:11','2018-06-22 18:11:11'),(20,'admin1',104,'2018-06-22 18:11:11','2018-06-22 18:11:11'),(21,'admin1',103,'2018-06-22 18:11:11','2018-06-22 18:11:11');
/*!40000 ALTER TABLE `auth_user_role` ENABLE KEYS */;
UNLOCK TABLES;

--
-- Table structure for table `gateway`
--

DROP TABLE IF EXISTS `gateway`;
/*!40101 SET @saved_cs_client     = @@character_set_client */;
/*!40101 SET character_set_client = utf8 */;
CREATE TABLE `gateway` (
  `id` bigint(20) NOT NULL AUTO_INCREMENT,
  `name` varchar(50) NOT NULL COMMENT '网关名字，用于后台直观的区分不同的网关',
  `ip` varchar(40) NOT NULL COMMENT 'ip地址，考虑到以后可能用ipv6地址 所以设定40个长度\n此外ip地址是内网的，所以可能重复，不能唯一',
  `port` int(11) NOT NULL COMMENT '网关端口',
  `app_id` bigint(20) NOT NULL COMMENT '客户端编号，表示该网关属于哪个app管理。不允许一个网关多个app管理的情况',
  `description` varchar(512) DEFAULT NULL COMMENT '备注网关信息，方便后期管理。',
  `user_id` varchar(30) NOT NULL,
  PRIMARY KEY (`id`),
  UNIQUE KEY `gateway_id_uindex` (`id`),
  UNIQUE KEY `gateway_name_uindex` (`name`),
  KEY `gateway_app_id_fk` (`app_id`),
  KEY `gateway_auth_user_uid_fk` (`user_id`),
  CONSTRAINT `gateway_app_id_fk` FOREIGN KEY (`app_id`) REFERENCES `app` (`id`) ON DELETE CASCADE,
  CONSTRAINT `gateway_auth_user_uid_fk` FOREIGN KEY (`user_id`) REFERENCES `auth_user` (`uid`) ON DELETE CASCADE
) ENGINE=InnoDB AUTO_INCREMENT=23 DEFAULT CHARSET=utf8 COMMENT='网关信息';
/*!40101 SET character_set_client = @saved_cs_client */;

--
-- Dumping data for table `gateway`
--

LOCK TABLES `gateway` WRITE;
/*!40000 ALTER TABLE `gateway` DISABLE KEYS */;
INSERT INTO `gateway` (`id`, `name`, `ip`, `port`, `app_id`, `description`, `user_id`) VALUES (22,'中原智能测试网关','192.168.4.101',5060,1,'8口测试网关','admin');
/*!40000 ALTER TABLE `gateway` ENABLE KEYS */;
UNLOCK TABLES;

--
-- Table structure for table `gateway_report`
--

DROP TABLE IF EXISTS `gateway_report`;
/*!40101 SET @saved_cs_client     = @@character_set_client */;
/*!40101 SET character_set_client = utf8 */;
CREATE TABLE `gateway_report` (
  `id` bigint(20) NOT NULL AUTO_INCREMENT,
  `gateway_id` bigint(20) NOT NULL,
  `description` varchar(256) NOT NULL COMMENT '简单描述网关出错信息',
  `detail` text DEFAULT NULL COMMENT '详细的错误信息，带上客户端报错信息，方便排查。',
  PRIMARY KEY (`id`),
  UNIQUE KEY `gateway_report_id_uindex` (`id`)
) ENGINE=InnoDB DEFAULT CHARSET=utf8 COMMENT='网关错误信息报告';
/*!40101 SET character_set_client = @saved_cs_client */;

--
-- Dumping data for table `gateway_report`
--

LOCK TABLES `gateway_report` WRITE;
/*!40000 ALTER TABLE `gateway_report` DISABLE KEYS */;
/*!40000 ALTER TABLE `gateway_report` ENABLE KEYS */;
UNLOCK TABLES;

--
-- Table structure for table `sim`
--

DROP TABLE IF EXISTS `sim`;
/*!40101 SET @saved_cs_client     = @@character_set_client */;
/*!40101 SET character_set_client = utf8 */;
CREATE TABLE `sim` (
  `id` bigint(20) NOT NULL AUTO_INCREMENT,
  `number` varchar(20) NOT NULL COMMENT '手机号，包括座机号',
  `gateway_id` bigint(20) NOT NULL COMMENT '卡所属的网关的编号',
  `description` varchar(500) NOT NULL COMMENT '人工备注在第几个卡槽，方便以后管理',
  `user_id` varchar(30) NOT NULL COMMENT '属于哪个账号，限制只有属于该账号创建的账号才能使用该卡。',
  PRIMARY KEY (`id`),
  UNIQUE KEY `sim_id_uindex` (`id`),
  KEY `sim_gateway_id_fk` (`gateway_id`),
  KEY `sim_user_id_fk` (`user_id`),
  CONSTRAINT `sim_auth_user_uid_fk` FOREIGN KEY (`user_id`) REFERENCES `auth_user` (`uid`) ON DELETE CASCADE,
  CONSTRAINT `sim_gateway_id_fk` FOREIGN KEY (`gateway_id`) REFERENCES `gateway` (`id`) ON DELETE CASCADE
) ENGINE=InnoDB AUTO_INCREMENT=16 DEFAULT CHARSET=utf8 COMMENT='sim卡信息';
/*!40101 SET character_set_client = @saved_cs_client */;

--
-- Dumping data for table `sim`
--

LOCK TABLES `sim` WRITE;
/*!40000 ALTER TABLE `sim` DISABLE KEYS */;
INSERT INTO `sim` (`id`, `number`, `gateway_id`, `description`, `user_id`) VALUES (15,'18402847602',22,'2口测试卡','admin');
/*!40000 ALTER TABLE `sim` ENABLE KEYS */;
UNLOCK TABLES;

--
-- Table structure for table `sim_user`
--

DROP TABLE IF EXISTS `sim_user`;
/*!40101 SET @saved_cs_client     = @@character_set_client */;
/*!40101 SET character_set_client = utf8 */;
CREATE TABLE `sim_user` (
  `id` bigint(20) NOT NULL AUTO_INCREMENT,
  `user_id` varchar(30) NOT NULL,
  `sim_id` bigint(20) NOT NULL COMMENT '表示user_id编号指定的用户可以使用的卡的编号',
  PRIMARY KEY (`id`),
  KEY `sim_user_sim_id_fk` (`sim_id`),
  KEY `sim_user_user_id_fk` (`user_id`),
  CONSTRAINT `sim_user_auth_user_uid_fk` FOREIGN KEY (`user_id`) REFERENCES `auth_user` (`uid`) ON DELETE CASCADE,
  CONSTRAINT `sim_user_sim_id_fk` FOREIGN KEY (`sim_id`) REFERENCES `sim` (`id`) ON DELETE CASCADE
) ENGINE=InnoDB DEFAULT CHARSET=utf8 COMMENT='sim卡使用记录表';
/*!40101 SET character_set_client = @saved_cs_client */;

--
-- Dumping data for table `sim_user`
--

LOCK TABLES `sim_user` WRITE;
/*!40000 ALTER TABLE `sim_user` DISABLE KEYS */;
/*!40000 ALTER TABLE `sim_user` ENABLE KEYS */;
UNLOCK TABLES;

--
-- Table structure for table `task`
--

DROP TABLE IF EXISTS `task`;
/*!40101 SET @saved_cs_client     = @@character_set_client */;
/*!40101 SET character_set_client = utf8 */;
CREATE TABLE `task` (
  `id` bigint(20) NOT NULL AUTO_INCREMENT,
  `user_id` varchar(30) NOT NULL COMMENT '用户编号，表示任务是哪个用户的',
  `template_id` bigint(20) NOT NULL COMMENT '表示该任务使用哪个模板',
  `name` varchar(100) NOT NULL,
  `thread` int(11) DEFAULT NULL COMMENT '任务并发数，即最多同时多少张卡执行任务',
  `total` int(11) NOT NULL COMMENT '该任务的电话号码总数',
  `called` int(11) DEFAULT 0 COMMENT '已拨打的电话数目，每次提交任务报告的时候更新这个字段',
  `created_at` datetime DEFAULT current_timestamp() COMMENT '床建任务的时间',
  `start_at` datetime DEFAULT current_timestamp() COMMENT '任务开始的时间',
  `finish_at` datetime DEFAULT current_timestamp() COMMENT '任务结束的时间',
  `status` tinyint(4) DEFAULT 1 COMMENT '0 已结束。 1 未开始 2 已准备好等待开始  3 执行中  4 暂停中  5 执行失败，被客户端获取，但是客户端很久（半小时）没有更新拨打状态的情况',
  `test` tinyint(1) DEFAULT 0 COMMENT '记录是否是测试任务，用于实现单呼叫，单呼的优先级最高，优先拨打测试客户',
  PRIMARY KEY (`id`),
  UNIQUE KEY `task_id_uindex` (`id`),
  KEY `task_user_id_fk` (`user_id`),
  CONSTRAINT `task_auth_user_uid_fk` FOREIGN KEY (`user_id`) REFERENCES `auth_user` (`uid`) ON DELETE CASCADE
) ENGINE=InnoDB AUTO_INCREMENT=69 DEFAULT CHARSET=utf8 COMMENT='任务表';
/*!40101 SET character_set_client = @saved_cs_client */;

--
-- Dumping data for table `task`
--

LOCK TABLES `task` WRITE;
/*!40000 ALTER TABLE `task` DISABLE KEYS */;
INSERT INTO `task` (`id`, `user_id`, `template_id`, `name`, `thread`, `total`, `called`, `created_at`, `start_at`, `finish_at`, `status`, `test`) VALUES (67,'admin',2,'第一批客户',0,15,0,'2018-07-20 11:17:24',NULL,NULL,1,0),(68,'admin',2,'dfsadfsa',0,0,0,'2018-07-21 21:17:43',NULL,NULL,2,1);
/*!40000 ALTER TABLE `task` ENABLE KEYS */;
UNLOCK TABLES;

--
-- Table structure for table `task_user`
--

DROP TABLE IF EXISTS `task_user`;
/*!40101 SET @saved_cs_client     = @@character_set_client */;
/*!40101 SET character_set_client = utf8 */;
CREATE TABLE `task_user` (
  `id` bigint(20) NOT NULL AUTO_INCREMENT,
  `task_id` bigint(20) NOT NULL COMMENT '任务编号',
  `content` text DEFAULT NULL COMMENT '用于描述任务执行结果的json字符串',
  `mobile` char(15) NOT NULL COMMENT '要拨打的电话号码',
  `name` varchar(100) DEFAULT NULL COMMENT '客户姓名',
  `remark` varchar(255) DEFAULT NULL COMMENT '客户备注',
  `voice` varchar(100) DEFAULT NULL COMMENT '从头到尾整段录音的存放路径',
  `status` tinyint(4) DEFAULT 1 COMMENT '任务状态  0 通话完毕。 1 任务未执行。 2 任务被客户端获取。',
  `called_at` datetime NOT NULL COMMENT '给该客户拨打电话的时间',
  `time` int(11) DEFAULT 0 COMMENT '通话时长，单位（秒）',
  `type` tinyint(4) DEFAULT 0 COMMENT '什么类型的客户，具体根据模板中定义的分类索引来比较。',
  `share` tinyint(1) DEFAULT 0 COMMENT '是否公开该客户，默认不公开，只有自己和公司账号能看到',
  PRIMARY KEY (`id`),
  UNIQUE KEY `task_user_id_uindex` (`id`),
  KEY `task_user_task_id_fk` (`task_id`),
  CONSTRAINT `task_user_task_id_fk` FOREIGN KEY (`task_id`) REFERENCES `task` (`id`) ON DELETE CASCADE
) ENGINE=InnoDB AUTO_INCREMENT=145 DEFAULT CHARSET=utf8 COMMENT='任务电话用户表';
/*!40101 SET character_set_client = @saved_cs_client */;

--
-- Dumping data for table `task_user`
--

LOCK TABLES `task_user` WRITE;
/*!40000 ALTER TABLE `task_user` DISABLE KEYS */;
INSERT INTO `task_user` (`id`, `task_id`, `content`, `mobile`, `name`, `remark`, `voice`, `status`, `called_at`, `time`, `type`, `share`) VALUES (126,67,NULL,'13758277505','刘荣飞','测试1',NULL,2,'2018-07-20 11:21:30',0,0,0),(136,67,NULL,'13758277505','刘荣飞','测试1',NULL,2,'2018-07-20 11:21:30',0,0,0),(137,67,NULL,'15366612555','刘荣飞','测试1',NULL,2,'2018-07-20 11:21:30',0,0,0),(138,67,NULL,'18091565658','刘荣飞','测试1',NULL,2,'2018-07-20 11:21:30',0,0,0),(139,68,NULL,'15252331260','fdsgfsgd','',NULL,2,'2018-07-21 21:17:43',0,0,0),(140,67,NULL,'13758277505','刘荣飞','测试1',NULL,2,'2018-07-22 12:48:05',0,0,0),(141,67,NULL,'13758277505','刘荣飞2','测试2',NULL,2,'2018-07-22 12:48:05',0,0,0),(142,67,NULL,'13758277505','刘荣飞3','',NULL,2,'2018-07-22 12:48:05',0,0,0),(143,67,NULL,'18402847602','刘荣飞4','',NULL,2,'2018-07-22 12:48:05',0,0,0),(144,67,NULL,'13638136665','超哥','',NULL,2,'2018-07-22 12:48:05',0,0,0);
/*!40000 ALTER TABLE `task_user` ENABLE KEYS */;
UNLOCK TABLES;

--
-- Table structure for table `task_user_report`
--

DROP TABLE IF EXISTS `task_user_report`;
/*!40101 SET @saved_cs_client     = @@character_set_client */;
/*!40101 SET character_set_client = utf8 */;
CREATE TABLE `task_user_report` (
  `id` bigint(20) NOT NULL AUTO_INCREMENT,
  `task_user_id` bigint(20) NOT NULL COMMENT '任务客户编号',
  `content` text NOT NULL COMMENT '每一个客户的执行记录，用json保存',
  PRIMARY KEY (`id`),
  UNIQUE KEY `task_user_report_id_uindex` (`id`),
  KEY `task_user_report_task_user_id_fk` (`task_user_id`),
  CONSTRAINT `task_user_report_task_user_id_fk` FOREIGN KEY (`task_user_id`) REFERENCES `task_user` (`id`) ON DELETE CASCADE
) ENGINE=InnoDB AUTO_INCREMENT=6 DEFAULT CHARSET=utf8;
/*!40101 SET character_set_client = @saved_cs_client */;

--
-- Dumping data for table `task_user_report`
--

LOCK TABLES `task_user_report` WRITE;
/*!40000 ALTER TABLE `task_user_report` DISABLE KEYS */;
INSERT INTO `task_user_report` (`id`, `task_user_id`, `content`) VALUES (1,126,'{\"nodes\":[{\"type\":1,\"name\":\"\",\"word\":\"喂，您好，我们这边是专业做电话机器人的，可以帮您筛选意向客户，您这边需要了解一下吗\",\"voice\":\"./data/voice//d0356ad102ff18951da11525bc5c0fb3b77c8871.pcm\",\"userType\":0}],\"type\":0,\"voice\":\"\"}'),(2,126,'{\"nodes\":[{\"type\":1,\"name\":\"\",\"word\":\"喂，您好，我们这边是专业做电话机器人的，可以帮您筛选意向客户，您这边需要了解一下吗\",\"voice\":\"./data/voice//d0356ad102ff18951da11525bc5c0fb3b77c8871.pcm\",\"userType\":0},{\"type\":0,\"name\":\"\",\"word\":\"那你们公司在哪里呀。\",\"voice\":\"c56b23d72cc900bea8515d4d2bb3e8c411834d41\",\"userType\":0},{\"type\":1,\"name\":\"\",\"word\":\"是这样, 我这边是做人工智能电话机器人的, 可以实现用智能机器人代替人工打电话，还能帮您筛选意向客户, 您看要不要了解一下呢?  \",\"voice\":\"./data/voice//e782174ab7985dba8b572a64398d80ca1fec4a82.pcm\",\"userType\":0},{\"type\":0,\"name\":\"\",\"word\":\"你们公司在哪里呀。\",\"voice\":\"e1a80e036900161b1359145ef339573c8bcab788\",\"userType\":0},{\"type\":2,\"name\":\"\",\"word\":\"我们这边呢是江苏希高智能，主要是做ai电话机器人，您看需要了解一下吗？\",\"voice\":\"./data/voice//fa0473ecaa111af9a7c63550236215f97a388c80.pcm\",\"userType\":0},{\"type\":1,\"name\":\"\",\"word\":\"嗯, 我们的技术顾问在这方面非常专业的, 稍后让他给您回个电话, 详细的沟通好吗?  \",\"voice\":\"./data/voice//377aff082a9a2e687dba81827db295ed4f4adc53.pcm\",\"userType\":0},{\"type\":0,\"name\":\"\",\"word\":\"嗯也可以。\",\"voice\":\"698f898b0b6e067af0228a3835b23797f200437a\",\"userType\":0},{\"type\":1,\"name\":\"\",\"word\":\"那打扰您了, 祝您生活愉快，再见！\",\"voice\":\"./data/voice//edcd8dcaa495e4b7bae9975644336f8df5476948.pcm\",\"userType\":0}],\"type\":0,\"voice\":\"\"}'),(3,126,'{\"nodes\":[{\"type\":1,\"name\":\"\",\"word\":\"喂，您好，我们这边是专业做电话机器人的，可以帮您筛选意向客户，您这边需要了解一下吗\",\"voice\":\"./data/voice//d0356ad102ff18951da11525bc5c0fb3b77c8871.pcm\",\"userType\":0},{\"type\":0,\"name\":\"\",\"word\":\"可以呀。\",\"voice\":\"3f10ee5c9773284f9a86eb23c011262514b310ce\",\"userType\":0},{\"type\":1,\"name\":\"\",\"word\":\"我们的电话机器人可以做到像真人一样和客户沟通, 每天可以呼出上万个电话，效率是人工的几十倍，像电信和联通都是我们的服务客户。您公司平时有电销的业务吗？\",\"voice\":\"./data/voice//5c4f911fbefc1787c63f03407386116502630506.pcm\",\"userType\":0},{\"type\":0,\"name\":\"\",\"word\":\"嗯有啊。\",\"voice\":\"9bd8eda6f839baa61bfe5f055e85c41945891c8c\",\"userType\":0},{\"type\":1,\"name\":\"\",\"word\":\"那稍后我会安排专业的的技术顾问和您联系, 您看可以吗？\",\"voice\":\"./data/voice//74d608f7c5b86302d14d7455f1f74eadf59c4e71.pcm\",\"userType\":0},{\"type\":0,\"name\":\"\",\"word\":\"你们公司在哪里啊。\",\"voice\":\"1f2368f23cb493ee519c9c129020bded93180fb1\",\"userType\":0},{\"type\":2,\"name\":\"\",\"word\":\"我们这边呢是江苏希高智能，主要是做ai电话机器人，您看需要了解一下吗？\",\"voice\":\"./data/voice//fa0473ecaa111af9a7c63550236215f97a388c80.pcm\",\"userType\":0},{\"type\":1,\"name\":\"\",\"word\":\"嗯, 我们的技术顾问在这方面非常专业的, 稍后让他给您回个电话, 详细的沟通好吗?  \",\"voice\":\"./data/voice//377aff082a9a2e687dba81827db295ed4f4adc53.pcm\",\"userType\":0},{\"type\":0,\"name\":\"\",\"word\":\"问你们这几天多少钱？\",\"voice\":\"2add7058811431c52aedb3b4dcc636b84d3dd3df\",\"userType\":0},{\"type\":1,\"name\":\"\",\"word\":\"那打扰您了, 祝您生活愉快，再见！\",\"voice\":\"./data/voice//edcd8dcaa495e4b7bae9975644336f8df5476948.pcm\",\"userType\":0}],\"type\":0,\"voice\":\"\"}'),(4,140,'{\"nodes\":[{\"type\":1,\"name\":\"\",\"word\":\"喂，您好，我们这边是专业做电话机器人的，可以帮您筛选意向客户，您这边需要了解一下吗\",\"voice\":\"./data/voice//d0356ad102ff18951da11525bc5c0fb3b77c8871.pcm\",\"userType\":0},{\"type\":0,\"name\":\"\",\"word\":\"需要。\",\"voice\":\"b9906d704f9d3811839d0154cc5006886fdfb45a\",\"userType\":0},{\"type\":1,\"name\":\"\",\"word\":\"我们的电话机器人可以做到像真人一样和客户沟通, 每天可以呼出上万个电话，效率是人工的几十倍，像电信和联通都是我们的服务客户。您公司平时有电销的业务吗？\",\"voice\":\"./data/voice//5c4f911fbefc1787c63f03407386116502630506.pcm\",\"userType\":0},{\"type\":0,\"name\":\"\",\"word\":\"没有。\",\"voice\":\"a74ec2821c5314b2a2851ee621d99b1f73976deb\",\"userType\":0},{\"type\":1,\"name\":\"\",\"word\":\"那稍后我会安排专业的的技术顾问和您联系, 您看可以吗？\",\"voice\":\"./data/voice//74d608f7c5b86302d14d7455f1f74eadf59c4e71.pcm\",\"userType\":0},{\"type\":0,\"name\":\"\",\"word\":\"不可以。\",\"voice\":\"657806cb81e7da55000dd680a2878ba1ce63f89f\",\"userType\":0},{\"type\":1,\"name\":\"\",\"word\":\"好的, 感谢您的接听，祝您生活愉快, 再见！\",\"voice\":\"./data/voice//b098ca5419f42c24d2445209b4f9d3134bc81f2f.pcm\",\"userType\":0}],\"type\":0,\"voice\":\"\"}'),(5,141,'{\"nodes\":null,\"type\":0,\"voice\":\"\"}');
/*!40000 ALTER TABLE `task_user_report` ENABLE KEYS */;
UNLOCK TABLES;

--
-- Table structure for table `template`
--

DROP TABLE IF EXISTS `template`;
/*!40101 SET @saved_cs_client     = @@character_set_client */;
/*!40101 SET character_set_client = utf8 */;
CREATE TABLE `template` (
  `id` bigint(20) NOT NULL AUTO_INCREMENT,
  `name` varchar(50) NOT NULL COMMENT '模板名称',
  `user_id` varchar(30) NOT NULL COMMENT '模板属于哪个用户',
  `content` text NOT NULL COMMENT '模板内容，一段json字符串',
  `status` tinyint(4) NOT NULL DEFAULT 0 COMMENT '模板状态：0表示已上线，1表示制作中，2表示测试中，3表示审核中。',
  `created_at` datetime DEFAULT current_timestamp(),
  PRIMARY KEY (`id`),
  KEY `template_user_id_fk` (`user_id`),
  CONSTRAINT `template_auth_user_uid_fk` FOREIGN KEY (`user_id`) REFERENCES `auth_user` (`uid`) ON DELETE CASCADE
) ENGINE=InnoDB AUTO_INCREMENT=8 DEFAULT CHARSET=utf8 COMMENT='话术模板';
/*!40101 SET character_set_client = @saved_cs_client */;

--
-- Dumping data for table `template`
--

LOCK TABLES `template` WRITE;
/*!40000 ALTER TABLE `template` DISABLE KEYS */;
INSERT INTO `template` (`id`, `name`, `user_id`, `content`, `status`, `created_at`) VALUES (2,'希高机器人710','admin','{\"main\":\"JUU1JUJDJTgwJUU1JTlDJUJBJUU3JTk5JUJE\",\"flow\":{\"JUU1JUJDJTgwJUU1JTlDJUJBJUU3JTk5JUJE\":{\"section\":{\"type\":\"condition\",\"voice\":[\"d0356ad102ff18951da11525bc5c0fb3b77c8871\"],\"choice\":\"d0356ad102ff18951da11525bc5c0fb3b77c8871\",\"conds\":[{\"keyword\":[\"呦#25\",\"对#25\",\"ok#25\",\"yes#25\",\"要#25\",\"好#25\",\"行#25\",\"可以#25\",\"说#25\",\"你讲#25\",\"你说#25\",\"说吧#25\",\"讲吧#25\",\"好的#25\",\"你介绍#25\",\"介绍吧#25\",\"没问题#25\",\"请讲#25\",\"请说#25\",\"怎么卖#25\",\"怎么买#25\",\"了解下#25\",\"想了解#25\",\"不了解#25\",\"介绍下#25\",\"有兴趣#25\",\"感兴趣#25\",\"说说看#25\",\"好啊#25\",\"知道#25\",\"哦你#25\",\"哦你说#25\",\"什么的#25\",\"说说#25\",\"嗯#25\",\"有#20\",\"嗯啦#25\",\"么产品#25\",\"么是机器#25\"],\"to\":\"JUU1JTg2JTg1JUU1JUFFJUI5JUU0JUJCJThCJUU3JUJCJThEJUU0JUI4JTgw\"},{\"keyword\":[\"不用#25\",\"不要#25\",\"不买#25\",\"没钱#25\",\"很穷#25\",\"没兴趣#25\",\"买不起#25\",\"不考虑#25\",\"没考虑#25\",\"不需要#25\",\"没需求#25\",\"不想要#25\",\"不感兴趣#25\",\"不想了解#25\",\"没有需要#25\",\"不用介绍#25\",\"已经买了#25\",\"已买#25\",\"没有钱#25\",\"不可以#25\",\"挂了#25\",\"年纪大#25\",\"先这样#25\",\"没有兴趣#25\",\"用不着#25\",\"用不上#25\",\"哦不需#25\",\"哦不需要#25\",\"笑挂了#25\",\"没有#30\",\"我没有#25\",\"不行#25\",\"不许#25\",\"不需要#30\",\"不#30\",\"需要#25\"],\"to\":\"JUU2JThDJUJEJUU1JTlCJTlFJUU4JUFGJUFEJUU1JThGJUE1\"}]},\"next\":\"JUU1JUJDJTgwJUU1JTlDJUJBJUU3JTk5JUJEJUU0JUJBJThD\",\"hook\":false,\"type\":0},\"JUU1JTg2JTg1JUU1JUFFJUI5JUU0JUJCJThCJUU3JUJCJThEJUU0JUI4JTgw\":{\"section\":{\"type\":\"condition\",\"voice\":[\"5c4f911fbefc1787c63f03407386116502630506\"],\"choice\":\"random\",\"conds\":[{\"keyword\":[\"不用#25\",\"不要#25\",\"不买#25\",\"没钱#25\",\"很穷#25\",\"没兴趣#25\",\"买不起#25\",\"不考虑#25\",\"没考虑#25\",\"没需求#25\",\"不想要#25\",\"不感兴趣#25\",\"不想了解#25\",\"没有需要#25\",\"不用介绍#25\",\"已经买了#25\",\"已买#25\",\"没有钱#25\",\"不可以#25\",\"挂了#25\",\"年纪大#25\",\"先这样#25\",\"没有兴趣#25\",\"用不着#25\",\"用不上#25\",\"哦不需#25\",\"哦不需要#25\",\"笑挂了#25\",\"谢谢啊#25\",\"不许#25\",\"不需要#30\",\"不需#30\",\"需要#25\",\"什么的#25\",\"做什么#25\"],\"to\":\"JUU1JUE0JUIxJUU4JUI0JUE1JUU3JUJCJTkzJUU2JTlEJTlG\"}]},\"next\":\"JUU5JTgyJTgwJUU3JUJBJUE2JUU4JUFGJUFEJUU1JThGJUE1\",\"hook\":false,\"type\":0},\"JUU2JThDJUJEJUU1JTlCJTlFJUU4JUFGJUFEJUU1JThGJUE1\":{\"section\":{\"type\":\"condition\",\"voice\":[\"1ac324c0c52fe122cca70eadf609dbf3d3619711\"],\"choice\":\"random\",\"conds\":[{\"keyword\":[\"不用#25\",\"不要#25\",\"不买#25\",\"没钱#25\",\"很穷#25\",\"没兴趣#25\",\"买不起#25\",\"不考虑#25\",\"没考虑#25\",\"不需要#25\",\"没需求#25\",\"不想要#25\",\"不感兴趣#25\",\"不想了解#25\",\"没有需要#25\",\"不用介绍#25\",\"已经买了#25\",\"已买#25\",\"没有钱#25\",\"不可以#25\",\"挂了#25\",\"年纪大#25\",\"先这样#25\",\"没有兴趣#25\",\"用不着#25\",\"用不上#25\",\"哦不需#25\",\"哦不需要#25\",\"笑挂了#25\",\"我用啦#25\",\"不#25\",\"哈哈#25\"],\"to\":\"JUU1JUE0JUIxJUU4JUI0JUE1JUU3JUJCJTkzJUU2JTlEJTlG\"}]},\"next\":\"JUU1JTg2JTg1JUU1JUFFJUI5JUU0JUJCJThCJUU3JUJCJThEJUU0JUI4JTgw\",\"hook\":false,\"type\":0},\"JUU5JTgyJTgwJUU3JUJBJUE2JUU4JUFGJUFEJUU1JThGJUE1\":{\"section\":{\"type\":\"condition\",\"voice\":[\"74d608f7c5b86302d14d7455f1f74eadf59c4e71\"],\"choice\":\"random\",\"conds\":[{\"keyword\":[\"呦#25\",\"对#25\",\"ok#25\",\"yes#25\",\"要#25\",\"好#25\",\"行#25\",\"可以#25\",\"说#25\",\"你讲#25\",\"你说#25\",\"说吧#25\",\"讲吧#25\",\"好的#25\",\"你介绍#25\",\"介绍吧#25\",\"没问题#25\",\"请讲#25\",\"请说#25\",\"怎么卖#25\",\"怎么买#25\",\"了解下#25\",\"想了解#25\",\"不了解#25\",\"介绍下#25\",\"有兴趣#25\",\"感兴趣#25\",\"说说看#25\",\"好啊#25\",\"知道#25\",\"哦你#25\",\"哦你说#25\",\"做什么#25\",\"什么的#25\",\"哈哈#25\"],\"to\":\"JUU2JTg4JTkwJUU1JThBJTlGJUU3JUJCJTkzJUU2JTlEJTlG\"},{\"keyword\":[\"不用#25\",\"不要#25\",\"不买#25\",\"没钱#25\",\"很穷#25\",\"没兴趣#25\",\"买不起#25\",\"不考虑#25\",\"没考虑#25\",\"不需要#25\",\"没需求#25\",\"不想要#25\",\"不感兴趣#25\",\"不想了解#25\",\"没有需要#25\",\"不用介绍#25\",\"已经买了#25\",\"已买#25\",\"没有钱#25\",\"不可以#25\",\"挂了#25\",\"年纪大#25\",\"先这样#25\",\"没有兴趣#25\",\"用不着#25\",\"用不上#25\",\"哦不需#25\",\"哦不需要#25\",\"笑挂了#25\",\"我没有#25\"],\"to\":\"JUU1JUE0JUIxJUU4JUI0JUE1JUU3JUJCJTkzJUU2JTlEJTlG\"}]},\"next\":\"JUU2JTg4JTkwJUU1JThBJTlGJUU3JUJCJTkzJUU2JTlEJTlG\",\"hook\":true,\"type\":0},\"JUU2JTg4JTkwJUU1JThBJTlGJUU3JUJCJTkzJUU2JTlEJTlG\":{\"section\":{\"type\":\"end\",\"voice\":[\"b098ca5419f42c24d2445209b4f9d3134bc81f2f\"],\"choice\":\"b098ca5419f42c24d2445209b4f9d3134bc81f2f\"},\"next\":\"\",\"hook\":false,\"type\":0},\"JUU1JUE0JUIxJUU4JUI0JUE1JUU3JUJCJTkzJUU2JTlEJTlG\":{\"section\":{\"type\":\"end\",\"voice\":[\"edcd8dcaa495e4b7bae9975644336f8df5476948\"],\"choice\":\"random\"},\"next\":\"\",\"hook\":false,\"type\":0},\"JUU1JUJDJTgwJUU1JTlDJUJBJUU3JTk5JUJEJUU0JUJBJThD\":{\"section\":{\"type\":\"condition\",\"voice\":[\"e782174ab7985dba8b572a64398d80ca1fec4a82\"],\"choice\":\"random\",\"conds\":[{\"keyword\":[\"呦#25\",\"对#25\",\"ok#25\",\"yes#25\",\"要#25\",\"好#25\",\"行#25\",\"可以#25\",\"说#25\",\"你讲#25\",\"你说#25\",\"说吧#25\",\"讲吧#25\",\"好的#25\",\"你介绍#25\",\"介绍吧#25\",\"没问题#25\",\"请讲#25\",\"请说#25\",\"怎么卖#25\",\"怎么买#25\",\"了解下#25\",\"想了解#25\",\"不了解#25\",\"介绍下#25\",\"有兴趣#25\",\"感兴趣#25\",\"说说看#25\",\"好啊#25\",\"知道#25\",\"哦你#25\",\"哦你说#25\",\"做什么#25\",\"什么的#25\",\"嗯嗯#25\",\"嗯#25\",\"有#20\"],\"to\":\"JUU1JTg2JTg1JUU1JUFFJUI5JUU0JUJCJThCJUU3JUJCJThEJUU0JUI4JTgw\"},{\"keyword\":[\"不用#25\",\"不要#25\",\"不买#25\",\"没钱#25\",\"很穷#25\",\"没兴趣#25\",\"买不起#25\",\"不考虑#25\",\"没考虑#25\",\"不需要#25\",\"没需求#25\",\"不想要#25\",\"不感兴趣#25\",\"不想了解#25\",\"没有需要#25\",\"不用介绍#25\",\"已经买了#25\",\"已买#25\",\"没有钱#25\",\"不可以#25\",\"挂了#25\",\"年纪大#25\",\"先这样#25\",\"没有兴趣#25\",\"用不着#25\",\"用不上#25\",\"哦不需#25\",\"哦不需要#25\",\"笑挂了#25\",\"要不#20\"],\"to\":\"JUU2JThDJUJEJUU1JTlCJTlFJUU4JUFGJUFEJUU1JThGJUE1\"}]},\"next\":\"JUU1JTg2JTg1JUU1JUFFJUI5JUU0JUJCJThCJUU3JUJCJThEJUU0JUI4JTgw\",\"hook\":true,\"type\":0},\"JUU5JTgyJTgwJUU3JUJBJUE2JUU4JUFGJUFEJUU1JThGJUE1JUU0JUJBJThD\":{\"section\":{\"type\":\"condition\",\"voice\":[\"377aff082a9a2e687dba81827db295ed4f4adc53\"],\"choice\":\"random\",\"conds\":[{\"keyword\":[\"不用#25\",\"不要#25\",\"不买#25\",\"没钱#25\",\"很穷#25\",\"没兴趣#25\",\"买不起#25\",\"不考虑#25\",\"没考虑#25\",\"不需要#25\",\"没需求#25\",\"不想要#25\",\"不感兴趣#25\",\"不想了解#25\",\"没有需要#25\",\"不用介绍#25\",\"已经买了#25\",\"已买#25\",\"没有钱#25\",\"不可以#25\",\"挂了#25\",\"年纪大#25\",\"先这样#25\",\"没有兴趣#25\",\"用不着#25\",\"用不上#25\",\"哦不需#25\",\"哦不需要#25\",\"笑挂了#25\",\"不许#25\",\"不#25\"],\"to\":\"JUU1JUE0JUIxJUU4JUI0JUE1JUU3JUJCJTkzJUU2JTlEJTlG\"}]},\"next\":\"JUU1JUE0JUIxJUU4JUI0JUE1JUU3JUJCJTkzJUU2JTlEJTlG\",\"hook\":false,\"type\":0}},\"keyword\":{\"quiet1\":{\"type\":0,\"voice\":[\"10d5852673c28a2a52767cc25fcae776f08f950a\"],\"choice\":\"10d5852673c28a2a52767cc25fcae776f08f950a\",\"conds\":[],\"next\":\"wait\"},\"quiet2\":{\"type\":0,\"voice\":[],\"choice\":\"random\",\"conds\":[],\"next\":\"JUU1JUE0JUIxJUU4JUI0JUE1JUU3JUJCJTkzJUU2JTlEJTlG\"},\"noword1\":{\"type\":0,\"voice\":[\"10d5852673c28a2a52767cc25fcae776f08f950a\"],\"choice\":\"random\",\"conds\":[],\"next\":\"wait\"},\"noword2\":{\"type\":0,\"voice\":[\"a5472025cb56a3437d3e08337ca0420fabeaefda\"],\"choice\":\"random\",\"conds\":[],\"next\":\"wait\"},\"noword3\":{\"type\":0,\"voice\":[],\"choice\":\"random\",\"conds\":[],\"next\":\"JUU1JUE0JUIxJUU4JUI0JUE1JUU3JUJCJTkzJUU2JTlEJTlG\"},\"JUU0JUJEJThEJUU3JUJEJUFFJUU4JUFGJUFEJUU1JUEyJTgz\":{\"type\":0,\"keyword\":[\"哪个单位#25\",\"什么单位#25\",\"什么公司#25\",\"公司#25\"],\"voice\":[\"fa0473ecaa111af9a7c63550236215f97a388c80\"],\"choice\":\"random\",\"conds\":[{\"keyword\":[\"不用#25\",\"不要#25\",\"不买#25\",\"没钱#25\",\"很穷#25\",\"没兴趣#25\",\"买不起#25\",\"不考虑#25\",\"没考虑#25\",\"不需要#25\",\"没需求#25\",\"不想要#25\",\"不感兴趣#25\",\"不想了解#25\",\"没有需要#25\",\"不用介绍#25\",\"已经买了#25\",\"已买#25\",\"没有钱#25\",\"不可以#25\",\"挂了#25\",\"年纪大#25\",\"先这样#25\",\"没有兴趣#25\",\"用不着#25\",\"用不上#25\",\"哦不需#25\",\"哦不需要#25\",\"笑挂了#25\",\"还有事#25\",\"我有事#25\"],\"to\":\"JUU1JUE0JUIxJUU4JUI0JUE1JUU3JUJCJTkzJUU2JTlEJTlG\"}],\"next\":\"JUU5JTgyJTgwJUU3JUJBJUE2JUU4JUFGJUFEJUU1JThGJUE1JUU0JUJBJThD\"},\"JUU0JUJEJThEJUU3JUJEJUFFJUU4JUFGJUFEJUU1JUEyJTgzJUU0JUJBJThD\":{\"type\":0,\"keyword\":[\"哪里#25\",\"那里#25\",\"哪呢#25\",\"在哪#25\",\"位置#25\",\"地方#25\",\"地址#25\",\"地点#25\",\"什么路#25\",\"哪条路#25\",\"不清楚#25\",\"哪的#25\",\"清楚#25\",\"愿不愿#25\",\"远不远#25\",\"冤不冤#25\",\"哪个区#25\",\"哪个方向#25\",\"一下地#25\"],\"voice\":[\"cb771f1c8eea3829b26e395fe84ea7b09f5bb137\"],\"choice\":\"random\",\"conds\":[{\"keyword\":[\"不用#25\",\"不要#25\",\"不买#25\",\"没钱#25\",\"很穷#25\",\"没兴趣#25\",\"买不起#25\",\"不考虑#25\",\"没考虑#25\",\"不需要#25\",\"没需求#25\",\"不想要#25\",\"不感兴趣#25\",\"不想了解#25\",\"没有需要#25\",\"不用介绍#25\",\"已经买了#25\",\"已买#25\",\"没有钱#25\",\"不可以#25\",\"挂了#25\",\"年纪大#25\",\"先这样#25\",\"没有兴趣#25\",\"用不着#25\",\"用不上#25\",\"哦不需#25\",\"哦不需要#25\",\"笑挂了#25\"],\"to\":\"JUU1JUE0JUIxJUU4JUI0JUE1JUU3JUJCJTkzJUU2JTlEJTlG\"}],\"next\":\"next\"},\"JUU0JUJCJUI3JUU2JUEwJUJDJUU4JUFGJUFEJUU1JUEyJTgz\":{\"type\":0,\"keyword\":[\"太贵#25\",\"优惠#25\",\"多少钱#25\",\"怎么收费#25\"],\"voice\":[\"7ef8dd6e6e09883030350bbe9f39f651995e912d\"],\"choice\":\"random\",\"conds\":[{\"keyword\":[\"不用#25\",\"不要#25\",\"不买#25\",\"没钱#25\",\"很穷#25\",\"没兴趣#25\",\"买不起#25\",\"不考虑#25\",\"没考虑#25\",\"不需要#25\",\"没需求#25\",\"不想要#25\",\"不感兴趣#25\",\"不想了解#25\",\"没有需要#25\",\"不用介绍#25\",\"已经买了#25\",\"已买#25\",\"没有钱#25\",\"不可以#25\",\"挂了#25\",\"年纪大#25\",\"先这样#25\",\"没有兴趣#25\",\"用不着#25\",\"用不上#25\",\"哦不需#25\",\"哦不需要#25\",\"笑挂了#25\",\"我用#25\",\"用了#25\"],\"to\":\"JUU1JUE0JUIxJUU4JUI0JUE1JUU3JUJCJTkzJUU2JTlEJTlG\"}],\"next\":\"next\"},\"JUU4JUI0JUE4JUU3JTk2JTkxJUU4JUFGJUFEJUU1JThGJUE1\":{\"type\":0,\"keyword\":[\"骗子#25\",\"骗人的#25\"],\"voice\":[\"c7471009851f30430b87c982bd8da65298ae1c59\"],\"choice\":\"random\",\"conds\":[{\"keyword\":[\"不用#25\",\"不要#25\",\"不买#25\",\"没钱#25\",\"很穷#25\",\"没兴趣#25\",\"买不起#25\",\"不考虑#25\",\"没考虑#25\",\"不需要#25\",\"没需求#25\",\"不想要#25\",\"不感兴趣#25\",\"不想了解#25\",\"没有需要#25\",\"不用介绍#25\",\"已经买了#25\",\"已买#25\",\"没有钱#25\",\"不可以#25\",\"挂了#25\",\"年纪大#25\",\"先这样#25\",\"没有兴趣#25\",\"用不着#25\",\"用不上#25\",\"哦不需#25\",\"哦不需要#25\",\"笑挂了#25\"],\"to\":\"JUU1JUE0JUIxJUU4JUI0JUE1JUU3JUJCJTkzJUU2JTlEJTlG\"}],\"next\":\"JUU5JTgyJTgwJUU3JUJBJUE2JUU4JUFGJUFEJUU1JThGJUE1\"},\"JUU2JTg0JThGJUU1JTkwJTkxJUU4JUFGJUFEJUU1JThGJUE1\":{\"type\":0,\"keyword\":[\"签合同#25\"],\"voice\":[\"458695b6cfd3040c75d58053cedd6ad0aafee0c0\"],\"choice\":\"random\",\"conds\":[],\"next\":\"JUU5JTgyJTgwJUU3JUJBJUE2JUU4JUFGJUFEJUU1JThGJUE1\"},\"JUU2JTk1JTg4JUU2JTlFJTlDJUU4JUFGJUFEJUU1JUEyJTgz\":{\"type\":0,\"keyword\":[\"效果#25\"],\"voice\":[\"d670abd9b042c30b82c69cb4a5ca6b8d475dc32e\"],\"choice\":\"random\",\"conds\":[{\"keyword\":[\"不用#25\",\"不要#25\",\"不买#25\",\"没钱#25\",\"很穷#25\",\"没兴趣#25\",\"买不起#25\",\"不考虑#25\",\"没考虑#25\",\"不需要#25\",\"没需求#25\",\"不想要#25\",\"不感兴趣#25\",\"不想了解#25\",\"没有需要#25\",\"不用介绍#25\",\"已经买了#25\",\"已买#25\",\"没有钱#25\",\"不可以#25\",\"挂了#25\",\"年纪大#25\",\"先这样#25\",\"没有兴趣#25\",\"用不着#25\",\"用不上#25\",\"哦不需#25\",\"哦不需要#25\",\"笑挂了#25\",\"哦不用#25\",\"哦不#25\"],\"to\":\"JUU1JUE0JUIxJUU4JUI0JUE1JUU3JUJCJTkzJUU2JTlEJTlG\"}],\"next\":\"JUU5JTgyJTgwJUU3JUJBJUE2JUU4JUFGJUFEJUU1JThGJUE1\"},\"JUU4JUExJThDJUU0JUI4JTlBJUU4JUFGJUFEJUU1JUEyJTgz\":{\"type\":0,\"keyword\":[\"没人管#25\",\"不好用#25\",\"不成熟#25\",\"辣鸡#25\",\"垃机#25\",\"垃圾#25\"],\"voice\":[\"0e6a8a0be6cfb7fc78bdcaae9dfef99581adf125\"],\"choice\":\"random\",\"conds\":[{\"keyword\":[\"不用#25\",\"不要#25\",\"不买#25\",\"没钱#25\",\"很穷#25\",\"没兴趣#25\",\"买不起#25\",\"不考虑#25\",\"没考虑#25\",\"不需要#25\",\"没需求#25\",\"不想要#25\",\"不感兴趣#25\",\"不想了解#25\",\"没有需要#25\",\"不用介绍#25\",\"已经买了#25\",\"已买#25\",\"没有钱#25\",\"不可以#25\",\"挂了#25\",\"年纪大#25\",\"先这样#25\",\"没有兴趣#25\",\"用不着#25\",\"用不上#25\",\"哦不需#25\",\"哦不需要#25\",\"笑挂了#25\"],\"to\":\"JUU1JUE0JUIxJUU4JUI0JUE1JUU3JUJCJTkzJUU2JTlEJTlG\"}],\"next\":\"JUU5JTgyJTgwJUU3JUJBJUE2JUU4JUFGJUFEJUU1JThGJUE1\"},\"JUU3JTk0JUI1JUU4JUFGJTlEJUU1JThEJUEx\":{\"type\":0,\"keyword\":[\"电话卡#25\"],\"voice\":[\"44700462a363f7633b550c2dfd1b4b0c4534121f\"],\"choice\":\"random\",\"conds\":[{\"keyword\":[],\"to\":\"JUU1JUE0JUIxJUU4JUI0JUE1JUU3JUJCJTkzJUU2JTlEJTlG\"}],\"next\":\"JUU5JTgyJTgwJUU3JUJBJUE2JUU4JUFGJUFEJUU1JThGJUE1\"},\"JUU1JTkwJThDJUU4JUExJThDJUU4JUFGJUFEJUU1JThGJUE1\":{\"type\":0,\"keyword\":[\"灵生#25\",\"百应#25\",\"小心#25\",\"晓芯#25\",\"不行啊#25\",\"不行呀#25\"],\"voice\":[\"f5f0335f3246e4d73d57f0e179e5c73eea5d321a\"],\"choice\":\"random\",\"conds\":[{\"keyword\":[\"不用#25\",\"不要#25\",\"不买#25\",\"没钱#25\",\"很穷#25\",\"没兴趣#25\",\"买不起#25\",\"不考虑#25\",\"没考虑#25\",\"不需要#25\",\"没需求#25\",\"不想要#25\",\"不感兴趣#25\",\"不想了解#25\",\"没有需要#25\",\"不用介绍#25\",\"已经买了#25\",\"已买#25\",\"没有钱#25\",\"不可以#25\",\"挂了#25\",\"年纪大#25\",\"先这样#25\",\"没有兴趣#25\",\"用不着#25\",\"用不上#25\",\"哦不需#25\",\"哦不需要#25\",\"笑挂了#25\"],\"to\":\"JUU1JUE0JUIxJUU4JUI0JUE1JUU3JUJCJTkzJUU2JTlEJTlG\"}],\"next\":\"JUU5JTgyJTgwJUU3JUJBJUE2JUU4JUFGJUFEJUU1JThGJUE1\"},\"JUU1JThGJUI3JUU3JUEwJTgxJUU2JUEwJTg3JUU4JUFFJUIw\":{\"type\":0,\"keyword\":[\"号码标记#25\",\"号码标注#25\",\"号码被#25\"],\"voice\":[\"c9424768b5cf9fe905ab0d79aa93c1cf2a45cd15\"],\"choice\":\"random\",\"conds\":[],\"next\":\"JUU5JTgyJTgwJUU3JUJBJUE2JUU4JUFGJUFEJUU1JThGJUE1\"},\"JUU0JUJCJUEzJUU3JTkwJTg2\":{\"type\":0,\"keyword\":[\"代理#25\",\"拿代理#25\",\"代理价#25\"],\"voice\":[\"23bb5eb6f3cd81bd30684baff76b8a2422ab0dd6\"],\"choice\":\"random\",\"conds\":[],\"next\":\"JUU2JTg4JTkwJUU1JThBJTlGJUU3JUJCJTkzJUU2JTlEJTlG\"},\"JUU1JThBJTlGJUU4JTgzJUJE\":{\"type\":0,\"keyword\":[\"功能#25\",\"什么功能#25\"],\"voice\":[\"6df848122e9ab0d3c1abc95fe4aad50611281086\"],\"choice\":\"random\",\"conds\":[{\"keyword\":[\"不用#25\",\"不要#25\",\"不买#25\",\"没钱#25\",\"很穷#25\",\"没兴趣#25\",\"买不起#25\",\"不考虑#25\",\"没考虑#25\",\"不需要#25\",\"没需求#25\",\"不想要#25\",\"不感兴趣#25\",\"不想了解#25\",\"没有需要#25\",\"不用介绍#25\",\"已经买了#25\",\"已买#25\",\"没有钱#25\",\"不可以#25\",\"挂了#25\",\"年纪大#25\",\"先这样#25\",\"没有兴趣#25\",\"用不着#25\",\"用不上#25\",\"哦不需#25\",\"哦不需要#25\",\"笑挂了#25\"],\"to\":\"JUU1JUE0JUIxJUU4JUI0JUE1JUU3JUJCJTkzJUU2JTlEJTlG\"}],\"next\":\"JUU5JTgyJTgwJUU3JUJBJUE2JUU4JUFGJUFEJUU1JThGJUE1\"},\"JUU1JTkyJUE4JUU4JUFGJUEyJUU4JUFGJUFEJUU1JUEyJTgz\":{\"type\":0,\"keyword\":[\"智能#25\",\"不灵活#25\",\"不智能#25\",\"反应#25\",\"全面#25\",\"回答#25\"],\"voice\":[\"5267a48d75a9b77fecb7fb7ed18fef9a66fc6ed5\"],\"choice\":\"random\",\"conds\":[{\"keyword\":[\"不用#25\",\"不要#25\",\"不买#25\",\"没钱#25\",\"很穷#25\",\"没兴趣#25\",\"买不起#25\",\"不考虑#25\",\"没考虑#25\",\"不需要#25\",\"没需求#25\",\"不想要#25\",\"不感兴趣#25\",\"不想了解#25\",\"没有需要#25\",\"不用介绍#25\",\"已经买了#25\",\"已买#25\",\"没有钱#25\",\"不可以#25\",\"挂了#25\",\"年纪大#25\",\"先这样#25\",\"没有兴趣#25\",\"用不着#25\",\"用不上#25\",\"哦不需#25\",\"哦不需要#25\",\"笑挂了#25\"],\"to\":\"JUU1JUE0JUIxJUU4JUI0JUE1JUU3JUJCJTkzJUU2JTlEJTlG\"}],\"next\":\"JUU5JTgyJTgwJUU3JUJBJUE2JUU4JUFGJUFEJUU1JThGJUE1\"},\"JUU3JUIyJUJFJUU1JTg3JTg2\":{\"type\":0,\"keyword\":[\"精准#25\",\"准确性#25\",\"识别率#25\",\"准不准#25\",\"好不好用#25\",\"识别#25\"],\"voice\":[\"ae97fac5f2eff71a4316e1f5d2f52a4a52f25084\"],\"choice\":\"random\",\"conds\":[{\"keyword\":[],\"to\":\"JUU1JUE0JUIxJUU4JUI0JUE1JUU3JUJCJTkzJUU2JTlEJTlG\"}],\"next\":\"JUU5JTgyJTgwJUU3JUJBJUE2JUU4JUFGJUFEJUU1JThGJUE1\"},\"JUU0JUJCJTgwJUU0JUI5JTg4JUU3JUIzJUJCJUU3JUJCJTlG\":{\"type\":0,\"keyword\":[\"呼叫系统#25\",\"电话呼叫#25\",\"人工拨打#25\",\"群呼#25\",\"软件#25\",\"卖软件#25\"],\"voice\":[\"3f1522a9a536845b0b68fc6a5f91c7c5f9e895f1\"],\"choice\":\"random\",\"conds\":[{\"keyword\":[\"不用#25\",\"不要#25\",\"不买#25\",\"没钱#25\",\"很穷#25\",\"没兴趣#25\",\"买不起#25\",\"不考虑#25\",\"没考虑#25\",\"不需要#25\",\"没需求#25\",\"不想要#25\",\"不感兴趣#25\",\"不想了解#25\",\"没有需要#25\",\"不用介绍#25\",\"已经买了#25\",\"已买#25\",\"没有钱#25\",\"不可以#25\",\"挂了#25\",\"年纪大#25\",\"先这样#25\",\"没有兴趣#25\",\"用不着#25\",\"用不上#25\",\"哦不需#25\",\"哦不需要#25\",\"笑挂了#25\"],\"to\":\"JUU1JUE0JUIxJUU4JUI0JUE1JUU3JUJCJTkzJUU2JTlEJTlG\"}],\"next\":\"JUU5JTgyJTgwJUU3JUJBJUE2JUU4JUFGJUFEJUU1JThGJUE1\"},\"JUU1JTg1JUI2JUU0JUJCJTk2JUU4JUFGJUFEJUU1JUEyJTgz\":{\"type\":0,\"keyword\":[\"微信#25\",\"信息给#25\",\"发信息#25\",\"发短信#25\",\"短信给#25\",\"短信我#25\",\"我手机#25\",\"我没空#25\",\"再说吧#25\",\"下次再#25\",\"再没空#25\",\"在没空#25\"],\"voice\":[\"9e772505cbb815651e68a52facba54c15ca97080\"],\"choice\":\"random\",\"conds\":[{\"keyword\":[\"不用#25\",\"不要#25\",\"不买#25\",\"没钱#25\",\"很穷#25\",\"没兴趣#25\",\"买不起#25\",\"不考虑#25\",\"没考虑#25\",\"不需要#25\",\"没需求#25\",\"不想要#25\",\"不感兴趣#25\",\"不想了解#25\",\"没有需要#25\",\"不用介绍#25\",\"已经买了#25\",\"已买#25\",\"没有钱#25\",\"不可以#25\",\"挂了#25\",\"年纪大#25\",\"先这样#25\",\"没有兴趣#25\",\"用不着#25\",\"用不上#25\",\"哦不需#25\",\"哦不需要#25\",\"笑挂了#25\"],\"to\":\"JUU1JUE0JUIxJUU4JUI0JUE1JUU3JUJCJTkzJUU2JTlEJTlG\"}],\"next\":\"JUU2JTg4JTkwJUU1JThBJTlGJUU3JUJCJTkzJUU2JTlEJTlG\"},\"JUU2JTlDJUJBJUU1JTk5JUE4JUU0JUJBJUJB\":{\"type\":0,\"keyword\":[\"是不是机器人#25\",\"是机器人吗#25\",\"是机器人吧#25\",\"是机器人啊#25\",\"真人还是#25\",\"还是机器#25\"],\"voice\":[\"a214fed35f1fde60e366c5a3f65f7c1f994ee02d\"],\"choice\":\"random\",\"conds\":[],\"next\":\"next\"},\"JUU1JUJGJUFCJUU3JTgyJUI5JUU4JUFGJUI0\":{\"type\":0,\"keyword\":[\"快点说#25\",\"说重点#25\",\"我在开车#25\"],\"voice\":[\"71832c1c57bd4424da03678b95efbb551af6c9ff\"],\"choice\":\"random\",\"conds\":[{\"keyword\":[\"不用#25\",\"不要#25\",\"不买#25\",\"没钱#25\",\"很穷#25\",\"没兴趣#25\",\"买不起#25\",\"不考虑#25\",\"没考虑#25\",\"不需要#25\",\"没需求#25\",\"不想要#25\",\"不感兴趣#25\",\"不想了解#25\",\"没有需要#25\",\"不用介绍#25\",\"已经买了#25\",\"已买#25\",\"没有钱#25\",\"不可以#25\",\"挂了#25\",\"年纪大#25\",\"先这样#25\",\"没有兴趣#25\",\"用不着#25\",\"用不上#25\",\"哦不需#25\",\"哦不需要#25\",\"笑挂了#25\"],\"to\":\"JUU1JUE0JUIxJUU4JUI0JUE1JUU3JUJCJTkzJUU2JTlEJTlG\"}],\"next\":\"JUU5JTgyJTgwJUU3JUJBJUE2JUU4JUFGJUFEJUU1JThGJUE1\"},\"JUU2JTk2JUIwJUU2JTlEJUE1JUU3JTlBJTg0\":{\"type\":0,\"keyword\":[\"新来的#25\"],\"voice\":[\"eec4230c9b90bc614e2bd33e03a96e8005c833a8\"],\"choice\":\"random\",\"conds\":[{\"keyword\":[\"不用#25\",\"不要#25\",\"不买#25\",\"没钱#25\",\"很穷#25\",\"没兴趣#25\",\"买不起#25\",\"不考虑#25\",\"没考虑#25\",\"不需要#25\",\"没需求#25\",\"不想要#25\",\"不感兴趣#25\",\"不想了解#25\",\"没有需要#25\",\"不用介绍#25\",\"已经买了#25\",\"已买#25\",\"没有钱#25\",\"不可以#25\",\"挂了#25\",\"年纪大#25\",\"先这样#25\",\"没有兴趣#25\",\"用不着#25\",\"用不上#25\",\"哦不需#25\",\"哦不需要#25\",\"笑挂了#25\",\"能不能#25\",\"你先给#25\",\"先给我#25\",\"你给我介#25\",\"不能介绍#25\",\"你会不会#25\",\"不会介绍#25\",\"你不能#25\"],\"to\":\"JUU1JUE0JUIxJUU4JUI0JUE1JUU3JUJCJTkzJUU2JTlEJTlG\"}],\"next\":\"JUU5JTgyJTgwJUU3JUJBJUE2JUU4JUFGJUFEJUU1JThGJUE1\"},\"JUU1JTkyJUE4JUU4JUFGJUEy\":{\"type\":0,\"keyword\":[\"咨询一下#25\",\"咨询#25\"],\"voice\":[\"f55e28d55eb6b3ea39d1399f7d292c3b92e6b5c6\"],\"choice\":\"random\",\"conds\":[],\"next\":\"wait\"},\"JUU2JTg4JTkxJUU0JUJGJUExJUU2JTgxJUFG\":{\"type\":0,\"keyword\":[\"我信息#25\"],\"voice\":[\"90f10562dbc6767e4dc0236ad25d7612b3beec1c\"],\"choice\":\"random\",\"conds\":[],\"next\":\"wait\"},\"JUU1JTg3JUEwJUU1JUIyJTgx\":{\"type\":0,\"keyword\":[\"几岁#25\",\"你是美女#25\",\"交朋友#25\",\"交个朋友#25\",\"处对象#25\",\"美女#25\",\"小妞约吗#25\",\"吃饭了吗#25\",\"饭了没有#25\",\"我爱你#25\",\"声音好听#25\"],\"voice\":[\"3a2631bce0a0e1e17e704035bfea1cc48d3001da\",\"31e2c0f853f5daf81cfa4b032741e4f751fe17fa\"],\"choice\":\"random\",\"conds\":[],\"next\":\"wait\"},\"JUU1JTg3JUEwJUU3JTgyJUI5JUU0JUI4JThBJUU3JThGJUFE\":{\"type\":0,\"keyword\":[\"几点上班#25\"],\"voice\":[\"92b02de94ece36ba634000ea645906d07655a79a\"],\"choice\":\"random\",\"conds\":[],\"next\":\"JUU5JTgyJTgwJUU3JUJBJUE2JUU4JUFGJUFEJUU1JThGJUE1\"},\"JUU1JUJDJUJBJUU3JTgzJTg4JUU2JThCJTkyJUU3JUJCJTlEJUU3JTlBJTg0\":{\"type\":0,\"keyword\":[\"不用不用#25\",\"不要打给我#25\",\"操你妈#25\",\"报警#25\",\"不要打我#25\",\"警察局#25\",\"报案#25\",\"习近平#25\",\"人民法院#25\",\"是医院#25\",\"共产党#25\"],\"voice\":[],\"choice\":\"random\",\"conds\":[],\"next\":\"JUU1JUE0JUIxJUU4JUI0JUE1JUU3JUJCJTkzJUU2JTlEJTlG\"}},\"voice\":{\"535a12eff01cf6deb1176fd848362431f819efc7\":{\"pcm\":\"2018\\\\07\\\\10\\\\535a12eff01cf6deb1176fd848362431f819efc7.pcm\",\"path\":\"2018\\\\07\\\\10\\\\535a12eff01cf6deb1176fd848362431f819efc7.wav\",\"filename\":\"1\",\"text\":\"喂，您好，我们这便是专业做人工智能电话机器人的，可以帮您筛选意向客户，您需要了解下吗？\"},\"843343ec0694f1c4c472a001968fc4c8d875f8fc\":{\"pcm\":\"2018\\\\07\\\\10\\\\843343ec0694f1c4c472a001968fc4c8d875f8fc.pcm\",\"path\":\"2018\\\\07\\\\10\\\\843343ec0694f1c4c472a001968fc4c8d875f8fc.wav\",\"filename\":\"3\",\"text\":\"内容介绍3\"},\"c0a43eaf793db93ddab5e4c8697cc0bd9f084c31\":{\"pcm\":\"2018\\\\07\\\\10\\\\c0a43eaf793db93ddab5e4c8697cc0bd9f084c31.pcm\",\"path\":\"2018\\\\07\\\\10\\\\c0a43eaf793db93ddab5e4c8697cc0bd9f084c31.wav\",\"filename\":\"4\",\"text\":\"内容介绍4\"},\"2e225320aa67d3793bcf14edfc9a436547856eee\":{\"pcm\":\"2018\\\\07\\\\10\\\\2e225320aa67d3793bcf14edfc9a436547856eee.pcm\",\"path\":\"2018\\\\07\\\\10\\\\2e225320aa67d3793bcf14edfc9a436547856eee.wav\",\"filename\":\"11\",\"text\":\"挽回语句11\"},\"608df84ba67e12c512fae5002ab9fad2f27714c7\":{\"pcm\":\"2018\\\\07\\\\10\\\\608df84ba67e12c512fae5002ab9fad2f27714c7.pcm\",\"path\":\"2018\\\\07\\\\10\\\\608df84ba67e12c512fae5002ab9fad2f27714c7.wav\",\"filename\":\"12\",\"text\":\"挽回语句12\"},\"2f8e41a86a111deabcd2b83277a70f8871f86c56\":{\"pcm\":\"2018\\\\07\\\\10\\\\2f8e41a86a111deabcd2b83277a70f8871f86c56.pcm\",\"path\":\"2018\\\\07\\\\10\\\\2f8e41a86a111deabcd2b83277a70f8871f86c56.wav\",\"filename\":\"2\",\"text\":\"开场白2\"},\"d3222453fca753129ce40f9f68ddd945afb898f9\":{\"pcm\":\"2018\\\\07\\\\10\\\\d3222453fca753129ce40f9f68ddd945afb898f9.pcm\",\"path\":\"2018\\\\07\\\\10\\\\d3222453fca753129ce40f9f68ddd945afb898f9.wav\",\"filename\":\"6\",\"text\":\"邀约6\"},\"7cb518e2e44425f4e091489a10722bea0ae4bcf9\":{\"pcm\":\"2018\\\\07\\\\10\\\\7cb518e2e44425f4e091489a10722bea0ae4bcf9.pcm\",\"path\":\"2018\\\\07\\\\10\\\\7cb518e2e44425f4e091489a10722bea0ae4bcf9.wav\",\"filename\":\"9\",\"text\":\"结束语9\"},\"5738a429e322cce6405ab55874b9265664a94797\":{\"pcm\":\"2018\\\\07\\\\10\\\\5738a429e322cce6405ab55874b9265664a94797.pcm\",\"path\":\"2018\\\\07\\\\10\\\\5738a429e322cce6405ab55874b9265664a94797.wav\",\"filename\":\"14\",\"text\":\"喂您还在吗，刚才没听清\"},\"ed1a07ce20fca27d9ae674750a06ba7701343c40\":{\"pcm\":\"2018\\\\07\\\\10\\\\ed1a07ce20fca27d9ae674750a06ba7701343c40.pcm\",\"path\":\"2018\\\\07\\\\10\\\\ed1a07ce20fca27d9ae674750a06ba7701343c40.wav\",\"filename\":\"15\",\"text\":\"15:我们这边呢是江苏希高智能，主要是做ai电话机器人，您看需要了解一下吗？\"},\"01be40dcdc49605656e20a1fdfdd09dc4f7f32ec\":{\"pcm\":\"2018\\\\07\\\\10\\\\01be40dcdc49605656e20a1fdfdd09dc4f7f32ec.pcm\",\"path\":\"2018\\\\07\\\\10\\\\01be40dcdc49605656e20a1fdfdd09dc4f7f32ec.wav\",\"filename\":\"16\",\"text\":\"16:我们就在江苏省淮安市，稍后我把地址发给您，您有时间可以过来考察一下\"},\"8141dbcc261062a04b123a9ce5894dc8acb1fb0c\":{\"pcm\":\"2018\\\\07\\\\10\\\\8141dbcc261062a04b123a9ce5894dc8acb1fb0c.pcm\",\"path\":\"2018\\\\07\\\\10\\\\8141dbcc261062a04b123a9ce5894dc8acb1fb0c.wav\",\"filename\":\"18\",\"text\":\"价格语境18\"},\"688fe966d6ffe68ec58b8156f91e4505365c3ab6\":{\"pcm\":\"2018\\\\07\\\\10\\\\688fe966d6ffe68ec58b8156f91e4505365c3ab6.pcm\",\"path\":\"2018\\\\07\\\\10\\\\688fe966d6ffe68ec58b8156f91e4505365c3ab6.wav\",\"filename\":\"19\",\"text\":\"如果您是确定需要的话，我稍后让技术顾问跟您详细沟通一下，您看可以吧\"},\"128da7f0807efe24e147ada0b0dbce376e12aef2\":{\"pcm\":\"2018\\\\07\\\\10\\\\128da7f0807efe24e147ada0b0dbce376e12aef2.pcm\",\"path\":\"2018\\\\07\\\\10\\\\128da7f0807efe24e147ada0b0dbce376e12aef2.wav\",\"filename\":\"20\",\"text\":\"20:您可以网上搜索了解一下我们公司的，实力这块您不放心的话也可以来我们公司看下的。\"},\"807cf2e89d9818185c138de3a8db527fbcaa75a6\":{\"pcm\":\"2018\\\\07\\\\10\\\\807cf2e89d9818185c138de3a8db527fbcaa75a6.pcm\",\"path\":\"2018\\\\07\\\\10\\\\807cf2e89d9818185c138de3a8db527fbcaa75a6.wav\",\"filename\":\"22\",\"text\":\"\"},\"a5f815548ca589be6253efc1c8c562ed3a814780\":{\"pcm\":\"2018\\\\07\\\\10\\\\a5f815548ca589be6253efc1c8c562ed3a814780.pcm\",\"path\":\"2018\\\\07\\\\10\\\\a5f815548ca589be6253efc1c8c562ed3a814780.wav\",\"filename\":\"23\",\"text\":\"我们一条线路能完成4-5个人的工作量, 像我们和京东、淘宝网已经合作很久了，效果这块您可以放心的\"},\"5cf624717b30dba7b22b62161732a30005493c11\":{\"pcm\":\"2018\\\\07\\\\10\\\\5cf624717b30dba7b22b62161732a30005493c11.pcm\",\"path\":\"2018\\\\07\\\\10\\\\5cf624717b30dba7b22b62161732a30005493c11.wav\",\"filename\":\"24\",\"text\":\"\"},\"00d8e90c67215f63c853bcf280388f2de2b0b0f4\":{\"pcm\":\"2018\\\\07\\\\10\\\\00d8e90c67215f63c853bcf280388f2de2b0b0f4.pcm\",\"path\":\"2018\\\\07\\\\10\\\\00d8e90c67215f63c853bcf280388f2de2b0b0f4.wav\",\"filename\":\"25\",\"text\":\"\"},\"1cf64885d7f6002e45378543fb9adeecdafa1a49\":{\"pcm\":\"2018\\\\07\\\\10\\\\1cf64885d7f6002e45378543fb9adeecdafa1a49.pcm\",\"path\":\"2018\\\\07\\\\10\\\\1cf64885d7f6002e45378543fb9adeecdafa1a49.wav\",\"filename\":\"27\",\"text\":\"\"},\"ceb6b50a524759fba8cedd9f51ae09d593be77c3\":{\"pcm\":\"2018\\\\07\\\\10\\\\ceb6b50a524759fba8cedd9f51ae09d593be77c3.pcm\",\"path\":\"2018\\\\07\\\\10\\\\ceb6b50a524759fba8cedd9f51ae09d593be77c3.wav\",\"filename\":\"28\",\"text\":\"\"},\"78be12d4d7a4f6bda1867d4427bf95f95f07e8e8\":{\"pcm\":\"2018\\\\07\\\\10\\\\78be12d4d7a4f6bda1867d4427bf95f95f07e8e8.pcm\",\"path\":\"2018\\\\07\\\\10\\\\78be12d4d7a4f6bda1867d4427bf95f95f07e8e8.wav\",\"filename\":\"29\",\"text\":\"29:这块我不是很了解, 稍后我让客户经理跟您沟通好吧\"},\"bed4999d9224a780640a4e8d3ff1885b30dd9270\":{\"pcm\":\"2018\\\\07\\\\10\\\\bed4999d9224a780640a4e8d3ff1885b30dd9270.pcm\",\"path\":\"2018\\\\07\\\\10\\\\bed4999d9224a780640a4e8d3ff1885b30dd9270.wav\",\"filename\":\"30\",\"text\":\"\"},\"4438818f564ed16dfa01844a8033c1c8dee59c68\":{\"pcm\":\"2018\\\\07\\\\10\\\\4438818f564ed16dfa01844a8033c1c8dee59c68.pcm\",\"path\":\"2018\\\\07\\\\10\\\\4438818f564ed16dfa01844a8033c1c8dee59c68.wav\",\"filename\":\"31\",\"text\":\"31:我们在整个话术对话中会添加很多关键词，只要客户触及关键词，我们都会回答的。这个您放心好了\"},\"bee4e29f6ca190e52321af29cb1dbe14b100f4e5\":{\"pcm\":\"2018\\\\07\\\\10\\\\bee4e29f6ca190e52321af29cb1dbe14b100f4e5.pcm\",\"path\":\"2018\\\\07\\\\10\\\\bee4e29f6ca190e52321af29cb1dbe14b100f4e5.wav\",\"filename\":\"32\",\"text\":\"32:只要客户触及到了关键词，我们都可以语音识别的，它还可以帮您区分客户的意向程度,非常灵活的\"},\"dd6823ae7bb867cb6a8c61ef2b6abca243548bb4\":{\"pcm\":\"2018\\\\07\\\\10\\\\dd6823ae7bb867cb6a8c61ef2b6abca243548bb4.pcm\",\"path\":\"2018\\\\07\\\\10\\\\dd6823ae7bb867cb6a8c61ef2b6abca243548bb4.wav\",\"filename\":\"33\",\"text\":\"33:我们的机器人是一套智能语音呼叫系统，可以像真人一样和客户进行电话沟通，帮您大大节省公司人员开支\"},\"0ff4ad654d4e5259a2c12cf905675ee0f2500cf5\":{\"pcm\":\"2018\\\\07\\\\10\\\\0ff4ad654d4e5259a2c12cf905675ee0f2500cf5.pcm\",\"path\":\"2018\\\\07\\\\10\\\\0ff4ad654d4e5259a2c12cf905675ee0f2500cf5.wav\",\"filename\":\"34\",\"text\":\"34:我稍后发信息给您, 上面有我的联系方式和微信, 您如果过来的话记得联系我哦\"},\"3db1727276984fb31669f751e2631eddbf72497b\":{\"pcm\":\"2018\\\\07\\\\10\\\\3db1727276984fb31669f751e2631eddbf72497b.pcm\",\"path\":\"2018\\\\07\\\\10\\\\3db1727276984fb31669f751e2631eddbf72497b.wav\",\"filename\":\"36\",\"text\":\"36:您好厉害呀，被您发现了，我就是机器人。已经服务过几百家企业啦，您公司有需要用电话筛选客户吗？\"},\"d4e2fdcefee6c113f58b827687a16a2e8092ddca\":{\"pcm\":\"2018\\\\07\\\\10\\\\d4e2fdcefee6c113f58b827687a16a2e8092ddca.pcm\",\"path\":\"2018\\\\07\\\\10\\\\d4e2fdcefee6c113f58b827687a16a2e8092ddca.wav\",\"filename\":\"37\",\"text\":\"37:不好意思打扰您了, 就是想问一下, 我这边是做AI智能电话机器人的, 您这边有需要吗?\"},\"c89287aa69fa1abee3a8d589dbbb8f18c482a963\":{\"pcm\":\"2018\\\\07\\\\10\\\\c89287aa69fa1abee3a8d589dbbb8f18c482a963.pcm\",\"path\":\"2018\\\\07\\\\10\\\\c89287aa69fa1abee3a8d589dbbb8f18c482a963.wav\",\"filename\":\"38\",\"text\":\"38:不好意思, 我这边也是新来的, 有些业务还不是很了解, 我稍后让我们的技术顾问马上给您回个电话, 再介绍一下, 可以吗\"},\"fd797c400db86ef967ee3b3fa6403618df67cf12\":{\"pcm\":\"2018\\\\07\\\\10\\\\fd797c400db86ef967ee3b3fa6403618df67cf12.pcm\",\"path\":\"2018\\\\07\\\\10\\\\fd797c400db86ef967ee3b3fa6403618df67cf12.wav\",\"filename\":\"40\",\"text\":\"40:嗯您请说\"},\"2b15dc9c5813fde20619f50bfee38eccdd9c0677\":{\"pcm\":\"2018\\\\07\\\\10\\\\2b15dc9c5813fde20619f50bfee38eccdd9c0677.pcm\",\"path\":\"2018\\\\07\\\\10\\\\2b15dc9c5813fde20619f50bfee38eccdd9c0677.wav\",\"filename\":\"43\",\"text\":\"43：这个我们这边都是公司分配的, 可能您在哪个网站有注册过\"},\"15bed2107e056baf9d8a138bad3ad769d37aaec0\":{\"pcm\":\"2018\\\\07\\\\10\\\\15bed2107e056baf9d8a138bad3ad769d37aaec0.pcm\",\"path\":\"2018\\\\07\\\\10\\\\15bed2107e056baf9d8a138bad3ad769d37aaec0.wav\",\"filename\":\"44\",\"text\":\"44（不好意思哈, 您问的这个问题是不方便做答的, 您看您对我们业务还有没有需要了解的呢?）\"},\"9ebf74ca5c16b2e7ba5cc175592ec092b493ae7b\":{\"pcm\":\"2018\\\\07\\\\10\\\\9ebf74ca5c16b2e7ba5cc175592ec092b493ae7b.pcm\",\"path\":\"2018\\\\07\\\\10\\\\9ebf74ca5c16b2e7ba5cc175592ec092b493ae7b.wav\",\"filename\":\"45\",\"text\":\"45（不好意思啊， 只要是关于业务方面的问题,我都会竭诚为您解答的, 希望您理解一下, 关于业务方面您还有需要了解的吗?）\"},\"d9fd5053084b96c08cf653fb9ff8d14cf1bc1fd5\":{\"pcm\":\"2018\\\\07\\\\10\\\\d9fd5053084b96c08cf653fb9ff8d14cf1bc1fd5.pcm\",\"path\":\"2018\\\\07\\\\10\\\\d9fd5053084b96c08cf653fb9ff8d14cf1bc1fd5.wav\",\"filename\":\"47\",\"text\":\"我们上班时间是周一到周六，上午9点到下午6点，您到时候过来打我电话就好了\"},\"47c88fb61b1c17874ecbc13d5a065cdea4619bf1\":{\"pcm\":\"2018\\\\07\\\\10\\\\47c88fb61b1c17874ecbc13d5a065cdea4619bf1.pcm\",\"path\":\"2018\\\\07\\\\10\\\\47c88fb61b1c17874ecbc13d5a065cdea4619bf1.wav\",\"filename\":\"35\",\"text\":\"喂，能听到吗，这边信号有点不太好\"},\"cec31af11a73ad308f15ce3fadf3de1c7028d0db\":{\"pcm\":\"2018\\\\07\\\\10\\\\cec31af11a73ad308f15ce3fadf3de1c7028d0db.pcm\",\"path\":\"2018\\\\07\\\\10\\\\cec31af11a73ad308f15ce3fadf3de1c7028d0db.wav\",\"filename\":\"8\",\"text\":\"\"},\"c73a2c158cd59e1687dc6c56cfaa8879ff8363b2\":{\"pcm\":\"2018\\\\07\\\\10\\\\c73a2c158cd59e1687dc6c56cfaa8879ff8363b2.pcm\",\"path\":\"2018\\\\07\\\\10\\\\c73a2c158cd59e1687dc6c56cfaa8879ff8363b2.wav\",\"filename\":\"10\",\"text\":\"结束10\"},\"a54b8055088c787131ad1bad52504736d8c92ba6\":{\"pcm\":\"2018\\\\07\\\\10\\\\a54b8055088c787131ad1bad52504736d8c92ba6.pcm\",\"path\":\"2018\\\\07\\\\10\\\\a54b8055088c787131ad1bad52504736d8c92ba6.wav\",\"filename\":\"17\",\"text\":\"\"},\"e3d16b1d4071a535181a51627e210c2c8bf3ef4c\":{\"pcm\":\"2018\\\\07\\\\10\\\\e3d16b1d4071a535181a51627e210c2c8bf3ef4c.pcm\",\"path\":\"2018\\\\07\\\\10\\\\e3d16b1d4071a535181a51627e210c2c8bf3ef4c.wav\",\"filename\":\"21\",\"text\":\"\"},\"8a2d3119d5b22b940d336c8693852069c9759272\":{\"pcm\":\"2018\\\\07\\\\10\\\\8a2d3119d5b22b940d336c8693852069c9759272.pcm\",\"path\":\"2018\\\\07\\\\10\\\\8a2d3119d5b22b940d336c8693852069c9759272.wav\",\"filename\":\"26\",\"text\":\"\"},\"eb5de15967850f28640d36cd2463123a3ab0527b\":{\"pcm\":\"2018\\\\07\\\\10\\\\eb5de15967850f28640d36cd2463123a3ab0527b.pcm\",\"path\":\"2018\\\\07\\\\10\\\\eb5de15967850f28640d36cd2463123a3ab0527b.wav\",\"filename\":\"39\",\"text\":\"\"},\"8801ffcf687b4266914b76e4aa2c5a67b365d094\":{\"pcm\":\"2018\\\\07\\\\10\\\\8801ffcf687b4266914b76e4aa2c5a67b365d094.pcm\",\"path\":\"2018\\\\07\\\\10\\\\8801ffcf687b4266914b76e4aa2c5a67b365d094.wav\",\"filename\":\"41\",\"text\":\"\"},\"96053e1332189cd54e2de0e47aa3a98e7efa949f\":{\"pcm\":\"2018\\\\07\\\\10\\\\96053e1332189cd54e2de0e47aa3a98e7efa949f.pcm\",\"path\":\"2018\\\\07\\\\10\\\\96053e1332189cd54e2de0e47aa3a98e7efa949f.wav\",\"filename\":\"42\",\"text\":\"\"},\"abf01f10f35ddc0f736eab72393bb09bc2b4974c\":{\"pcm\":\"2018\\\\07\\\\10\\\\abf01f10f35ddc0f736eab72393bb09bc2b4974c.pcm\",\"path\":\"2018\\\\07\\\\10\\\\abf01f10f35ddc0f736eab72393bb09bc2b4974c.wav\",\"filename\":\"46\",\"text\":\"\"},\"f92a68ce3dc95d1a83066d134fa1744e93a5d519\":{\"pcm\":\"2018\\\\07\\\\11\\\\f92a68ce3dc95d1a83066d134fa1744e93a5d519.pcm\",\"path\":\"2018\\\\07\\\\11\\\\f92a68ce3dc95d1a83066d134fa1744e93a5d519.wav\",\"filename\":\"改35\",\"text\":\"额，您刚才说什么来着 还是没听清\"},\"55eebae774a207692fed4f6c6d70d2e5e784a6b5\":{\"pcm\":\"2018\\\\07\\\\11\\\\55eebae774a207692fed4f6c6d70d2e5e784a6b5.pcm\",\"path\":\"2018\\\\07\\\\11\\\\55eebae774a207692fed4f6c6d70d2e5e784a6b5.wav\",\"filename\":\"改13\",\"text\":\"挽回语句13\"},\"fb3ef45f5fa7ffcaff26538b9f7dea34591d4e66\":{\"pcm\":\"2018\\\\07\\\\11\\\\fb3ef45f5fa7ffcaff26538b9f7dea34591d4e66.pcm\",\"path\":\"2018\\\\07\\\\11\\\\fb3ef45f5fa7ffcaff26538b9f7dea34591d4e66.wav\",\"filename\":\"改5\",\"text\":\"邀约5\"},\"6f2f1f29c2504509af866d35c358e4e3a17d225e\":{\"pcm\":\"2018\\\\07\\\\11\\\\6f2f1f29c2504509af866d35c358e4e3a17d225e.pcm\",\"path\":\"2018\\\\07\\\\11\\\\6f2f1f29c2504509af866d35c358e4e3a17d225e.wav\",\"filename\":\"改7\",\"text\":\"邀约7\"},\"3f7c2ee5f6838890ffb9265562f6419742eb8a9d\":{\"pcm\":\"2018\\\\07\\\\11\\\\3f7c2ee5f6838890ffb9265562f6419742eb8a9d.pcm\",\"path\":\"2018\\\\07\\\\11\\\\3f7c2ee5f6838890ffb9265562f6419742eb8a9d.wav\",\"filename\":\"改8\",\"text\":\"邀约8\"},\"4842f607cd1dae0b5fdcc562c50bff0168b86a25\":{\"pcm\":\"2018\\\\07\\\\11\\\\4842f607cd1dae0b5fdcc562c50bff0168b86a25.pcm\",\"path\":\"2018\\\\07\\\\11\\\\4842f607cd1dae0b5fdcc562c50bff0168b86a25.wav\",\"filename\":\"改1\",\"text\":\"\"},\"4c1aecc213e4e7e71a6d09ba2c981211b84f06ca\":{\"pcm\":\"2018\\\\07\\\\11\\\\4c1aecc213e4e7e71a6d09ba2c981211b84f06ca.pcm\",\"path\":\"2018\\\\07\\\\11\\\\4c1aecc213e4e7e71a6d09ba2c981211b84f06ca.wav\",\"filename\":\"改1\",\"text\":\"开场白一\"},\"d0356ad102ff18951da11525bc5c0fb3b77c8871\":{\"pcm\":\"2018\\\\07\\\\19\\\\d0356ad102ff18951da11525bc5c0fb3b77c8871.pcm\",\"path\":\"2018\\\\07\\\\19\\\\d0356ad102ff18951da11525bc5c0fb3b77c8871.wav\",\"filename\":\"1\",\"text\":\"喂，您好，我们这边是专业做电话机器人的，可以帮您筛选意向客户，您这边需要了解一下吗\"},\"5c4f911fbefc1787c63f03407386116502630506\":{\"pcm\":\"2018\\\\07\\\\20\\\\5c4f911fbefc1787c63f03407386116502630506.pcm\",\"path\":\"2018\\\\07\\\\20\\\\5c4f911fbefc1787c63f03407386116502630506.wav\",\"filename\":\"3\",\"text\":\"我们的电话机器人可以做到像真人一样和客户沟通, 每天可以呼出上万个电话，效率是人工的几十倍，像电信和联通都是我们的服务客户。您公司平时有电销的业务吗？\"},\"1ac324c0c52fe122cca70eadf609dbf3d3619711\":{\"pcm\":\"2018\\\\07\\\\19\\\\1ac324c0c52fe122cca70eadf609dbf3d3619711.pcm\",\"path\":\"2018\\\\07\\\\19\\\\1ac324c0c52fe122cca70eadf609dbf3d3619711.wav\",\"filename\":\"11\",\"text\":\"您可以了解一下的, 毕竟人工智能是未来的趋势，您提前了解的话对您也是有帮助的，您说是吧\"},\"74d608f7c5b86302d14d7455f1f74eadf59c4e71\":{\"pcm\":\"2018\\\\07\\\\19\\\\74d608f7c5b86302d14d7455f1f74eadf59c4e71.pcm\",\"path\":\"2018\\\\07\\\\19\\\\74d608f7c5b86302d14d7455f1f74eadf59c4e71.wav\",\"filename\":\"5\",\"text\":\"那稍后我会安排专业的的技术顾问和您联系, 您看可以吗？\"},\"b098ca5419f42c24d2445209b4f9d3134bc81f2f\":{\"pcm\":\"2018\\\\07\\\\19\\\\b098ca5419f42c24d2445209b4f9d3134bc81f2f.pcm\",\"path\":\"2018\\\\07\\\\19\\\\b098ca5419f42c24d2445209b4f9d3134bc81f2f.wav\",\"filename\":\"9\",\"text\":\"好的, 感谢您的接听，祝您生活愉快, 再见！\"},\"edcd8dcaa495e4b7bae9975644336f8df5476948\":{\"pcm\":\"2018\\\\07\\\\19\\\\edcd8dcaa495e4b7bae9975644336f8df5476948.pcm\",\"path\":\"2018\\\\07\\\\19\\\\edcd8dcaa495e4b7bae9975644336f8df5476948.wav\",\"filename\":\"10\",\"text\":\"那打扰您了, 祝您生活愉快，再见！\"},\"e782174ab7985dba8b572a64398d80ca1fec4a82\":{\"pcm\":\"2018\\\\07\\\\20\\\\e782174ab7985dba8b572a64398d80ca1fec4a82.pcm\",\"path\":\"2018\\\\07\\\\20\\\\e782174ab7985dba8b572a64398d80ca1fec4a82.wav\",\"filename\":\"2\",\"text\":\"是这样, 我这边是做人工智能电话机器人的, 可以实现用智能机器人代替人工打电话，还能帮您筛选意向客户, 您看要不要了解一下呢?  \"},\"377aff082a9a2e687dba81827db295ed4f4adc53\":{\"pcm\":\"2018\\\\07\\\\19\\\\377aff082a9a2e687dba81827db295ed4f4adc53.pcm\",\"path\":\"2018\\\\07\\\\19\\\\377aff082a9a2e687dba81827db295ed4f4adc53.wav\",\"filename\":\"6\",\"text\":\"嗯, 我们的技术顾问在这方面非常专业的, 稍后让他给您回个电话, 详细的沟通好吗?  \"},\"10d5852673c28a2a52767cc25fcae776f08f950a\":{\"pcm\":\"2018\\\\07\\\\19\\\\10d5852673c28a2a52767cc25fcae776f08f950a.pcm\",\"path\":\"2018\\\\07\\\\19\\\\10d5852673c28a2a52767cc25fcae776f08f950a.wav\",\"filename\":\"14\",\"text\":\"喂您还在吗，刚才没听清\"},\"a5472025cb56a3437d3e08337ca0420fabeaefda\":{\"pcm\":\"2018\\\\07\\\\19\\\\a5472025cb56a3437d3e08337ca0420fabeaefda.pcm\",\"path\":\"2018\\\\07\\\\19\\\\a5472025cb56a3437d3e08337ca0420fabeaefda.wav\",\"filename\":\"35\",\"text\":\"喂您还在吗，信号有点不好呢\"},\"fa0473ecaa111af9a7c63550236215f97a388c80\":{\"pcm\":\"2018\\\\07\\\\19\\\\fa0473ecaa111af9a7c63550236215f97a388c80.pcm\",\"path\":\"2018\\\\07\\\\19\\\\fa0473ecaa111af9a7c63550236215f97a388c80.wav\",\"filename\":\"15\",\"text\":\"我们这边呢是江苏希高智能，主要是做ai电话机器人，您看需要了解一下吗？\"},\"cb771f1c8eea3829b26e395fe84ea7b09f5bb137\":{\"pcm\":\"2018\\\\07\\\\19\\\\cb771f1c8eea3829b26e395fe84ea7b09f5bb137.pcm\",\"path\":\"2018\\\\07\\\\19\\\\cb771f1c8eea3829b26e395fe84ea7b09f5bb137.wav\",\"filename\":\"16\",\"text\":\"我们就在江苏省淮安市，稍后我把地址发给您，您有时间可以过来考察一下\"},\"7ef8dd6e6e09883030350bbe9f39f651995e912d\":{\"pcm\":\"2018\\\\07\\\\19\\\\7ef8dd6e6e09883030350bbe9f39f651995e912d.pcm\",\"path\":\"2018\\\\07\\\\19\\\\7ef8dd6e6e09883030350bbe9f39f651995e912d.wav\",\"filename\":\"19\",\"text\":\"如果您是确定需要的话，我稍后让技术顾问跟您详细沟通一下，您看可以吧\"},\"c7471009851f30430b87c982bd8da65298ae1c59\":{\"pcm\":\"2018\\\\07\\\\19\\\\c7471009851f30430b87c982bd8da65298ae1c59.pcm\",\"path\":\"2018\\\\07\\\\19\\\\c7471009851f30430b87c982bd8da65298ae1c59.wav\",\"filename\":\"20\",\"text\":\"您可以网上搜索了解一下我们公司的，实力这块您不放心的话也可以来我们公司看下的\"},\"458695b6cfd3040c75d58053cedd6ad0aafee0c0\":{\"pcm\":\"2018\\\\07\\\\19\\\\458695b6cfd3040c75d58053cedd6ad0aafee0c0.pcm\",\"path\":\"2018\\\\07\\\\19\\\\458695b6cfd3040c75d58053cedd6ad0aafee0c0.wav\",\"filename\":\"22\",\"text\":\"合同我们肯定要签的, 这也是对我们双方的一种保障啊\"},\"d670abd9b042c30b82c69cb4a5ca6b8d475dc32e\":{\"pcm\":\"2018\\\\07\\\\19\\\\d670abd9b042c30b82c69cb4a5ca6b8d475dc32e.pcm\",\"path\":\"2018\\\\07\\\\19\\\\d670abd9b042c30b82c69cb4a5ca6b8d475dc32e.wav\",\"filename\":\"23\",\"text\":\"我们一条线路能完成4-5个人的工作量, 像我们和京东、淘宝网已经合作很久了，效果这块您可以放心的\"},\"0e6a8a0be6cfb7fc78bdcaae9dfef99581adf125\":{\"pcm\":\"2018\\\\07\\\\19\\\\0e6a8a0be6cfb7fc78bdcaae9dfef99581adf125.pcm\",\"path\":\"2018\\\\07\\\\19\\\\0e6a8a0be6cfb7fc78bdcaae9dfef99581adf125.wav\",\"filename\":\"24\",\"text\":\"这个您放心, 我们有专门的客户经理全程为您服务，像话术制作和上线都有专人来操作的, 毕竟我们也是希望大家能够长期合作的\"},\"44700462a363f7633b550c2dfd1b4b0c4534121f\":{\"pcm\":\"2018\\\\07\\\\20\\\\44700462a363f7633b550c2dfd1b4b0c4534121f.pcm\",\"path\":\"2018\\\\07\\\\20\\\\44700462a363f7633b550c2dfd1b4b0c4534121f.wav\",\"filename\":\"25\",\"text\":\"是这样的, 因为现在电话卡实名制, 您需要自己办理，然后把卡交给我们就可以了. 费用您直接充值就好了\"},\"f5f0335f3246e4d73d57f0e179e5c73eea5d321a\":{\"pcm\":\"2018\\\\07\\\\19\\\\f5f0335f3246e4d73d57f0e179e5c73eea5d321a.pcm\",\"path\":\"2018\\\\07\\\\19\\\\f5f0335f3246e4d73d57f0e179e5c73eea5d321a.wav\",\"filename\":\"27\",\"text\":\"我们在语音识别这一块的市场上有非常大的优势，而且在客户的筛选和自动分类上面做的是非常全面的，具体可以安排客户经理让您体验一下\"},\"c9424768b5cf9fe905ab0d79aa93c1cf2a45cd15\":{\"pcm\":\"2018\\\\07\\\\20\\\\c9424768b5cf9fe905ab0d79aa93c1cf2a45cd15.pcm\",\"path\":\"2018\\\\07\\\\20\\\\c9424768b5cf9fe905ab0d79aa93c1cf2a45cd15.wav\",\"filename\":\"28\",\"text\":\"我们用的是移动和联通的电话卡，如果号码有标注情况, 不定期更换号码就可以解决了\"},\"23bb5eb6f3cd81bd30684baff76b8a2422ab0dd6\":{\"pcm\":\"2018\\\\07\\\\20\\\\23bb5eb6f3cd81bd30684baff76b8a2422ab0dd6.pcm\",\"path\":\"2018\\\\07\\\\20\\\\23bb5eb6f3cd81bd30684baff76b8a2422ab0dd6.wav\",\"filename\":\"29\",\"text\":\"这块我不是很了解, 稍后我让客户经理跟您沟通好吧\"},\"6df848122e9ab0d3c1abc95fe4aad50611281086\":{\"pcm\":\"2018\\\\07\\\\20\\\\6df848122e9ab0d3c1abc95fe4aad50611281086.pcm\",\"path\":\"2018\\\\07\\\\20\\\\6df848122e9ab0d3c1abc95fe4aad50611281086.wav\",\"filename\":\"30\",\"text\":\"我们针对客户会自动进行分类、邀约、促销、发通知等等，还可以根据您自己的行业来定制话术的，非常的人性化\"},\"5267a48d75a9b77fecb7fb7ed18fef9a66fc6ed5\":{\"pcm\":\"2018\\\\07\\\\20\\\\5267a48d75a9b77fecb7fb7ed18fef9a66fc6ed5.pcm\",\"path\":\"2018\\\\07\\\\20\\\\5267a48d75a9b77fecb7fb7ed18fef9a66fc6ed5.wav\",\"filename\":\"31\",\"text\":\"我们在整个话术对话中会添加很多关键词，只要客户触及关键词，我们都会回答的。这个您放心好了\"},\"ae97fac5f2eff71a4316e1f5d2f52a4a52f25084\":{\"pcm\":\"2018\\\\07\\\\20\\\\ae97fac5f2eff71a4316e1f5d2f52a4a52f25084.pcm\",\"path\":\"2018\\\\07\\\\20\\\\ae97fac5f2eff71a4316e1f5d2f52a4a52f25084.wav\",\"filename\":\"32\",\"text\":\"我们在整个话术对话中会添加很多关键词，只要客户触及关键词，我们都会回答的。这个您放心好了\"},\"3f1522a9a536845b0b68fc6a5f91c7c5f9e895f1\":{\"pcm\":\"2018\\\\07\\\\20\\\\3f1522a9a536845b0b68fc6a5f91c7c5f9e895f1.pcm\",\"path\":\"2018\\\\07\\\\20\\\\3f1522a9a536845b0b68fc6a5f91c7c5f9e895f1.wav\",\"filename\":\"33\",\"text\":\"我们的机器人是一套智能语音呼叫系统，可以像真人一样和客户进行电话沟通，帮您大大节省公司人员开支\"},\"9e772505cbb815651e68a52facba54c15ca97080\":{\"pcm\":\"2018\\\\07\\\\20\\\\9e772505cbb815651e68a52facba54c15ca97080.pcm\",\"path\":\"2018\\\\07\\\\20\\\\9e772505cbb815651e68a52facba54c15ca97080.wav\",\"filename\":\"34\",\"text\":\"我稍后发信息给您, 上面有我的联系方式和微信, 您如果过来的话记得联系我哦\"},\"a214fed35f1fde60e366c5a3f65f7c1f994ee02d\":{\"pcm\":\"2018\\\\07\\\\20\\\\a214fed35f1fde60e366c5a3f65f7c1f994ee02d.pcm\",\"path\":\"2018\\\\07\\\\20\\\\a214fed35f1fde60e366c5a3f65f7c1f994ee02d.wav\",\"filename\":\"36\",\"text\":\"您好厉害呀，被您发现了，我就是机器人。已经服务过几百家企业啦，您公司有需要用电话筛选客户吗？\"},\"71832c1c57bd4424da03678b95efbb551af6c9ff\":{\"pcm\":\"2018\\\\07\\\\20\\\\71832c1c57bd4424da03678b95efbb551af6c9ff.pcm\",\"path\":\"2018\\\\07\\\\20\\\\71832c1c57bd4424da03678b95efbb551af6c9ff.wav\",\"filename\":\"37\",\"text\":\"不好意思打扰您了, 就是想问一下, 我这边是做AI智能电话机器人的, 您这边有需要吗?\"},\"eec4230c9b90bc614e2bd33e03a96e8005c833a8\":{\"pcm\":\"2018\\\\07\\\\20\\\\eec4230c9b90bc614e2bd33e03a96e8005c833a8.pcm\",\"path\":\"2018\\\\07\\\\20\\\\eec4230c9b90bc614e2bd33e03a96e8005c833a8.wav\",\"filename\":\"38\",\"text\":\"不好意思, 我这边也是新来的, 有些业务还不是很了解, 我稍后让我们的技术顾问马上给您回个电话, 再介绍一下, 可以吗\"},\"f55e28d55eb6b3ea39d1399f7d292c3b92e6b5c6\":{\"pcm\":\"2018\\\\07\\\\20\\\\f55e28d55eb6b3ea39d1399f7d292c3b92e6b5c6.pcm\",\"path\":\"2018\\\\07\\\\20\\\\f55e28d55eb6b3ea39d1399f7d292c3b92e6b5c6.wav\",\"filename\":\"40\",\"text\":\"嗯您请说\"},\"90f10562dbc6767e4dc0236ad25d7612b3beec1c\":{\"pcm\":\"2018\\\\07\\\\20\\\\90f10562dbc6767e4dc0236ad25d7612b3beec1c.pcm\",\"path\":\"2018\\\\07\\\\20\\\\90f10562dbc6767e4dc0236ad25d7612b3beec1c.wav\",\"filename\":\"43\",\"text\":\"这个我们这边都是公司分配的, 可能您在哪个网站有注册过\"},\"3a2631bce0a0e1e17e704035bfea1cc48d3001da\":{\"pcm\":\"2018\\\\07\\\\20\\\\3a2631bce0a0e1e17e704035bfea1cc48d3001da.pcm\",\"path\":\"2018\\\\07\\\\20\\\\3a2631bce0a0e1e17e704035bfea1cc48d3001da.wav\",\"filename\":\"44\",\"text\":\"不好意思哈, 您问的这个问题是不方便做答的, 您看您对我们业务还有没有需要了解的呢\"},\"31e2c0f853f5daf81cfa4b032741e4f751fe17fa\":{\"pcm\":\"2018\\\\07\\\\20\\\\31e2c0f853f5daf81cfa4b032741e4f751fe17fa.pcm\",\"path\":\"2018\\\\07\\\\20\\\\31e2c0f853f5daf81cfa4b032741e4f751fe17fa.wav\",\"filename\":\"45\",\"text\":\"不好意思啊， 只要是关于业务方面的问题,我都会竭诚为您解答的, 希望您理解一下, 关于业务方面您还有需要了解的吗\"},\"92b02de94ece36ba634000ea645906d07655a79a\":{\"pcm\":\"2018\\\\07\\\\20\\\\92b02de94ece36ba634000ea645906d07655a79a.pcm\",\"path\":\"2018\\\\07\\\\20\\\\92b02de94ece36ba634000ea645906d07655a79a.wav\",\"filename\":\"47\",\"text\":\"我们上班时间是周一到周六，上午9点到下午6点，您到时候过来打我电话就好了\"}},\"type\":[{\"name\":\"未分类\",\"rule\":\"time:0,10;word:0,5;section:0,10\"},{\"name\":\"空号\",\"rule\":\"\"},{\"name\":\"A类\",\"rule\":\"\"},{\"name\":\"B类\",\"rule\":\"\"},{\"name\":\"C类\",\"rule\":\"\"},{\"name\":\"D类\",\"rule\":\"\"},{\"name\":\"E类\",\"rule\":\"\"},{\"name\":\"F类\",\"rule\":\"\"}]}',0,'2018-07-09 12:19:45'),(3,'张雨欣测试','admin','{\"main\":\"JUU0JUI4JUJCJUU2JUI1JTgxJUU3JUE4JThCJUVGJUJDJTg4JUU1JUJDJTgwJUU1JTlDJUJBJUU3JTk5JUJEQTElRUYlQkMlODk=\",\"flow\":{\"JUU0JUI4JUJCJUU2JUI1JTgxJUU3JUE4JThCJUVGJUJDJTg4JUU1JUJDJTgwJUU1JTlDJUJBJUU3JTk5JUJEQTElRUYlQkMlODk=\":{\"section\":{\"type\":\"condition\",\"voice\":[\"a79293a6d0bba9218b98d1eda1b19ea6c0451fbb\"],\"choice\":\"random\",\"conds\":[{\"keyword\":[\"有#25\",\"呦#25\",\"对#25\",\"ok#25\",\"yes#25\",\"要#25\",\"好#25\",\"行#25\",\"可以#25\",\"说#25\",\"你讲#25\",\"你说#25\",\"说吧#25\",\"讲吧#25\",\"好的#25\",\"你介绍#25\",\"介绍吧#25\",\"没问题#25\",\"请讲#25\",\"请说#25\",\"怎么卖#25\",\"怎么买#25\",\"了解下#25\",\"想了解#25\",\"不了解#25\",\"介绍下#25\",\"有兴趣#25\",\"感兴趣#25\",\"说说看#25\",\"好啊#25\",\"知道#25\",\"需要#25\",\"我要#25\",\"要呀#25\",\"有的#25\",\"操作#25\",\"好做#25\",\"好弄#25\",\"好办#25\",\"多久#25\",\"麻烦#25\",\"方便#25\",\"怎么搞#25\",\"怎么弄#25\",\"怎么办#25\",\"手续费#25\",\"怎么做#25\",\"这么带#25\",\"哎呦#25\",\"考虑#25\",\"咋弄#25\",\"咋整#25\",\"咋搞#25\",\"怎么合作#25\",\"怎么投资#25\"],\"to\":\"JUU1JTg2JTg1JUU1JUFFJUI5JUU0JUJCJThCJUU3JUJCJThEQjE=\"},{\"keyword\":[\"没有#25\",\"不用#25\",\"不要#25\",\"不想合作#25\",\"不想#25\",\"不买#25\",\"没钱#25\",\"很穷#25\",\"没兴趣#25\",\"买不起#25\",\"不考虑#25\",\"没考虑#25\",\"不需要#25\",\"没需求#25\",\"不想要#25\",\"不感兴趣#25\",\"不想了解#25\",\"没有需要#25\",\"不用介绍#25\",\"没有钱#25\",\"不可以#25\",\"挂了#25\",\"年纪大#25\",\"先这样#25\",\"没有兴趣#25\",\"不听#25\",\"不要听#25\",\"不用说#25\",\"不要钱#25\",\"不用钱#25\",\"还不起#25\",\"没需要#25\",\"没有没有#25\",\"拉倒#25\",\"不缺钱#25\",\"不做#25\"],\"to\":\"JUU2JThDJUJEJUU1JTlCJTlFJUU4JUFGJUFEJUU1JThGJUE1\"}]},\"next\":\"JUU1JTg2JTg1JUU1JUFFJUI5JUU0JUJCJThCJUU3JUJCJThEQjE=\",\"hook\":false,\"type\":0},\"JUU1JTg2JTg1JUU1JUFFJUI5JUU0JUJCJThCJUU3JUJCJThEQjE=\":{\"section\":{\"type\":\"condition\",\"voice\":[\"6f680d09fecaa7c39d2fa6a307985ab76824273b\"],\"choice\":\"random\",\"conds\":[{\"keyword\":[\"没有#25\",\"不用#25\",\"不要#25\",\"不想合作#25\",\"不想#25\",\"不买#25\",\"没钱#25\",\"很穷#25\",\"没兴趣#25\",\"买不起#25\",\"不考虑#25\",\"没考虑#25\",\"不需要#25\",\"没需求#25\",\"不想要#25\",\"不感兴趣#25\",\"不想了解#25\",\"没有需要#25\",\"不用介绍#25\",\"没有钱#25\",\"不可以#25\",\"挂了#25\",\"年纪大#25\",\"先这样#25\",\"没有兴趣#25\",\"不听#25\",\"不要听#25\",\"不用说#25\",\"不要钱#25\",\"不用钱#25\",\"还不起#25\",\"没需要#25\",\"没有没有#25\",\"拉倒#25\",\"不缺钱#25\",\"不做#25\"],\"to\":\"JUU2JThDJUJEJUU1JTlCJTlFJUU4JUFGJUFEJUU1JThGJUE1\"},{\"keyword\":[\"有#25\",\"呦#25\",\"对#25\",\"ok#25\",\"yes#25\",\"要#25\",\"好#25\",\"行#25\",\"可以#25\",\"说#25\",\"你讲#25\",\"你说#25\",\"说吧#25\",\"讲吧#25\",\"好的#25\",\"你介绍#25\",\"介绍吧#25\",\"没问题#25\",\"请讲#25\",\"请说#25\",\"怎么卖#25\",\"怎么买#25\",\"了解下#25\",\"想了解#25\",\"不了解#25\",\"介绍下#25\",\"有兴趣#25\",\"感兴趣#25\",\"说说看#25\",\"好啊#25\",\"知道#25\",\"需要#25\",\"我要#25\",\"要呀#25\",\"有的#25\",\"操作#25\",\"好做#25\",\"好弄#25\",\"好办#25\",\"多久#25\",\"麻烦#25\",\"方便#25\",\"怎么搞#25\",\"怎么弄#25\",\"怎么办#25\",\"手续费#25\",\"怎么做#25\",\"这么带#25\",\"哎呦#25\",\"考虑#25\",\"咋弄#25\",\"咋整#25\",\"咋搞#25\",\"怎么合作#25\",\"怎么投资#25\"],\"to\":\"JUU5JTgyJTgwJUU3JUJBJUE2RDE=\"}]},\"next\":\"JUU5JTgyJTgwJUU3JUJBJUE2RDE=\",\"hook\":false,\"type\":0},\"JUU2JThDJUJEJUU1JTlCJTlFJUU4JUFGJUFEJUU1JThGJUE1\":{\"section\":{\"type\":\"condition\",\"voice\":[\"b07b77ba851d365252f89ec70ba45341eb84713a\"],\"choice\":\"random\",\"conds\":[{\"keyword\":[\"有#25\",\"呦#25\",\"对#25\",\"ok#25\",\"yes#25\",\"要#25\",\"好#25\",\"行#25\",\"可以#25\",\"说#25\",\"你讲#25\",\"你说#25\",\"说吧#25\",\"讲吧#25\",\"好的#25\",\"你介绍#25\",\"介绍吧#25\",\"没问题#25\",\"请讲#25\",\"请说#25\",\"怎么卖#25\",\"怎么买#25\",\"了解下#25\",\"想了解#25\",\"不了解#25\",\"介绍下#25\",\"有兴趣#25\",\"感兴趣#25\",\"说说看#25\",\"好啊#25\",\"知道#25\",\"需要#25\",\"我要#25\",\"要呀#25\",\"有的#25\",\"操作#25\",\"好做#25\",\"好弄#25\",\"好办#25\",\"多久#25\",\"麻烦#25\",\"方便#25\",\"怎么搞#25\",\"怎么弄#25\",\"怎么办#25\",\"手续费#25\",\"怎么做#25\",\"这么带#25\",\"哎呦#25\",\"考虑#25\",\"咋弄#25\",\"咋整#25\",\"咋搞#25\",\"怎么合作#25\",\"怎么投资#25\"],\"to\":\"JUU1JTg2JTg1JUU1JUFFJUI5JUU0JUJCJThCJUU3JUJCJThEJUU0JUJBJThDQzI=\"},{\"keyword\":[\"没有#25\",\"不用#25\",\"不要#25\",\"不想合作#25\",\"不想#25\",\"不买#25\",\"没钱#25\",\"很穷#25\",\"没兴趣#25\",\"买不起#25\",\"不考虑#25\",\"没考虑#25\",\"不需要#25\",\"没需求#25\",\"不想要#25\",\"不感兴趣#25\",\"不想了解#25\",\"没有需要#25\",\"不用介绍#25\",\"没有钱#25\",\"不可以#25\",\"挂了#25\",\"年纪大#25\",\"先这样#25\",\"没有兴趣#25\",\"不听#25\",\"不要听#25\",\"不用说#25\",\"不要钱#25\",\"不用钱#25\",\"还不起#25\",\"没需要#25\",\"没有没有#25\",\"拉倒#25\",\"不缺钱#25\",\"不做#25\"],\"to\":\"JUU3JUJCJTkzJUU2JTlEJTlGRTM=\"}]},\"next\":\"JUU1JTg2JTg1JUU1JUFFJUI5JUU0JUJCJThCJUU3JUJCJThEJUU0JUJBJThDQzI=\",\"hook\":false,\"type\":0},\"JUU1JTg2JTg1JUU1JUFFJUI5JUU0JUJCJThCJUU3JUJCJThEJUU0JUJBJThDQzI=\":{\"section\":{\"type\":\"condition\",\"voice\":[\"975a69eacb009454bd55431b613e83ecd5ef231b\"],\"choice\":\"random\",\"conds\":[{\"keyword\":[\"没有#25\",\"不用#25\",\"不要#25\",\"不想合作#25\",\"不想#25\",\"不买#25\",\"没钱#25\",\"很穷#25\",\"没兴趣#25\",\"买不起#25\",\"不考虑#25\",\"没考虑#25\",\"不需要#25\",\"没需求#25\",\"不想要#25\",\"不感兴趣#25\",\"不想了解#25\",\"没有需要#25\",\"不用介绍#25\",\"没有钱#25\",\"不可以#25\",\"挂了#25\",\"年纪大#25\",\"先这样#25\",\"没有兴趣#25\",\"不听#25\",\"不要听#25\",\"不用说#25\",\"不要钱#25\",\"不用钱#25\",\"还不起#25\",\"没需要#25\",\"没有没有#25\",\"拉倒#25\",\"不缺钱#25\",\"不做#25\"],\"to\":\"JUU3JUJCJTkzJUU2JTlEJTlGRTM=\"},{\"keyword\":[\"有#25\",\"呦#25\",\"对#25\",\"ok#25\",\"yes#25\",\"要#25\",\"好#25\",\"行#25\",\"可以#25\",\"说#25\",\"你讲#25\",\"你说#25\",\"说吧#25\",\"讲吧#25\",\"好的#25\",\"你介绍#25\",\"介绍吧#25\",\"没问题#25\",\"请讲#25\",\"请说#25\",\"怎么卖#25\",\"怎么买#25\",\"了解下#25\",\"想了解#25\",\"不了解#25\",\"介绍下#25\",\"有兴趣#25\",\"感兴趣#25\",\"说说看#25\",\"好啊#25\",\"知道#25\",\"需要#25\",\"我要#25\",\"要呀#25\",\"有的#25\",\"操作#25\",\"好做#25\",\"好弄#25\",\"好办#25\",\"多久#25\",\"麻烦#25\",\"方便#25\",\"怎么搞#25\",\"怎么弄#25\",\"怎么办#25\",\"手续费#25\",\"怎么做#25\",\"这么带#25\",\"哎呦#25\",\"考虑#25\",\"咋弄#25\",\"咋整#25\",\"咋搞#25\",\"怎么合作#25\",\"怎么投资#25\"],\"to\":\"JUU5JTgyJTgwJUU3JUJBJUE2RDI=\"}]},\"next\":\"JUU5JTgyJTgwJUU3JUJBJUE2RDI=\",\"hook\":false,\"type\":0},\"JUU5JTgyJTgwJUU3JUJBJUE2RDE=\":{\"section\":{\"type\":\"condition\",\"voice\":[\"57e4e34854f760d891612f229e1a517576c79f2f\"],\"choice\":\"random\",\"conds\":[{\"keyword\":[\"有#25\",\"呦#25\",\"对#25\",\"ok#25\",\"yes#25\",\"要#25\",\"好#25\",\"行#25\",\"可以#25\",\"说#25\",\"你讲#25\",\"你说#25\",\"说吧#25\",\"讲吧#25\",\"好的#25\",\"你介绍#25\",\"介绍吧#25\",\"没问题#25\",\"请讲#25\",\"请说#25\",\"怎么卖#25\",\"怎么买#25\",\"了解下#25\",\"想了解#25\",\"不了解#25\",\"介绍下#25\",\"有兴趣#25\",\"感兴趣#25\",\"说说看#25\",\"好啊#25\",\"知道#25\",\"需要#25\",\"我要#25\",\"要呀#25\",\"有的#25\",\"操作#25\",\"好做#25\",\"好弄#25\",\"好办#25\",\"多久#25\",\"麻烦#25\",\"方便#25\",\"怎么搞#25\",\"怎么弄#25\",\"怎么办#25\",\"手续费#25\",\"怎么做#25\",\"这么带#25\",\"哎呦#25\",\"考虑#25\",\"咋弄#25\",\"咋整#25\",\"咋搞#25\",\"怎么合作#25\",\"怎么投资#25\"],\"to\":\"JUU3JUJCJTkzJUU2JTlEJTlGRTE=\"},{\"keyword\":[\"没有#25\",\"不用#25\",\"不要#25\",\"不想合作#25\",\"不想#25\",\"不买#25\",\"没钱#25\",\"很穷#25\",\"没兴趣#25\",\"买不起#25\",\"不考虑#25\",\"没考虑#25\",\"不需要#25\",\"没需求#25\",\"不想要#25\",\"不感兴趣#25\",\"不想了解#25\",\"没有需要#25\",\"不用介绍#25\",\"没有钱#25\",\"不可以#25\",\"挂了#25\",\"年纪大#25\",\"先这样#25\",\"没有兴趣#25\",\"不听#25\",\"不要听#25\",\"不用说#25\",\"不要钱#25\",\"不用钱#25\",\"还不起#25\",\"没需要#25\",\"没有没有#25\",\"拉倒#25\",\"不缺钱#25\",\"不做#25\"],\"to\":\"JUU3JUJCJTkzJUU2JTlEJTlGRTI=\"}]},\"next\":\"JUU3JUJCJTkzJUU2JTlEJTlGRTE=\",\"hook\":false,\"type\":0},\"JUU5JTgyJTgwJUU3JUJBJUE2RDI=\":{\"section\":{\"type\":\"condition\",\"voice\":[\"118df45485fc37019c1ad8f587b46218fea6a2ee\"],\"choice\":\"random\",\"conds\":[{\"keyword\":[\"没有#25\",\"不用#25\",\"不要#25\",\"不想合作#25\",\"不想#25\",\"不买#25\",\"没钱#25\",\"很穷#25\",\"没兴趣#25\",\"买不起#25\",\"不考虑#25\",\"没考虑#25\",\"不需要#25\",\"没需求#25\",\"不想要#25\",\"不感兴趣#25\",\"不想了解#25\",\"没有需要#25\",\"不用介绍#25\",\"没有钱#25\",\"不可以#25\",\"挂了#25\",\"年纪大#25\",\"先这样#25\",\"没有兴趣#25\",\"不听#25\",\"不要听#25\",\"不用说#25\",\"不要钱#25\",\"不用钱#25\",\"还不起#25\",\"没需要#25\",\"没有没有#25\",\"拉倒#25\",\"不缺钱#25\",\"不做#25\"],\"to\":\"JUU3JUJCJTkzJUU2JTlEJTlGRTI=\"},{\"keyword\":[\"有#25\",\"呦#25\",\"对#25\",\"ok#25\",\"yes#25\",\"要#25\",\"好#25\",\"行#25\",\"可以#25\",\"说#25\",\"你讲#25\",\"你说#25\",\"说吧#25\",\"讲吧#25\",\"好的#25\",\"你介绍#25\",\"介绍吧#25\",\"没问题#25\",\"请讲#25\",\"请说#25\",\"怎么卖#25\",\"怎么买#25\",\"了解下#25\",\"想了解#25\",\"不了解#25\",\"介绍下#25\",\"有兴趣#25\",\"感兴趣#25\",\"说说看#25\",\"好啊#25\",\"知道#25\",\"需要#25\",\"我要#25\",\"要呀#25\",\"有的#25\",\"操作#25\",\"好做#25\",\"好弄#25\",\"好办#25\",\"多久#25\",\"麻烦#25\",\"方便#25\",\"怎么搞#25\",\"怎么弄#25\",\"怎么办#25\",\"手续费#25\",\"怎么做#25\",\"这么带#25\",\"哎呦#25\",\"考虑#25\",\"咋弄#25\",\"咋整#25\",\"咋搞#25\",\"怎么合作#25\",\"怎么投资#25\"],\"to\":\"JUU3JUJCJTkzJUU2JTlEJTlGRTE=\"}]},\"next\":\"JUU3JUJCJTkzJUU2JTlEJTlGRTE=\",\"hook\":false,\"type\":0},\"JUU3JUJCJTkzJUU2JTlEJTlGRTE=\":{\"section\":{\"type\":\"end\",\"voice\":[\"b1fd356f42d510a9b0d03f948858811e8916c8d7\"],\"choice\":\"random\"},\"next\":\"\",\"hook\":false,\"type\":0},\"JUU3JUJCJTkzJUU2JTlEJTlGRTI=\":{\"section\":{\"type\":\"end\",\"voice\":[\"8aa5f6b9091bbb013c81abf83d5897e1d5cf3d5b\"],\"choice\":\"random\"},\"next\":\"\",\"hook\":false,\"type\":0},\"JUU3JUJCJTkzJUU2JTlEJTlGRTM=\":{\"section\":{\"type\":\"end\",\"voice\":[\"b2358ac4ac8a257233719243d8ac2adc3cb8c972\"],\"choice\":\"random\"},\"next\":\"\",\"hook\":false,\"type\":0}},\"keyword\":{\"quiet1\":{\"type\":0,\"voice\":[\"fd8d8921e68a5bcbc81a729649eca5a36a64bfdf\"],\"choice\":\"random\",\"conds\":[],\"next\":\"next\"},\"quiet2\":{\"type\":0,\"voice\":[],\"choice\":\"random\",\"conds\":[],\"next\":\"JUU3JUJCJTkzJUU2JTlEJTlGRTI=\"},\"noword1\":{\"type\":0,\"voice\":[\"8abc214b2631332051c85d6776518c54e5489723\"],\"choice\":\"random\",\"conds\":[],\"next\":\"next\"},\"noword2\":{\"type\":0,\"voice\":[],\"choice\":\"random\",\"conds\":[],\"next\":\"next\"},\"noword3\":{\"type\":0,\"voice\":[],\"choice\":\"random\",\"conds\":[],\"next\":\"\"},\"JUU1JThEJTk1JUU0JUJEJThE\":{\"type\":0,\"keyword\":[\"哪个单位#25\",\"哪个公司#25\",\"什么单位#25\",\"什么公司#25\"],\"voice\":[\"b748c5af1c82a8116400dbed992113360546c566\"],\"choice\":\"random\",\"conds\":[],\"next\":\"next\"},\"JUU0JUJEJThEJUU3JUJEJUFF\":{\"type\":0,\"keyword\":[\"拍摄地#25\",\"在哪#25\",\"哪儿#25\",\"地址在哪#25\"],\"voice\":[\"f3f9eb7ca5beaab26963309e7c191584a32d0d88\"],\"choice\":\"random\",\"conds\":[],\"next\":\"next\"},\"JUU1JTg4JTg2JUU2JTg4JTkw\":{\"type\":0,\"keyword\":[\"分成#25\",\"比例#25\",\"赚多少#25\",\"怎么分#25\",\"怎么分成#25\",\"分多少#25\"],\"voice\":[\"2622fd299d74e98c3cc4d24000226d8a4b287f0e\"],\"choice\":\"random\",\"conds\":[],\"next\":\"next\"},\"JUU2JTk3JUI2JUU5JTk3JUI0\":{\"type\":0,\"keyword\":[\"时间#25\",\"逾期#25\",\"上映逾期#25\"],\"voice\":[\"dd9324017eadddd4056b6f9791009db5836b927a\"],\"choice\":\"random\",\"conds\":[],\"next\":\"next\"},\"JUU3JTlDJTlGJUU1JUFFJTlFJUU2JTgwJUE3\":{\"type\":0,\"keyword\":[\"真的假的#25\",\"真的吗#25\",\"骗人的吧#25\",\"骗子#25\"],\"voice\":[\"061dc25da0bc7d3efcf1e0e829d061880bcad933\"],\"choice\":\"random\",\"conds\":[],\"next\":\"next\"},\"JUU5JUEyJTk4JUU2JTlEJTkw\":{\"type\":0,\"keyword\":[\"什么类型#25\",\"题材#25\"],\"voice\":[\"1113a318c8b1403e9a6ff94d82f5f7f074bc2257\"],\"choice\":\"random\",\"conds\":[],\"next\":\"next\"},\"JUU3JUE1JUE4JUU2JTg4JUJGJUU5JTgwJUEwJUU1JTgxJTg3\":{\"type\":0,\"keyword\":[\"票房造假#25\"],\"voice\":[\"7d1e756178eeb9c611214ccd8f7168729ad387b0\"],\"choice\":\"random\",\"conds\":[],\"next\":\"next\"},\"JUU1JUFGJUJDJUU2JUJDJTk0\":{\"type\":0,\"keyword\":[\"导演#25\"],\"voice\":[\"5e9487fe6b9477780cfe94cf2277863d484c4601\"],\"choice\":\"random\",\"conds\":[],\"next\":\"next\"},\"JUU0JUI4JThEJUU4JUI1JTlBJUU5JTkyJUIx\":{\"type\":0,\"keyword\":[\"不赚钱#25\"],\"voice\":[\"b9da34ddde04058deafc7db4946ee69224f99cf1\"],\"choice\":\"random\",\"conds\":[],\"next\":\"next\"},\"JUU2JTkxJTg0JUU1JTg4JUI2JUU4JUFFJUI4JUU1JThGJUFGJUU4JUFGJTgx\":{\"type\":0,\"keyword\":[\"摄制许可证#25\"],\"voice\":[\"cf5f3c6329bd216babc5ec3f41a94120437725b7\"],\"choice\":\"random\",\"conds\":[],\"next\":\"next\"},\"JUU2JThFJUEyJUU3JThGJUFE\":{\"type\":0,\"keyword\":[\"探班#25\"],\"voice\":[\"3eeeed0030017ea300fdc9e8577c888c9f7afcba\"],\"choice\":\"random\",\"conds\":[],\"next\":\"next\"},\"JUU4JUI1JTg0JUU5JTg3JTkxJUU1JUFFJTg5JUU1JTg1JUE4\":{\"type\":0,\"keyword\":[\"资金安全#25\"],\"voice\":[\"aefe2408a44b46497da8b7fd5a29a31b4ec30654\"],\"choice\":\"random\",\"conds\":[],\"next\":\"next\"},\"JUU2JUExJTg4JUU0JUJFJThC\":{\"type\":0,\"keyword\":[\"案例#25\"],\"voice\":[\"0c55f398b8dac807e8d19da4063d8c6a198cf980\"],\"choice\":\"random\",\"conds\":[],\"next\":\"next\"},\"JUU2JTg4JUJGJUU1JTlDJUIwJUU0JUJBJUE3JUU1JUFGJUI5JUU2JUFGJTk0\":{\"type\":0,\"keyword\":[\"房地产对比#25\"],\"voice\":[\"2024476095e85b701e4d8cfe6c67c8af42c0d0c9\"],\"choice\":\"random\",\"conds\":[],\"next\":\"next\"},\"JUU4JTgyJUExJUU3JUE1JUE4JUU2JThBJTk1JUU4JUI1JTg0JUU1JUFGJUI5JUU2JUFGJTk0\":{\"type\":0,\"keyword\":[\"股票投资对比#25\"],\"voice\":[\"c711d04638067e71464d6c9273bf9c1c9b1d1771\"],\"choice\":\"random\",\"conds\":[],\"next\":\"next\"},\"JUU1JUFEJTk4JUU2JUFDJUJFJUU1JUFGJUI5JUU2JUFGJTk0\":{\"type\":0,\"keyword\":[\"定期存款对比#25\",\"余额宝对比#25\"],\"voice\":[\"ccb1cc95bc862e85e7da29878b89c4a6571953e8\"],\"choice\":\"random\",\"conds\":[],\"next\":\"next\"},\"JUU2JThFJUE4JUU1JUI5JUJG\":{\"type\":0,\"keyword\":[\"推广#25\"],\"voice\":[\"c456671539704aaf2e5eeba22039921213f0f26c\"],\"choice\":\"random\",\"conds\":[],\"next\":\"next\"},\"JUU1JUJFJUFFJUU0JUJGJUEx\":{\"type\":0,\"keyword\":[\"微信#25\",\"短信#25\"],\"voice\":[\"40d943c08def27315ffbc337429633877429bab1\"],\"choice\":\"random\",\"conds\":[],\"next\":\"next\"},\"JUU2JTlDJUJBJUU1JTk5JUE4JUU0JUJBJUJB\":{\"type\":0,\"keyword\":[\"是机器人#25\",\"不是真人#25\"],\"voice\":[\"57f0717ff9e7b97e0b8bd186272f1822f8ecb1dc\"],\"choice\":\"random\",\"conds\":[],\"next\":\"next\"},\"JUU1JUJGJUFCJUU3JTgyJUI5JUU4JUFGJUI0\":{\"type\":0,\"keyword\":[\"快点说#25\",\"说重点#25\"],\"voice\":[\"198eb7e64f03b5138c82dc7243d4e3586f4ecedf\"],\"choice\":\"random\",\"conds\":[],\"next\":\"next\"},\"JUU2JTk2JUIwJUU2JTlEJUE1JUU3JTlBJTg0\":{\"type\":0,\"keyword\":[\"新来的#25\"],\"voice\":[\"888c84d0f42d07be1af5f9ef675de876fffd4abf\"],\"choice\":\"random\",\"conds\":[],\"next\":\"next\"},\"JUU4JUFGJUI3JUU2JTk1JTk5\":{\"type\":0,\"keyword\":[\"请教#25\",\"请问#25\"],\"voice\":[\"3ed5adcd095e4e8fc32cbaa30a8cd0ae09a51b8f\"],\"choice\":\"random\",\"conds\":[],\"next\":\"next\"},\"JUU1JThGJTkxJUU2JTg4JTkxJUU2JTg5JThCJUU2JTlDJUJB\":{\"type\":0,\"keyword\":[\"发我手机#25\"],\"voice\":[\"57460c0597cc7c563f37d1f229aa1df05417fb74\"],\"choice\":\"random\",\"conds\":[],\"next\":\"next\"},\"JUU2JTlDJTg5JUU2JTg4JTkxJUU1JThGJUI3JUU3JUEwJTgx\":{\"type\":0,\"keyword\":[\"有我号码#25\"],\"voice\":[\"6c2f69d4432947a9dc28553fda1aae015e823fce\"],\"choice\":\"random\",\"conds\":[],\"next\":\"next\"},\"JUU1JTg3JUEwJUU1JUIyJTgx\":{\"type\":0,\"keyword\":[\"几岁#25\",\"多大#25\",\"几几年的#25\"],\"voice\":[\"97a3f51534d966a0dffc727376fc8cad24457ffd\"],\"choice\":\"random\",\"conds\":[],\"next\":\"next\"},\"JUU0JUJBJUE0JUU0JUI4JUFBJUU2JTlDJThCJUU1JThGJThC\":{\"type\":0,\"keyword\":[\"交个朋友#25\",\"出来玩#25\"],\"voice\":[\"06d192309ecbfb30a0e9ad03ed19f4476ea7ad7a\"],\"choice\":\"random\",\"conds\":[],\"next\":\"next\"},\"JUU2JTgwJThFJUU0JUI5JTg4JUU0JUI4JThEJUU0JUJCJThCJUU3JUJCJThE\":{\"type\":0,\"keyword\":[\"怎么不介绍#25\"],\"voice\":[\"8d1309420f2ea075f9ebf8f12e7f44b485238b96\"],\"choice\":\"random\",\"conds\":[],\"next\":\"next\"},\"JUU2JTgwJThFJUU0JUI5JTg4JUU1JTkwJTg4JUU0JUJEJTlD\":{\"type\":0,\"keyword\":[\"怎么合作#25\"],\"voice\":[\"c5ed7a6a7c262b7ed3afc0b1ca416f01d210161f\"],\"choice\":\"random\",\"conds\":[],\"next\":\"next\"},\"JUU2JTk0JUI2JUU4JUI0JUI5JUU4JUI0JUI1\":{\"type\":0,\"keyword\":[\"收费贵#25\"],\"voice\":[\"99ae47e3ef724eac9b53c4c39f7c2c4f181af862\"],\"choice\":\"random\",\"conds\":[],\"next\":\"next\"}},\"voice\":{\"cf34fe75dffec7282b54292bc8479dc76681b6c3\":{\"pcm\":\"2018\\\\06\\\\21\\\\cf34fe75dffec7282b54292bc8479dc76681b6c3.pcm\",\"path\":\"2018\\\\06\\\\21\\\\cf34fe75dffec7282b54292bc8479dc76681b6c3.wav\",\"filename\":\"6.1.2.ai1\",\"text\":\"没声音或没信号\"},\"a79293a6d0bba9218b98d1eda1b19ea6c0451fbb\":{\"pcm\":\"2018\\\\07\\\\20\\\\a79293a6d0bba9218b98d1eda1b19ea6c0451fbb.pcm\",\"path\":\"2018\\\\07\\\\20\\\\a79293a6d0bba9218b98d1eda1b19ea6c0451fbb.wav\",\"filename\":\"A1\",\"text\":\"您好，我这边是西安秦越影视，主要从事院线电影制片经济的，请问您对电影产权投资有兴趣了解一下吗？\"},\"6f680d09fecaa7c39d2fa6a307985ab76824273b\":{\"pcm\":\"2018\\\\07\\\\20\\\\6f680d09fecaa7c39d2fa6a307985ab76824273b.pcm\",\"path\":\"2018\\\\07\\\\20\\\\6f680d09fecaa7c39d2fa6a307985ab76824273b.wav\",\"filename\":\"B1\",\"text\":\"我们的剧本题材，档期，宣传发行都是做的最好的，电影今年8月份开拍，明年暑假上映，目前电影限量礼盒正在发售，每个售价10000元，可以说是小投资大回报，难得的一次机会，您要不要考虑投资一下呢\"},\"975a69eacb009454bd55431b613e83ecd5ef231b\":{\"pcm\":\"2018\\\\07\\\\21\\\\975a69eacb009454bd55431b613e83ecd5ef231b.pcm\",\"path\":\"2018\\\\07\\\\21\\\\975a69eacb009454bd55431b613e83ecd5ef231b.wav\",\"filename\":\"C2\",\"text\":\"2018年首季度内地总票房突破200亿元大关，超越北美成为世界第一大电影市场，《红海行动》票房完成大逆袭，成为国产电影票房的大赢家.作为同类型题材的鹰猎长空必定会再次引爆大荧幕，这样，我先加您微信发些资料给您看看吧。\"},\"b07b77ba851d365252f89ec70ba45341eb84713a\":{\"pcm\":\"2018\\\\07\\\\20\\\\b07b77ba851d365252f89ec70ba45341eb84713a.pcm\",\"path\":\"2018\\\\07\\\\20\\\\b07b77ba851d365252f89ec70ba45341eb84713a.wav\",\"filename\":\"C1\",\"text\":\"没有兴趣是因为您还不了解，这是一个新的市场，我给您介绍一下您肯定就有兴趣了，可以吗？\"},\"57e4e34854f760d891612f229e1a517576c79f2f\":{\"pcm\":\"2018\\\\07\\\\20\\\\57e4e34854f760d891612f229e1a517576c79f2f.pcm\",\"path\":\"2018\\\\07\\\\20\\\\57e4e34854f760d891612f229e1a517576c79f2f.wav\",\"filename\":\"D1\",\"text\":\"您看这样好不好，待会我给您发些电影信息，您多了解一些，我们再详聊，您看可以吗\"},\"e94770b309dca6d4332530c72d96b75fdfeeff3a\":{\"pcm\":\"2018\\\\07\\\\20\\\\e94770b309dca6d4332530c72d96b75fdfeeff3a.pcm\",\"path\":\"2018\\\\07\\\\20\\\\e94770b309dca6d4332530c72d96b75fdfeeff3a.wav\",\"filename\":\"D2\",\"text\":\"好的, 我这里只是简单的把影视投资给您介绍了下, 具体的流程和操作我稍后让我们的项目经理联系您给您具体的讲解一下\"},\"118df45485fc37019c1ad8f587b46218fea6a2ee\":{\"pcm\":\"2018\\\\07\\\\20\\\\118df45485fc37019c1ad8f587b46218fea6a2ee.pcm\",\"path\":\"2018\\\\07\\\\20\\\\118df45485fc37019c1ad8f587b46218fea6a2ee.wav\",\"filename\":\"D2\",\"text\":\"好的, 我这里只是简单的把影视投资给您介绍了下, 具体的流程和操作我稍后让我们的项目经理联系您给您具体的讲解一下\"},\"b1fd356f42d510a9b0d03f948858811e8916c8d7\":{\"pcm\":\"2018\\\\07\\\\20\\\\b1fd356f42d510a9b0d03f948858811e8916c8d7.pcm\",\"path\":\"2018\\\\07\\\\20\\\\b1fd356f42d510a9b0d03f948858811e8916c8d7.wav\",\"filename\":\"E1\",\"text\":\"好的, 那其它的话就让我们项目经理与您具体再说, 祝您生活愉快, 再见\"},\"0996ffb3bbcce6363a998d3954b704712b26e425\":{\"pcm\":\"2018\\\\07\\\\20\\\\0996ffb3bbcce6363a998d3954b704712b26e425.pcm\",\"path\":\"2018\\\\07\\\\20\\\\0996ffb3bbcce6363a998d3954b704712b26e425.wav\",\"filename\":\"E2\",\"text\":\"那谢谢您的接听, 打扰您了，祝您生活愉快，再见\"},\"b2358ac4ac8a257233719243d8ac2adc3cb8c972\":{\"pcm\":\"2018\\\\07\\\\20\\\\b2358ac4ac8a257233719243d8ac2adc3cb8c972.pcm\",\"path\":\"2018\\\\07\\\\20\\\\b2358ac4ac8a257233719243d8ac2adc3cb8c972.wav\",\"filename\":\"E3\",\"text\":\"那打扰您了, 祝您生活愉快，再见\"},\"8aa5f6b9091bbb013c81abf83d5897e1d5cf3d5b\":{\"pcm\":\"2018\\\\07\\\\21\\\\8aa5f6b9091bbb013c81abf83d5897e1d5cf3d5b.pcm\",\"path\":\"2018\\\\07\\\\21\\\\8aa5f6b9091bbb013c81abf83d5897e1d5cf3d5b.wav\",\"filename\":\"E2\",\"text\":\"那谢谢您的接听, 打扰您了，祝您生活愉快，再见\"},\"b748c5af1c82a8116400dbed992113360546c566\":{\"pcm\":\"2018\\\\07\\\\20\\\\b748c5af1c82a8116400dbed992113360546c566.pcm\",\"path\":\"2018\\\\07\\\\20\\\\b748c5af1c82a8116400dbed992113360546c566.wav\",\"filename\":\"F1\",\"text\":\"我们是西安秦越影视，电影《鹰猎长空》的出品方，投资者可以享受到《鹰猎长空》这部电影的票房和版权的分红权益\"},\"99ae47e3ef724eac9b53c4c39f7c2c4f181af862\":{\"pcm\":\"2018\\\\07\\\\21\\\\99ae47e3ef724eac9b53c4c39f7c2c4f181af862.pcm\",\"path\":\"2018\\\\07\\\\21\\\\99ae47e3ef724eac9b53c4c39f7c2c4f181af862.wav\",\"filename\":\"F29\",\"text\":\"您可以去对比的呀，我们公司是很透明的很公正的，所以我相信你能理解的后续我们会有部门经理给您做如何投资的参考\"},\"78f67ebeb915b71287973b8df03594cb7614f0d5\":{\"pcm\":\"2018\\\\07\\\\20\\\\78f67ebeb915b71287973b8df03594cb7614f0d5.pcm\",\"path\":\"2018\\\\07\\\\20\\\\78f67ebeb915b71287973b8df03594cb7614f0d5.wav\",\"filename\":\"F2\",\"text\":\"我们剧组在云南、重庆，成都三地地取景。真实的反应了中、美两国飞行员面对占压倒性优势的法西斯空军大无畏的英雄主义精神。你有时间可以过来探班的\"},\"2622fd299d74e98c3cc4d24000226d8a4b287f0e\":{\"pcm\":\"2018\\\\07\\\\21\\\\2622fd299d74e98c3cc4d24000226d8a4b287f0e.pcm\",\"path\":\"2018\\\\07\\\\21\\\\2622fd299d74e98c3cc4d24000226d8a4b287f0e.wav\",\"filename\":\"F3\",\"text\":\"您的收益是与制片方挂钩的，电影收益中制片方占35%左右，电视 网络转播的版权收益也全部归制片方所有\"},\"dd9324017eadddd4056b6f9791009db5836b927a\":{\"pcm\":\"2018\\\\07\\\\20\\\\dd9324017eadddd4056b6f9791009db5836b927a.pcm\",\"path\":\"2018\\\\07\\\\20\\\\dd9324017eadddd4056b6f9791009db5836b927a.wav\",\"filename\":\"F4\",\"text\":\"鹰猎长空这部电影是大投资，明年暑期上映，是由上海君懿文化艺术有限公司担保该部影片100%上全国院线\"},\"061dc25da0bc7d3efcf1e0e829d061880bcad933\":{\"pcm\":\"2018\\\\07\\\\20\\\\061dc25da0bc7d3efcf1e0e829d061880bcad933.pcm\",\"path\":\"2018\\\\07\\\\20\\\\061dc25da0bc7d3efcf1e0e829d061880bcad933.wav\",\"filename\":\"F5\",\"text\":\"我们有专业的国家级部门统计票房，而且票房百度和猫眼都搜索到的，您完全可以放心.\"},\"1113a318c8b1403e9a6ff94d82f5f7f074bc2257\":{\"pcm\":\"2018\\\\07\\\\21\\\\1113a318c8b1403e9a6ff94d82f5f7f074bc2257.pcm\",\"path\":\"2018\\\\07\\\\21\\\\1113a318c8b1403e9a6ff94d82f5f7f074bc2257.wav\",\"filename\":\"F6\",\"text\":\"是弘扬中国空军历史战争片，您看《战狼2》大卖,《红海行动》票房完成大逆袭，跟爱国主义也有很大的关系，所以我们电影票房是绝对有保障的\"},\"7d1e756178eeb9c611214ccd8f7168729ad387b0\":{\"pcm\":\"2018\\\\07\\\\20\\\\7d1e756178eeb9c611214ccd8f7168729ad387b0.pcm\",\"path\":\"2018\\\\07\\\\20\\\\7d1e756178eeb9c611214ccd8f7168729ad387b0.wav\",\"filename\":\"F7\",\"text\":\"票房造假有两种情况：1、票房不好2、投资方自己买拉高票房来宣传造势。这点对您来说绝对是好事，因为不管谁买的电影票您都有收益，您自己去看，您都有收益。其实影片上映第一天投资方都会自己买一些票房热热场。您也是投资方呀影片上映您肯定也会带家人、朋友们去捧场啊。票房太好了像《战狼2》一样，院线和别的电影偷我们的票房，这点您更可以放心，整个宣发和制片团队都会去监管的，票房那么好您肯定也赚大了，翻几倍\"},\"5e9487fe6b9477780cfe94cf2277863d484c4601\":{\"pcm\":\"2018\\\\07\\\\20\\\\5e9487fe6b9477780cfe94cf2277863d484c4601.pcm\",\"path\":\"2018\\\\07\\\\20\\\\5e9487fe6b9477780cfe94cf2277863d484c4601.wav\",\"filename\":\"F8\",\"text\":\"我们的总监制韩三平，是中国电影之父，是影视界是数一数二的人物，建国大业，建党伟业都是他监制的，而且是全明星零片酬\"},\"b9da34ddde04058deafc7db4946ee69224f99cf1\":{\"pcm\":\"2018\\\\07\\\\21\\\\b9da34ddde04058deafc7db4946ee69224f99cf1.pcm\",\"path\":\"2018\\\\07\\\\21\\\\b9da34ddde04058deafc7db4946ee69224f99cf1.wav\",\"filename\":\"F9\",\"text\":\"我们电影题材热门，导演监制资历深，主演以及制片人都是行业顶尖级别，怎么会亏钱呢？\"},\"6296c558fac5feeed9490b0704b20e0e7789e934\":{\"pcm\":\"2018\\\\07\\\\20\\\\6296c558fac5feeed9490b0704b20e0e7789e934.pcm\",\"path\":\"2018\\\\07\\\\20\\\\6296c558fac5feeed9490b0704b20e0e7789e934.wav\",\"filename\":\"F10\",\"text\":\"关于摄制许可证和演员具体签约的文书属于公司机密，尤其是演员签约有的时候导演也不给我们的，但是我们是投资方，风险把控这方面没有问题，您放心\"},\"3eeeed0030017ea300fdc9e8577c888c9f7afcba\":{\"pcm\":\"2018\\\\07\\\\21\\\\3eeeed0030017ea300fdc9e8577c888c9f7afcba.pcm\",\"path\":\"2018\\\\07\\\\21\\\\3eeeed0030017ea300fdc9e8577c888c9f7afcba.wav\",\"filename\":\"F11\",\"text\":\"公众号会发布电影拍摄进度，影视公司还会不定期组织剧组见面会,当然了，如果您是VIP客户还可以安排到剧组探班\"},\"aefe2408a44b46497da8b7fd5a29a31b4ec30654\":{\"pcm\":\"2018\\\\07\\\\20\\\\aefe2408a44b46497da8b7fd5a29a31b4ec30654.pcm\",\"path\":\"2018\\\\07\\\\20\\\\aefe2408a44b46497da8b7fd5a29a31b4ec30654.wav\",\"filename\":\"F12\",\"text\":\"您放心，资金是由甘肃文交所和平安银行监管的，绝对安全\"},\"0c55f398b8dac807e8d19da4063d8c6a198cf980\":{\"pcm\":\"2018\\\\07\\\\20\\\\0c55f398b8dac807e8d19da4063d8c6a198cf980.pcm\",\"path\":\"2018\\\\07\\\\20\\\\0c55f398b8dac807e8d19da4063d8c6a198cf980.wav\",\"filename\":\"F13\",\"text\":\"这个都是通过渠道发行，有正规的会计律师所进行审计，而且广电总局官网都是有备案的。这些你都可以去网上进行查询验证\"},\"2024476095e85b701e4d8cfe6c67c8af42c0d0c9\":{\"pcm\":\"2018\\\\07\\\\20\\\\2024476095e85b701e4d8cfe6c67c8af42c0d0c9.pcm\",\"path\":\"2018\\\\07\\\\20\\\\2024476095e85b701e4d8cfe6c67c8af42c0d0c9.wav\",\"filename\":\"F14\",\"text\":\"房地产连续10年上涨，经过16年这一轮很多地方的房价又翻了一倍, 您在看现在的调控政策 短期政府不去调控不太可能.不过既然调控就说明还是要涨才调控，只是不让过快上涨的，大的上涨周期还在,可是您能确定是那一年吗？同时一套房产最少几十万,我们一部影片最多才让投20万,一年的周期影片上映，可以说投资金额灵活回报周期短、收益可观。您看看这几年的票房，一路高歌猛进您拿房地产来比较影视行业真的是太恰当了\"},\"2c976cb3abfefd8ee7cece5bdca3055a7a0e09d2\":{\"pcm\":\"2018\\\\07\\\\20\\\\2c976cb3abfefd8ee7cece5bdca3055a7a0e09d2.pcm\",\"path\":\"2018\\\\07\\\\20\\\\2c976cb3abfefd8ee7cece5bdca3055a7a0e09d2.wav\",\"filename\":\"F15\",\"text\":\"\"},\"ccb1cc95bc862e85e7da29878b89c4a6571953e8\":{\"pcm\":\"2018\\\\07\\\\21\\\\ccb1cc95bc862e85e7da29878b89c4a6571953e8.pcm\",\"path\":\"2018\\\\07\\\\21\\\\ccb1cc95bc862e85e7da29878b89c4a6571953e8.wav\",\"filename\":\"F16\",\"text\":\"我们中国人喜欢存钱, 喜欢储蓄这是一个非常好的习惯。但是基本固定收益也就那样了，常常还跑不赢通货膨胀。等于存了一年钱还缩水了。现在物价涨的实在太快了，拿出一部分做一点其他风险不是太大收益还不错的投资绝对是明智的选择\"},\"c456671539704aaf2e5eeba22039921213f0f26c\":{\"pcm\":\"2018\\\\07\\\\21\\\\c456671539704aaf2e5eeba22039921213f0f26c.pcm\",\"path\":\"2018\\\\07\\\\21\\\\c456671539704aaf2e5eeba22039921213f0f26c.wav\",\"filename\":\"F17\",\"text\":\"这样好不好, 稍后我会安排我们客户经理跟您直接对接, 让他为您详细介绍, 可以吗\"},\"40d943c08def27315ffbc337429633877429bab1\":{\"pcm\":\"2018\\\\07\\\\21\\\\40d943c08def27315ffbc337429633877429bab1.pcm\",\"path\":\"2018\\\\07\\\\21\\\\40d943c08def27315ffbc337429633877429bab1.wav\",\"filename\":\"F18\",\"text\":\"好的, 我稍后把我们公司还有我个人的信息发短信到您手机上，这样您什么时候有需要的话可以随时联系我, 可以吗?\"},\"57f0717ff9e7b97e0b8bd186272f1822f8ecb1dc\":{\"pcm\":\"2018\\\\07\\\\20\\\\57f0717ff9e7b97e0b8bd186272f1822f8ecb1dc.pcm\",\"path\":\"2018\\\\07\\\\20\\\\57f0717ff9e7b97e0b8bd186272f1822f8ecb1dc.wav\",\"filename\":\"F19\",\"text\":\"怎么会呢, 肯定是人工给您打电话啦, 是不是我说话太快了, 因为我们公司这边要求与客户沟通要统一话术的, 这个请您放心\"},\"198eb7e64f03b5138c82dc7243d4e3586f4ecedf\":{\"pcm\":\"2018\\\\07\\\\20\\\\198eb7e64f03b5138c82dc7243d4e3586f4ecedf.pcm\",\"path\":\"2018\\\\07\\\\20\\\\198eb7e64f03b5138c82dc7243d4e3586f4ecedf.wav\",\"filename\":\"F20\",\"text\":\"不好意思打扰您了, 就是想问一下, 我这边有电影产权投资的项目，您有兴趣考虑投资吗?\"},\"888c84d0f42d07be1af5f9ef675de876fffd4abf\":{\"pcm\":\"2018\\\\07\\\\20\\\\888c84d0f42d07be1af5f9ef675de876fffd4abf.pcm\",\"path\":\"2018\\\\07\\\\20\\\\888c84d0f42d07be1af5f9ef675de876fffd4abf.wav\",\"filename\":\"F21\",\"text\":\"不好意思, 我这边也是新来的, 有些业务还不是很了解, 我稍后让我们客户经理马上给您回个电话, 再介绍一下, 可以吗?\"},\"3ed5adcd095e4e8fc32cbaa30a8cd0ae09a51b8f\":{\"pcm\":\"2018\\\\07\\\\20\\\\3ed5adcd095e4e8fc32cbaa30a8cd0ae09a51b8f.pcm\",\"path\":\"2018\\\\07\\\\20\\\\3ed5adcd095e4e8fc32cbaa30a8cd0ae09a51b8f.wav\",\"filename\":\"F22\",\"text\":\"嗯, 您请讲\"},\"57460c0597cc7c563f37d1f229aa1df05417fb74\":{\"pcm\":\"2018\\\\07\\\\21\\\\57460c0597cc7c563f37d1f229aa1df05417fb74.pcm\",\"path\":\"2018\\\\07\\\\21\\\\57460c0597cc7c563f37d1f229aa1df05417fb74.wav\",\"filename\":\"F23\",\"text\":\"哦, 那我这边先发个信息给您, 您先做个了解, 等您需要的时候我们随时可以再联系的\"},\"6c2f69d4432947a9dc28553fda1aae015e823fce\":{\"pcm\":\"2018\\\\07\\\\20\\\\6c2f69d4432947a9dc28553fda1aae015e823fce.pcm\",\"path\":\"2018\\\\07\\\\20\\\\6c2f69d4432947a9dc28553fda1aae015e823fce.wav\",\"filename\":\"F24\",\"text\":\"这个我们这边都是公司分配的, 可能您在哪个网站有注册过, 有留下您的号码的\"},\"97a3f51534d966a0dffc727376fc8cad24457ffd\":{\"pcm\":\"2018\\\\07\\\\20\\\\97a3f51534d966a0dffc727376fc8cad24457ffd.pcm\",\"path\":\"2018\\\\07\\\\20\\\\97a3f51534d966a0dffc727376fc8cad24457ffd.wav\",\"filename\":\"F25\",\"text\":\"不好意思哈, 您问的这个问题是不方便做答的, 您看您对我们业务还有没有需要了解的呢?\"},\"06d192309ecbfb30a0e9ad03ed19f4476ea7ad7a\":{\"pcm\":\"2018\\\\07\\\\21\\\\06d192309ecbfb30a0e9ad03ed19f4476ea7ad7a.pcm\",\"path\":\"2018\\\\07\\\\21\\\\06d192309ecbfb30a0e9ad03ed19f4476ea7ad7a.wav\",\"filename\":\"F26\",\"text\":\"不好意思啊， 只要是关于业务方面的问题,我都会竭诚为您解答的, 希望您理解一下, 关于业务方面您还有需要了解的吗?\"},\"8d1309420f2ea075f9ebf8f12e7f44b485238b96\":{\"pcm\":\"2018\\\\07\\\\20\\\\8d1309420f2ea075f9ebf8f12e7f44b485238b96.pcm\",\"path\":\"2018\\\\07\\\\20\\\\8d1309420f2ea075f9ebf8f12e7f44b485238b96.wav\",\"filename\":\"F27\",\"text\":\"不好意思呀, 因为我这边是公司新来的客服, 对一些业务细节还不太清楚, 我稍后安排公司的客户经理, 让他帮您详细介绍一下可以吗\"},\"c5ed7a6a7c262b7ed3afc0b1ca416f01d210161f\":{\"pcm\":\"2018\\\\07\\\\21\\\\c5ed7a6a7c262b7ed3afc0b1ca416f01d210161f.pcm\",\"path\":\"2018\\\\07\\\\21\\\\c5ed7a6a7c262b7ed3afc0b1ca416f01d210161f.wav\",\"filename\":\"F28\",\"text\":\"这样吧, 稍后我让我们的项目经理联系您, 跟您详细的聊一下合作的具体细节可以吗?\"},\"c711d04638067e71464d6c9273bf9c1c9b1d1771\":{\"pcm\":\"2018\\\\07\\\\21\\\\c711d04638067e71464d6c9273bf9c1c9b1d1771.pcm\",\"path\":\"2018\\\\07\\\\21\\\\c711d04638067e71464d6c9273bf9c1c9b1d1771.wav\",\"filename\":\"F15\",\"text\":\"中国的股市您懂的，国外的涨国内的不涨，国外的跌国内的跌更多。大盘涨个股不涨，大盘跌个股跌更惨。虽然近期行情可以，但是一年能达到50%以上的股民其实很少的。中国电影市场的情况轻轻松松两三个亿，投资方都不会亏损稍微好一点都能卖到5亿票房利润非常可观。哪怕实在太差，其实每一个剧组都不想这样的，大几千万一个亿都卖的出来。再加上电视版权、网络版权、网络点击、投资方都不会有太大亏损\"},\"cf5f3c6329bd216babc5ec3f41a94120437725b7\":{\"pcm\":\"2018\\\\07\\\\21\\\\cf5f3c6329bd216babc5ec3f41a94120437725b7.pcm\",\"path\":\"2018\\\\07\\\\21\\\\cf5f3c6329bd216babc5ec3f41a94120437725b7.wav\",\"filename\":\"F10\",\"text\":\"关于摄制许可证和演员具体签约的文书属于公司机密，尤其是演员签约有的时候导演也不给我们的，但是我们是投资方，风险把控这方面没有问题，您放心.\"},\"f3f9eb7ca5beaab26963309e7c191584a32d0d88\":{\"pcm\":\"2018\\\\07\\\\21\\\\f3f9eb7ca5beaab26963309e7c191584a32d0d88.pcm\",\"path\":\"2018\\\\07\\\\21\\\\f3f9eb7ca5beaab26963309e7c191584a32d0d88.wav\",\"filename\":\"F2\",\"text\":\"我们剧组在云南、重庆，成都三地地取景。真实的反应了中、美两国飞行员面对占压倒性优势的法西斯空军大无畏的英雄主义精神。你有时间可以过来探班的？\"},\"fd8d8921e68a5bcbc81a729649eca5a36a64bfdf\":{\"pcm\":\"2018\\\\07\\\\21\\\\fd8d8921e68a5bcbc81a729649eca5a36a64bfdf.pcm\",\"path\":\"2018\\\\07\\\\21\\\\fd8d8921e68a5bcbc81a729649eca5a36a64bfdf.wav\",\"filename\":\"F37\",\"text\":\"喂，您还在吗，刚刚是信号不好吗\"},\"8abc214b2631332051c85d6776518c54e5489723\":{\"pcm\":\"2018\\\\07\\\\21\\\\8abc214b2631332051c85d6776518c54e5489723.pcm\",\"path\":\"2018\\\\07\\\\21\\\\8abc214b2631332051c85d6776518c54e5489723.wav\",\"filename\":\"F38\",\"text\":\"嗯，不好意思，刚才没听清，您能再说一遍吗\"}},\"type\":[{\"name\":\"未分类\",\"rule\":\"time:0,10;word:0,5;section:0,10\"},{\"name\":\"空号\",\"rule\":\"\"},{\"name\":\"A类\",\"rule\":\"\"},{\"name\":\"B类\",\"rule\":\"\"},{\"name\":\"C类\",\"rule\":\"\"},{\"name\":\"D类\",\"rule\":\"\"},{\"name\":\"E类\",\"rule\":\"\"},{\"name\":\"F类\",\"rule\":\"\"}]}',0,'2018-07-09 12:19:45'),(5,'电影投资话术','admin','{\"main\":\"JUU0JUI4JUJCJUU2JUI1JTgxJUU3JUE4JThCJUVGJUJDJTg4JUU1JUJDJTgwJUU1JTlDJUJBJUU3JTk5JUJEJUVGJUJDJTg5\",\"flow\":{\"JUU0JUI4JUJCJUU2JUI1JTgxJUU3JUE4JThCJUVGJUJDJTg4JUU1JUJDJTgwJUU1JTlDJUJBJUU3JTk5JUJEJUVGJUJDJTg5\":{\"section\":{\"type\":\"condition\",\"voice\":[\"a79293a6d0bba9218b98d1eda1b19ea6c0451fbb\"],\"choice\":\"random\",\"conds\":[{\"keyword\":[\"没有#25\",\"不用#25\",\"不要#25\",\"不买#25\",\"没钱#25\",\"很穷#25\",\"不要投资#25\",\"没兴趣#25\",\"买不起#25\",\"不考虑#25\",\"没考虑#25\",\"不需要#25\",\"没需求#25\",\"不想要#25\",\"不感兴趣#25\",\"不想了解#25\",\"没有需要#25\",\"不用介绍#25\",\"已经买了#25\",\"已买#25\",\"没有钱#25\",\"不可以#25\",\"挂了#25\",\"年纪大#25\",\"先这样#25\",\"没有兴趣#25\"],\"to\":\"JUU2JThDJUJEJUU1JTlCJTlFJUU4JUFGJUFEJUU1JThGJUE1\"},{\"keyword\":[\"有#25\",\"呦#25\",\"对#25\",\"ok#25\",\"yes#25\",\"要#25\",\"好#25\",\"行#25\",\"可以#25\",\"说#25\",\"你讲#25\",\"你说#25\",\"说吧#25\",\"讲吧#25\",\"好的#25\",\"你介绍#25\",\"介绍吧#25\",\"没问题#25\",\"请讲#25\",\"请说#25\",\"怎么卖#25\",\"怎么买#25\",\"怎么做#25\",\"怎么投资的#25\",\"怎么合作的#25\",\"了解下#25\",\"想了解#25\",\"不了解#25\",\"介绍下#25\",\"有兴趣#25\",\"感兴趣#25\",\"说说看#25\",\"好啊#25\",\"知道#25\"],\"to\":\"JUU1JTg2JTg1JUU1JUFFJUI5JUU0JUJCJThCJUU3JUJCJThEJUU0JUI4JTgw\"}]},\"next\":\"JUU0JUI4JUJCJUU2JUI1JTgxJUU3JUE4JThCJUVGJUJDJTg4JUU1JUJDJTgwJUU1JTlDJUJBJUU3JTk5JUJEJUVGJUJDJTg5\",\"hook\":false,\"type\":0},\"JUU1JTg2JTg1JUU1JUFFJUI5JUU0JUJCJThCJUU3JUJCJThEJUU0JUI4JTgw\":{\"section\":{\"type\":\"condition\",\"voice\":[\"6f680d09fecaa7c39d2fa6a307985ab76824273b\"],\"choice\":\"random\",\"conds\":[{\"keyword\":[\"没有#25\",\"不用#25\",\"不要#25\",\"不买#25\",\"没钱#25\",\"很穷#25\",\"没兴趣#25\",\"买不起#25\",\"不考虑#25\",\"没考虑#25\",\"不需要#25\",\"没需求#25\",\"不想要#25\",\"不感兴趣#25\",\"不想了解#25\",\"没有需要#25\",\"不用介绍#25\",\"已经买了#25\",\"已买#25\",\"没有钱#25\",\"不可以#25\",\"挂了#25\",\"年纪大#25\",\"先这样#25\"],\"to\":\"JUU2JThDJUJEJUU1JTlCJTlFJUU4JUFGJUFEJUU1JThGJUE1\"},{\"keyword\":[\"有#25\",\"呦#25\",\"对#25\",\"ok#25\",\"yes#25\",\"要#25\",\"好#25\",\"行#25\",\"可以#25\",\"知道#25\",\"你说#25\",\"明白#25\",\"晓得#25\",\"一般#25\",\"便宜#25\",\"很贵#25\",\"挺贵#25\",\"高了#25\",\"贵了#25\",\"有空#25\",\"有点贵#25\",\"想一下#25\",\"我想想#25\",\"超预算#25\",\"还可以#25\",\"抽时间#25\",\"可以少点#25\",\"商量一下#25\",\"考虑一下#25\",\"没那么高#25\",\"有那么高#25\",\"超过预算#25\",\"哎呦#25\"],\"to\":\"JUU5JTgyJTgwJUU3JUJBJUE2JUU4JUFGJUFEJUU1JThGJUE1\"}]},\"next\":\"JUU5JTgyJTgwJUU3JUJBJUE2JUU4JUFGJUFEJUU1JThGJUE1\",\"hook\":false,\"type\":0},\"JUU5JTgyJTgwJUU3JUJBJUE2JUU4JUFGJUFEJUU1JThGJUE1\":{\"section\":{\"type\":\"condition\",\"voice\":[\"57e4e34854f760d891612f229e1a517576c79f2f\"],\"choice\":\"random\",\"conds\":[{\"keyword\":[\"没有#25\",\"不用#25\",\"不要#25\",\"不买#25\",\"没钱#25\",\"很穷#25\",\"没兴趣#25\",\"买不起#25\",\"不考虑#25\",\"没考虑#25\",\"不需要#25\",\"没需求#25\",\"不想要#25\",\"不感兴趣#25\",\"不想了解#25\",\"没有需要#25\",\"不用介绍#25\",\"已经买了#25\",\"已买#25\",\"没有钱#25\",\"不可以#25\",\"挂了#25\",\"年纪大#25\",\"先这样#25\",\"没有兴趣#25\",\"拜拜#25\"],\"to\":\"JUU3JUJCJTkzJUU2JTlEJTlGJUU4JUFGJUFERTI=\"},{\"keyword\":[\"有#25\",\"呦#25\",\"对#25\",\"ok#25\",\"yes#25\",\"要#25\",\"好#25\",\"行#25\",\"可以#25\",\"知道#25\",\"你说#25\",\"明白#25\",\"晓得#25\",\"一般#25\",\"便宜#25\",\"很贵#25\",\"挺贵#25\",\"高了#25\",\"贵了#25\",\"有空#25\",\"有点贵#25\",\"想一下#25\",\"我想想#25\",\"超预算#25\",\"还可以#25\",\"抽时间#25\",\"可以少点#25\",\"商量一下#25\",\"考虑一下#25\",\"没那么高#25\",\"有那么高#25\",\"超过预算#25\",\"哎呦#25\"],\"to\":\"JUU3JUJCJTkzJUU2JTlEJTlGJUU4JUFGJUFERTE=\"}]},\"next\":\"JUU3JUJCJTkzJUU2JTlEJTlGJUU4JUFGJUFERTI=\",\"hook\":false,\"type\":0},\"JUU2JThDJUJEJUU1JTlCJTlFJUU4JUFGJUFEJUU1JThGJUE1\":{\"section\":{\"type\":\"condition\",\"voice\":[\"b07b77ba851d365252f89ec70ba45341eb84713a\"],\"choice\":\"random\",\"conds\":[]},\"next\":\"JUU1JTg2JTg1JUU1JUFFJUI5JUU0JUJCJThCJUU3JUJCJThEJUU0JUJBJThD\",\"hook\":false,\"type\":0},\"JUU3JUJCJTkzJUU2JTlEJTlGJUU4JUFGJUFERTE=\":{\"section\":{\"type\":\"end\",\"voice\":[\"b1fd356f42d510a9b0d03f948858811e8916c8d7\"],\"choice\":\"random\"},\"next\":\"\",\"hook\":false,\"type\":0},\"JUU3JUJCJTkzJUU2JTlEJTlGJUU4JUFGJUFERTI=\":{\"section\":{\"type\":\"end\",\"voice\":[\"8aa5f6b9091bbb013c81abf83d5897e1d5cf3d5b\"],\"choice\":\"random\"},\"next\":\"\",\"hook\":false,\"type\":0},\"JUU3JUJCJTkzJUU2JTlEJTlGJUU4JUFGJUFERTM=\":{\"section\":{\"type\":\"end\",\"voice\":[\"b2358ac4ac8a257233719243d8ac2adc3cb8c972\"],\"choice\":\"random\"},\"next\":\"\",\"hook\":false,\"type\":0},\"JUU1JTg2JTg1JUU1JUFFJUI5JUU0JUJCJThCJUU3JUJCJThEJUU0JUJBJThD\":{\"section\":{\"type\":\"condition\",\"voice\":[],\"choice\":\"random\",\"conds\":[{\"keyword\":[],\"to\":\"\"},{\"keyword\":[\"有#25\",\"呦#25\",\"对#25\",\"ok#25\",\"yes#25\",\"要#25\",\"好#25\",\"行#25\",\"可以#25\",\"说#25\",\"你讲#25\",\"你说#25\",\"说吧#25\",\"讲吧#25\",\"好的#25\",\"你介绍#25\",\"介绍吧#25\",\"没问题#25\",\"请讲#25\",\"请说#25\",\"怎么卖#25\",\"怎么买#25\",\"了解下#25\",\"想了解#25\",\"不了解#25\",\"介绍下#25\",\"有兴趣#25\",\"感兴趣#25\",\"说说看#25\",\"好啊#25\",\"知道#25\",\"需要#25\",\"我要#25\",\"要呀#25\",\"有的#25\",\"操作#25\",\"好做#25\",\"好弄#25\",\"好办#25\",\"多久#25\",\"麻烦#25\",\"方便#25\",\"怎么搞#25\",\"怎么弄#25\",\"怎么办#25\",\"手续费#25\",\"怎么做#25\",\"这么带#25\",\"哎呦#25\",\"考虑#25\",\"咋弄#25\",\"咋整#25\",\"咋搞#25\",\"怎么合作#25\",\"怎么投资#25\"],\"to\":\"JUU5JTgyJTgwJUU3JUJBJUE2RDI=\"},{\"keyword\":[\"没有#25\",\"不用#25\",\"不要#25\",\"不想合作#25\",\"不想#25\",\"不买#25\",\"没钱#25\",\"很穷#25\",\"没兴趣#25\",\"买不起#25\",\"不考虑#25\",\"没考虑#25\",\"不需要#25\",\"没需求#25\",\"不想要#25\",\"不感兴趣#25\",\"不想了解#25\",\"没有需要#25\",\"不用介绍#25\",\"没有钱#25\",\"不可以#25\",\"挂了#25\",\"年纪大#25\",\"先这样#25\",\"没有兴趣#25\",\"不听#25\",\"不要听#25\",\"不用说#25\",\"不要钱#25\",\"不用钱#25\",\"还不起#25\",\"没需要#25\",\"没有没有#25\",\"拉倒#25\",\"不缺钱#25\",\"不做#25\"],\"to\":\"JUU3JUJCJTkzJUU2JTlEJTlGJUU4JUFGJUFERTI=\"}]},\"next\":\"JUU5JTgyJTgwJUU3JUJBJUE2JUU4JUFGJUFEJUU1JThGJUE1\",\"hook\":false,\"type\":0},\"JUU5JTgyJTgwJUU3JUJBJUE2RDI=\":{\"section\":{\"type\":\"condition\",\"voice\":[\"118df45485fc37019c1ad8f587b46218fea6a2ee\"],\"choice\":\"random\",\"conds\":[{\"keyword\":[\"没有#25\",\"不用#25\",\"不要#25\",\"不想合作#25\",\"不想#25\",\"不买#25\",\"没钱#25\",\"很穷#25\",\"没兴趣#25\",\"买不起#25\",\"不考虑#25\",\"没考虑#25\",\"不需要#25\",\"没需求#25\",\"不想要#25\",\"不感兴趣#25\",\"不想了解#25\",\"没有需要#25\",\"不用介绍#25\",\"没有钱#25\",\"不可以#25\",\"挂了#25\",\"年纪大#25\",\"先这样#25\",\"没有兴趣#25\",\"不听#25\",\"不要听#25\",\"不用说#25\",\"不要钱#25\",\"不用钱#25\",\"还不起#25\",\"没需要#25\",\"没有没有#25\",\"拉倒#25\",\"不缺钱#25\",\"不做#25\"],\"to\":\"JUU3JUJCJTkzJUU2JTlEJTlGJUU4JUFGJUFERTM=\"},{\"keyword\":[\"有#25\",\"呦#25\",\"对#25\",\"ok#25\",\"yes#25\",\"要#25\",\"好#25\",\"行#25\",\"可以#25\",\"说#25\",\"你讲#25\",\"你说#25\",\"说吧#25\",\"讲吧#25\",\"好的#25\",\"你介绍#25\",\"介绍吧#25\",\"没问题#25\",\"请讲#25\",\"请说#25\",\"怎么卖#25\",\"怎么买#25\",\"了解下#25\",\"想了解#25\",\"不了解#25\",\"介绍下#25\",\"有兴趣#25\",\"感兴趣#25\",\"说说看#25\",\"好啊#25\",\"知道#25\",\"需要#25\",\"我要#25\",\"要呀#25\",\"有的#25\",\"操作#25\",\"好做#25\",\"好弄#25\",\"好办#25\",\"多久#25\",\"麻烦#25\",\"方便#25\",\"怎么搞#25\",\"怎么弄#25\",\"怎么办#25\",\"手续费#25\",\"怎么做#25\",\"这么带#25\",\"哎呦#25\",\"考虑#25\",\"咋弄#25\",\"咋整#25\",\"咋搞#25\",\"怎么合作#25\",\"哈#25\"],\"to\":\"JUU3JUJCJTkzJUU2JTlEJTlGJUU4JUFGJUFERTE=\"}]},\"next\":\"JUU3JUJCJTkzJUU2JTlEJTlGJUU4JUFGJUFERTI=\",\"hook\":false,\"type\":0}},\"keyword\":{\"quiet1\":{\"type\":0,\"voice\":[\"fd8d8921e68a5bcbc81a729649eca5a36a64bfdf\"],\"choice\":\"random\",\"conds\":[],\"next\":\"next\"},\"quiet2\":{\"type\":0,\"voice\":[],\"choice\":\"random\",\"conds\":[],\"next\":\"JUU3JUJCJTkzJUU2JTlEJTlGJUU4JUFGJUFERTM=\"},\"noword1\":{\"type\":0,\"voice\":[\"8abc214b2631332051c85d6776518c54e5489723\"],\"choice\":\"random\",\"conds\":[],\"next\":\"next\"},\"noword2\":{\"type\":0,\"voice\":[],\"choice\":\"random\",\"conds\":[],\"next\":\"JUU3JUJCJTkzJUU2JTlEJTlGJUU4JUFGJUFERTI=\"},\"noword3\":{\"type\":0,\"voice\":[],\"choice\":\"random\",\"conds\":[],\"next\":\"JUU3JUJCJTkzJUU2JTlEJTlGJUU4JUFGJUFERTM=\"},\"JUU1JTkzJUFBJUU0JUI4JUFBJUU1JThEJTk1JUU0JUJEJThE\":{\"type\":0,\"keyword\":[\"哪个单位#25\",\"项目#25\",\"什么单位#25\",\"什么项目#25\",\"代码多少#25\",\"项目名字#25\",\"项目名称#25\",\"做什么标#25\",\"做什么票#25\",\"什么用#25\"],\"voice\":[\"b748c5af1c82a8116400dbed992113360546c566\"],\"choice\":\"random\",\"conds\":[],\"next\":\"next\"},\"JUU2JThCJThEJUU2JTkxJTg0JUU1JTlDJUIw\":{\"type\":0,\"keyword\":[\"哪里#25\",\"那里#25\",\"哪呢#25\",\"在哪#25\",\"位置#25\",\"说一下#25\",\"地方#25\",\"地址#25\",\"地点#25\",\"取景#25\",\"布景#25\",\"拍摄#25\"],\"voice\":[\"f3f9eb7ca5beaab26963309e7c191584a32d0d88\"],\"choice\":\"random\",\"conds\":[],\"next\":\"next\"},\"JUU1JTg4JTg2JUU2JTg4JTkw\":{\"type\":0,\"keyword\":[\"分成#25\",\"比例#25\",\"赚多少#25\",\"怎么分#25\",\"怎么分成#25\",\"分多少#25\",\"怎么做#25\"],\"voice\":[\"5d107ea1d4a433462e48916bca9422c9e6db55a3\"],\"choice\":\"random\",\"conds\":[],\"next\":\"next\"},\"JUU0JUI4JThBJUU2JTk4JUEwJUU2JTk3JUI2JUU5JTk3JUI0\":{\"type\":0,\"keyword\":[\"上映时间#25\",\"久上映#25\",\"候上映#25\"],\"voice\":[\"dd9324017eadddd4056b6f9791009db5836b927a\"],\"choice\":\"random\",\"conds\":[],\"next\":\"next\"},\"JUU3JTlDJTlGJUU1JUFFJTlFJUU2JTgwJUE3\":{\"type\":0,\"keyword\":[],\"voice\":[\"061dc25da0bc7d3efcf1e0e829d061880bcad933\"],\"choice\":\"random\",\"conds\":[],\"next\":\"next\"},\"JUU5JUEyJTk4JUU2JTlEJTkw\":{\"type\":0,\"keyword\":[\"么题材#25\",\"什么内容#25\"],\"voice\":[\"aa251477b43405e3c62a5aea5e57405d8b27d1d4\"],\"choice\":\"random\",\"conds\":[],\"next\":\"next\"},\"JUU3JUE1JUE4JUU2JTg4JUJGJUU5JTgwJUEwJUU1JTgxJTg3\":{\"type\":0,\"keyword\":[],\"voice\":[\"7d1e756178eeb9c611214ccd8f7168729ad387b0\"],\"choice\":\"random\",\"conds\":[],\"next\":\"next\"},\"JUU1JUFGJUJDJUU2JUJDJTk0\":{\"type\":0,\"keyword\":[\"主演#25\",\"女主演#25\",\"男主演#25\",\"负面#25\",\"负面新闻#25\",\"不温不火#25\",\"丑闻#25\",\"差评#25\",\"头条#25\",\"演员阵容#25\"],\"voice\":[\"5e9487fe6b9477780cfe94cf2277863d484c4601\"],\"choice\":\"random\",\"conds\":[],\"next\":\"next\"},\"JUU0JUI4JThEJUU4JUI1JTlBJUU5JTkyJUIx\":{\"type\":0,\"keyword\":[\"亏钱#25\",\"赔钱#25\",\"不赚钱#25\",\"亏本#25\",\"亏#25\"],\"voice\":[\"78604a29f091a43908dad6d543e213e4ac8d0e14\"],\"choice\":\"random\",\"conds\":[],\"next\":\"next\"},\"JUU4JUFFJUJFJUU3JUJEJUFFJUU4JUFFJUI4JUU1JThGJUFGJUU4JUFGJTgx\":{\"type\":0,\"keyword\":[\"制许可证#25\",\"拍摄证#25\",\"签约合同#25\",\"演员合同#25\",\"合同#25\"],\"voice\":[\"cf5f3c6329bd216babc5ec3f41a94120437725b7\"],\"choice\":\"random\",\"conds\":[],\"next\":\"next\"},\"JUU4JUJGJTlCJUU1JUJBJUE2\":{\"type\":0,\"keyword\":[\"进度#25\",\"拍摄#25\",\"探班#25\",\"知道进度#25\"],\"voice\":[\"a0d6983bba1e427851ed6e11c479b1f1e710d32a\"],\"choice\":\"random\",\"conds\":[],\"next\":\"next\"},\"JUU4JUI1JTg0JUU5JTg3JTkxJUU1JUFFJTg5JUU1JTg1JUE4\":{\"type\":0,\"keyword\":[\"资金安全#25\",\"资金保障#25\",\"保障资金#25\"],\"voice\":[\"aefe2408a44b46497da8b7fd5a29a31b4ec30654\"],\"choice\":\"random\",\"conds\":[],\"next\":\"next\"},\"JUU2JUExJTg4JUU0JUJFJThC\":{\"type\":0,\"keyword\":[\"不是骗子#25\",\"知道真假#25\",\"案例#25\",\"例子#25\",\"之前电影#25\"],\"voice\":[\"0c55f398b8dac807e8d19da4063d8c6a198cf980\"],\"choice\":\"random\",\"conds\":[],\"next\":\"next\"},\"JUU2JTg4JUJGJUU1JTlDJUIwJUU0JUJBJUE3JUU1JUFGJUI5JUU2JUFGJTk0\":{\"type\":0,\"keyword\":[\"房地产对比#25\",\"对比房地产#25\"],\"voice\":[\"2024476095e85b701e4d8cfe6c67c8af42c0d0c9\"],\"choice\":\"random\",\"conds\":[],\"next\":\"\"},\"JUU4JTgyJUExJUU3JUE1JUE4JUU1JUFGJUI5JUU2JUFGJTk0\":{\"type\":0,\"keyword\":[\"股票投资对比#25\",\"有股票赚钱吗#25\"],\"voice\":[\"c711d04638067e71464d6c9273bf9c1c9b1d1771\"],\"choice\":\"random\",\"conds\":[],\"next\":\"next\"},\"JUU2JThFJUE4JUU1JUI5JUJG\":{\"type\":0,\"keyword\":[\"推销#25\",\"推广#25\",\"增值#25\",\"潜力#25\"],\"voice\":[\"89805899ef77a319f4e0f71912c965bac5638ca6\"],\"choice\":\"random\",\"conds\":[],\"next\":\"JUU5JTgyJTgwJUU3JUJBJUE2RDI=\"},\"JUU1JUJFJUFFJUU0JUJGJUExJUVGJUJDJThDJUU3JTlGJUFEJUU0JUJGJUEx\":{\"type\":0,\"keyword\":[],\"voice\":[\"864feb3e57247e11bd8b5e90a4735a72dbacc85a\"],\"choice\":\"random\",\"conds\":[],\"next\":\"JUU3JUJCJTkzJUU2JTlEJTlGJUU4JUFGJUFERTI=\"},\"JUU2JTk4JUFGJUU2JTlDJUJBJUU1JTk5JUE4JUU0JUJBJUJB\":{\"type\":0,\"keyword\":[\"是机器人#25\"],\"voice\":[\"57f0717ff9e7b97e0b8bd186272f1822f8ecb1dc\"],\"choice\":\"random\",\"conds\":[],\"next\":\"next\"},\"JUU1JTlEJTk3JUU3JTgyJUI5JUU4JUFGJUI0JUVGJUJDJThDJUU4JUFGJUI0JUU5JTg3JThEJUU3JTgyJUI5\":{\"type\":0,\"keyword\":[\"快点说#25\",\"说重点#25\",\"事快说#25\"],\"voice\":[\"198eb7e64f03b5138c82dc7243d4e3586f4ecedf\"],\"choice\":\"random\",\"conds\":[{\"keyword\":[\"不#25\",\"没有#25\",\"不用#25\",\"不要#25\",\"不想合作#25\",\"不想#25\",\"不买#25\",\"没钱#25\",\"很穷#25\",\"没兴趣#25\",\"买不起#25\",\"不考虑#25\",\"没考虑#25\",\"不需要#25\",\"没需求#25\",\"不想要#25\",\"不感兴趣#25\",\"不想了解#25\",\"没有需要#25\",\"不用介绍#25\",\"没有钱#25\",\"不可以#25\",\"挂了#25\",\"年纪大#25\",\"先这样#25\",\"没有兴趣#25\",\"不听#25\",\"不要听#25\",\"不用说#25\",\"不要钱#25\",\"不用钱#25\",\"还不起#25\",\"没需要#25\",\"没有没有#25\",\"拉倒#25\",\"不缺钱#25\",\"不做#25\"],\"to\":\"JUU3JUJCJTkzJUU2JTlEJTlGJUU4JUFGJUFERTM=\"}],\"next\":\"next\"},\"JUU2JTk2JUIwJUU2JTlEJUE1JUU3JTlBJTg0\":{\"type\":0,\"keyword\":[\"新来的#25\",\"是新来#25\"],\"voice\":[\"888c84d0f42d07be1af5f9ef675de876fffd4abf\"],\"choice\":\"random\",\"conds\":[],\"next\":\"JUU5JTgyJTgwJUU3JUJBJUE2RDI=\"},\"JUU4JUFGJUI3JUU2JTk1JTk5\":{\"type\":0,\"keyword\":[\"请教一#25\",\"咨询#25\",\"想问你#25\",\"问个问题#25\",\"再问一下#25\",\"问你一下#25\",\"有个问题#25\",\"请教个#25\"],\"voice\":[\"3ed5adcd095e4e8fc32cbaa30a8cd0ae09a51b8f\"],\"choice\":\"random\",\"conds\":[],\"next\":\"next\"},\"JUU1JThGJTkxJUU2JTg4JTkxJUU2JTg5JThCJUU2JTlDJUJB\":{\"type\":0,\"keyword\":[\"发我手#25\",\"发我电话#25\",\"发我信息#25\",\"发个短信#25\",\"发条信息#25\",\"发个地址#25\",\"发到我手机#25\",\"发信息#25\",\"发短信#25\",\"发定位#25\",\"定位#25\",\"发个定位#25\"],\"voice\":[\"a387788f641ecd2e98658b4f58404164661077b1\"],\"choice\":\"random\",\"conds\":[],\"next\":\"next\"},\"JUU2JTlDJTg5JUU2JTg4JTkxJUU1JThGJUI3JUU3JUEwJTgx\":{\"type\":0,\"keyword\":[\"有我号码#25\",\"的我号码#25\",\"我的信息#25\",\"有我电话#25\",\"知道我号码#25\",\"知道我电话#25\",\"我的号码#25\",\"我的电话#25\",\"信息泄露#25\",\"买卖信息#25\",\"个人信息#25\",\"打个电话#25\"],\"voice\":[\"6c2f69d4432947a9dc28553fda1aae015e823fce\"],\"choice\":\"random\",\"conds\":[],\"next\":\"next\"},\"JUU1JTg3JUEwJUU1JUIyJTgx\":{\"type\":0,\"keyword\":[\"几岁#25\",\"多少岁#25\",\"多大了#25\",\"九零后#25\",\"多大年纪#25\",\"多大啦#25\"],\"voice\":[\"97a3f51534d966a0dffc727376fc8cad24457ffd\"],\"choice\":\"random\",\"conds\":[],\"next\":\"next\"},\"JUU3JUJFJThFJUU1JUE1JUIz\":{\"type\":0,\"keyword\":[\"交朋友#25\",\"交个朋友#25\",\"漂亮#25\",\"泡妞#25\",\"泡你#25\",\"女朋友#25\",\"男朋友#25\",\"对象#25\",\"结婚#25\",\"喜欢你#25\",\"声音甜#25\",\"声音好听#25\",\"很好听#25\",\"一起吃饭#25\",\"请你吃饭#25\",\"吃个饭#25\",\"可爱#25\",\"一起玩#25\",\"约会#25\",\"先了解你#25\",\"私下了解#25\",\"回扣#25\",\"提成#25\"],\"voice\":[\"c5c8faa13c1247f4734a88a3de30b25d6d7d5563\"],\"choice\":\"random\",\"conds\":[],\"next\":\"next\"},\"JUU2JTgwJThFJUU0JUI5JTg4JUU0JUI4JThEJUU0JUJCJThCJUU3JUJCJThE\":{\"type\":0,\"keyword\":[],\"voice\":[\"8d1309420f2ea075f9ebf8f12e7f44b485238b96\"],\"choice\":\"random\",\"conds\":[],\"next\":\"JUU5JTgyJTgwJUU3JUJBJUE2RDI=\"},\"JUU2JTgwJThFJUU0JUI5JTg4JUU1JTkwJTg4JUU0JUJEJTlD\":{\"type\":0,\"keyword\":[\"怎么合作#25\",\"合作#25\",\"办手续#25\",\"怎么操作#25\"],\"voice\":[\"7ac3ee387a3cdc56d34bf782d2a15972090e2b9d\"],\"choice\":\"random\",\"conds\":[],\"next\":\"JUU5JTgyJTgwJUU3JUJBJUE2RDI=\"},\"JUU2JTk0JUI2JUU4JUI0JUI5JUU4JUI0JUI1\":{\"type\":0,\"keyword\":[\"有点高#25\",\"太高#25\",\"算高#25\",\"不低#25\",\"收费贵太坑了整人的#25\",\"给你打工#25\",\"收费贵#25\"],\"voice\":[\"b0564485338624f8f64c90476be5ceaf40acd982\"],\"choice\":\"random\",\"conds\":[],\"next\":\"next\"},\"JUU1JUJDJUJBJUU3JTgzJTg4JUU2JThCJTkyJUU3JUJCJTlE\":{\"type\":0,\"keyword\":[\"没有没有#25\",\"有病#25\",\"同行#25\",\"骚扰#25\",\"投诉#25\",\"很烦#25\",\"挺烦#25\",\"好烦#25\",\"别打#25\",\"打错#25\",\"烦不烦#25\",\"没心情#25\",\"不要再打#25\",\"别给我打#25\",\"再见#25\",\"拜拜#25\",\"操你#25\",\"操你妈滚#25\",\"傻#25\",\"流氓#25\",\"无赖#25\",\"你妈#25\",\"傻逼#25\",\"白痴#25\",\"混蛋#25\",\"他妈#25\",\"打过#25\",\"神经病#25\",\"天天打#25\",\"老是打#25\",\"不要打#25\",\"再给我打#25\",\"我操#25\",\"是个屁#25\",\"怎么老是#25\",\"别再给我打#25\",\"这么多#25\",\"骗子#25\",\"诈骗#25\",\"去死#25\",\"无法接通#25\",\"呼叫保持#25\",\"算了#25\",\"不用不用#30\",\"我没空#25\",\"点半#25\",\"我还有事#25\"],\"voice\":[],\"choice\":\"random\",\"conds\":[],\"next\":\"JUU3JUJCJTkzJUU2JTlEJTlGJUU4JUFGJUFERTI=\"}},\"voice\":{\"a79293a6d0bba9218b98d1eda1b19ea6c0451fbb\":{\"pcm\":\"2018\\\\07\\\\20\\\\a79293a6d0bba9218b98d1eda1b19ea6c0451fbb.pcm\",\"path\":\"2018\\\\07\\\\20\\\\a79293a6d0bba9218b98d1eda1b19ea6c0451fbb.wav\",\"filename\":\"A1\",\"text\":\"您好，我这边是西安秦越影视，主要从事院线电影制片经济的，请问您对电影产权投资有兴趣了解一下吗？\"},\"6f680d09fecaa7c39d2fa6a307985ab76824273b\":{\"pcm\":\"2018\\\\07\\\\20\\\\6f680d09fecaa7c39d2fa6a307985ab76824273b.pcm\",\"path\":\"2018\\\\07\\\\20\\\\6f680d09fecaa7c39d2fa6a307985ab76824273b.wav\",\"filename\":\"B1\",\"text\":\"我们的剧本题材，档期，宣传发行都是做的最好的，电影今年8月份开拍，明年暑假上映，目前电影限量礼盒正在发售，每个售价10000元，可以说是小投资大回报，难得的一次机会，您要不要考虑投资一下呢\"},\"57e4e34854f760d891612f229e1a517576c79f2f\":{\"pcm\":\"2018\\\\07\\\\20\\\\57e4e34854f760d891612f229e1a517576c79f2f.pcm\",\"path\":\"2018\\\\07\\\\20\\\\57e4e34854f760d891612f229e1a517576c79f2f.wav\",\"filename\":\"D1\",\"text\":\"您看这样好不好，待会我给您发些电影信息，您多了解一些，我们再详聊，您看可以吗\"},\"b07b77ba851d365252f89ec70ba45341eb84713a\":{\"pcm\":\"2018\\\\07\\\\20\\\\b07b77ba851d365252f89ec70ba45341eb84713a.pcm\",\"path\":\"2018\\\\07\\\\20\\\\b07b77ba851d365252f89ec70ba45341eb84713a.wav\",\"filename\":\"C1\",\"text\":\"没有兴趣是因为您还不了解，这是一个新的市场，我给您介绍一下您肯定就有兴趣了，可以吗？\"},\"b1fd356f42d510a9b0d03f948858811e8916c8d7\":{\"pcm\":\"2018\\\\07\\\\20\\\\b1fd356f42d510a9b0d03f948858811e8916c8d7.pcm\",\"path\":\"2018\\\\07\\\\20\\\\b1fd356f42d510a9b0d03f948858811e8916c8d7.wav\",\"filename\":\"E1\",\"text\":\"好的, 那其它的话就让我们项目经理与您具体再说, 祝您生活愉快, 再见！\"},\"0996ffb3bbcce6363a998d3954b704712b26e425\":{\"pcm\":\"2018\\\\07\\\\20\\\\0996ffb3bbcce6363a998d3954b704712b26e425.pcm\",\"path\":\"2018\\\\07\\\\20\\\\0996ffb3bbcce6363a998d3954b704712b26e425.wav\",\"filename\":\"E2\",\"text\":\"那谢谢您的接听，再见\"},\"b2358ac4ac8a257233719243d8ac2adc3cb8c972\":{\"pcm\":\"2018\\\\07\\\\20\\\\b2358ac4ac8a257233719243d8ac2adc3cb8c972.pcm\",\"path\":\"2018\\\\07\\\\20\\\\b2358ac4ac8a257233719243d8ac2adc3cb8c972.wav\",\"filename\":\"E3\",\"text\":\"那打扰您了, 祝您生活愉快，再见！\"},\"e94770b309dca6d4332530c72d96b75fdfeeff3a\":{\"pcm\":\"2018\\\\07\\\\20\\\\e94770b309dca6d4332530c72d96b75fdfeeff3a.pcm\",\"path\":\"2018\\\\07\\\\20\\\\e94770b309dca6d4332530c72d96b75fdfeeff3a.wav\",\"filename\":\"D2\",\"text\":\"\"},\"118df45485fc37019c1ad8f587b46218fea6a2ee\":{\"pcm\":\"2018\\\\07\\\\20\\\\118df45485fc37019c1ad8f587b46218fea6a2ee.pcm\",\"path\":\"2018\\\\07\\\\20\\\\118df45485fc37019c1ad8f587b46218fea6a2ee.wav\",\"filename\":\"D2\",\"text\":\"好的, 我这里只是简单的把影视投资给您介绍了下, 具体的流程和操作我稍后让我们的项目经理联系您给您具体的讲解一下\"},\"c31cbd5c8cd0107364a94830768cabf8749594b8\":{\"pcm\":\"2018\\\\07\\\\20\\\\c31cbd5c8cd0107364a94830768cabf8749594b8.pcm\",\"path\":\"2018\\\\07\\\\20\\\\c31cbd5c8cd0107364a94830768cabf8749594b8.wav\",\"filename\":\"F1\",\"text\":\"\"},\"b748c5af1c82a8116400dbed992113360546c566\":{\"pcm\":\"2018\\\\07\\\\20\\\\b748c5af1c82a8116400dbed992113360546c566.pcm\",\"path\":\"2018\\\\07\\\\20\\\\b748c5af1c82a8116400dbed992113360546c566.wav\",\"filename\":\"F1\",\"text\":\"我们是西安秦越影视，电影《鹰猎长空》的出品方，投资者可以享受到《鹰猎长空》这部电影的票房和版权的分红权益\"},\"78f67ebeb915b71287973b8df03594cb7614f0d5\":{\"pcm\":\"2018\\\\07\\\\20\\\\78f67ebeb915b71287973b8df03594cb7614f0d5.pcm\",\"path\":\"2018\\\\07\\\\20\\\\78f67ebeb915b71287973b8df03594cb7614f0d5.wav\",\"filename\":\"F2\",\"text\":\"我们剧组在云南、重庆，成都三地地取景。真实的反应了中、美两国飞行员面对占压倒性优势的法西斯空军大无畏的英雄主义精神。你有时间可以过来探班的\"},\"5d107ea1d4a433462e48916bca9422c9e6db55a3\":{\"pcm\":\"2018\\\\07\\\\20\\\\5d107ea1d4a433462e48916bca9422c9e6db55a3.pcm\",\"path\":\"2018\\\\07\\\\20\\\\5d107ea1d4a433462e48916bca9422c9e6db55a3.wav\",\"filename\":\"F3\",\"text\":\"您的收益是与制片方挂钩的，电影收益中制片方占35%左右，电视 网络转播的版权收益也全部归制片方所有\"},\"dd9324017eadddd4056b6f9791009db5836b927a\":{\"pcm\":\"2018\\\\07\\\\20\\\\dd9324017eadddd4056b6f9791009db5836b927a.pcm\",\"path\":\"2018\\\\07\\\\20\\\\dd9324017eadddd4056b6f9791009db5836b927a.wav\",\"filename\":\"F4\",\"text\":\"鹰猎长空这部电影是大投资，明年暑期上映，是由上海君懿文化艺术有限公司担保该部影片100%上全国院线\"},\"061dc25da0bc7d3efcf1e0e829d061880bcad933\":{\"pcm\":\"2018\\\\07\\\\20\\\\061dc25da0bc7d3efcf1e0e829d061880bcad933.pcm\",\"path\":\"2018\\\\07\\\\20\\\\061dc25da0bc7d3efcf1e0e829d061880bcad933.wav\",\"filename\":\"F5\",\"text\":\"我们有专业的国家级部门统计票房，而且票房百度和猫眼都搜索到的，您完全可以放心\"},\"aa251477b43405e3c62a5aea5e57405d8b27d1d4\":{\"pcm\":\"2018\\\\07\\\\20\\\\aa251477b43405e3c62a5aea5e57405d8b27d1d4.pcm\",\"path\":\"2018\\\\07\\\\20\\\\aa251477b43405e3c62a5aea5e57405d8b27d1d4.wav\",\"filename\":\"F6\",\"text\":\"是弘扬中国空军历史战争片，您看《战狼2》大卖,《红海行动》票房完成大逆袭，跟爱国主义也有很大的关系，所以我们电影票房是绝对有保障的\"},\"7d1e756178eeb9c611214ccd8f7168729ad387b0\":{\"pcm\":\"2018\\\\07\\\\20\\\\7d1e756178eeb9c611214ccd8f7168729ad387b0.pcm\",\"path\":\"2018\\\\07\\\\20\\\\7d1e756178eeb9c611214ccd8f7168729ad387b0.wav\",\"filename\":\"F7\",\"text\":\"票房造假有两种情况：1、票房不好2、投资方自己买拉高票房来宣传造势。这点对您来说绝对是好事，因为不管谁买的电影票您都有收益，您自己去看，您都有收益。其实影片上映第一天投资方都会自己买一些票房热热场。您也是投资方呀影片上映您肯定也会带家人、朋友们去捧场啊。票房太好了像《战狼2》一样，院线和别的电影偷我们的票房，这点您更可以放心，整个宣发和制片团队都会去监管的，票房那么好您肯定也赚大了，翻几倍\"},\"5e9487fe6b9477780cfe94cf2277863d484c4601\":{\"pcm\":\"2018\\\\07\\\\20\\\\5e9487fe6b9477780cfe94cf2277863d484c4601.pcm\",\"path\":\"2018\\\\07\\\\20\\\\5e9487fe6b9477780cfe94cf2277863d484c4601.wav\",\"filename\":\"F8\",\"text\":\"我们的总监制韩三平，是中国电影之父，是影视界是数一数二的人物，建国大业，建党伟业都是他监制的，而且是全明星零片酬\"},\"78604a29f091a43908dad6d543e213e4ac8d0e14\":{\"pcm\":\"2018\\\\07\\\\20\\\\78604a29f091a43908dad6d543e213e4ac8d0e14.pcm\",\"path\":\"2018\\\\07\\\\20\\\\78604a29f091a43908dad6d543e213e4ac8d0e14.wav\",\"filename\":\"F9\",\"text\":\"我们电影题材热门，导演监制资历深，主演以及制片人都是行业顶尖级别，怎么会亏钱呢\"},\"6296c558fac5feeed9490b0704b20e0e7789e934\":{\"pcm\":\"2018\\\\07\\\\20\\\\6296c558fac5feeed9490b0704b20e0e7789e934.pcm\",\"path\":\"2018\\\\07\\\\20\\\\6296c558fac5feeed9490b0704b20e0e7789e934.wav\",\"filename\":\"F10\",\"text\":\"关于摄制许可证和演员具体签约的文书属于公司机密，尤其是演员签约有的时候导演也不给我们的，但是我们是投资方，风险把控这方面没有问题，您放心\"},\"a0d6983bba1e427851ed6e11c479b1f1e710d32a\":{\"pcm\":\"2018\\\\07\\\\20\\\\a0d6983bba1e427851ed6e11c479b1f1e710d32a.pcm\",\"path\":\"2018\\\\07\\\\20\\\\a0d6983bba1e427851ed6e11c479b1f1e710d32a.wav\",\"filename\":\"F11\",\"text\":\"公众号会发布电影拍摄进度，影视公司还会不定期组织剧组见面会,当然了，如果您是VIP客户还可以安排到剧组探班\"},\"aefe2408a44b46497da8b7fd5a29a31b4ec30654\":{\"pcm\":\"2018\\\\07\\\\20\\\\aefe2408a44b46497da8b7fd5a29a31b4ec30654.pcm\",\"path\":\"2018\\\\07\\\\20\\\\aefe2408a44b46497da8b7fd5a29a31b4ec30654.wav\",\"filename\":\"F12\",\"text\":\"您放心，资金是由甘肃文交所和平安银行监管的，绝对安全\"},\"7f71e2fd606d20531fd89c7c394f7303eba79af9\":{\"pcm\":\"2018\\\\07\\\\20\\\\7f71e2fd606d20531fd89c7c394f7303eba79af9.pcm\",\"path\":\"2018\\\\07\\\\20\\\\7f71e2fd606d20531fd89c7c394f7303eba79af9.wav\",\"filename\":\"F13\",\"text\":\"这个都是通过渠道发行，有正规的会计律师所进行审计，而且广电总局官网都是有备案的。这些你都可以去网上进行查询验证\"},\"0c55f398b8dac807e8d19da4063d8c6a198cf980\":{\"pcm\":\"2018\\\\07\\\\20\\\\0c55f398b8dac807e8d19da4063d8c6a198cf980.pcm\",\"path\":\"2018\\\\07\\\\20\\\\0c55f398b8dac807e8d19da4063d8c6a198cf980.wav\",\"filename\":\"F13\",\"text\":\"这个都是通过渠道发行，有正规的会计律师所进行审计，而且广电总局官网都是有备案的。这些你都可以去网上进行查询验证\"},\"2024476095e85b701e4d8cfe6c67c8af42c0d0c9\":{\"pcm\":\"2018\\\\07\\\\20\\\\2024476095e85b701e4d8cfe6c67c8af42c0d0c9.pcm\",\"path\":\"2018\\\\07\\\\20\\\\2024476095e85b701e4d8cfe6c67c8af42c0d0c9.wav\",\"filename\":\"F14\",\"text\":\"房地产连续10年上涨，经过16年这一轮很多地方的房价又翻了一倍, 您在看现在的调控政策 短期政府不去调控不太可能.不过既然调控就说明还是要涨才调控，只是不让过快上涨的，大的上涨周期还在,可是您能确定是那一年吗？同时一套房产最少几十万,我们一部影片最多才让投20万,一年的周期影片上映，可以说投资金额灵活回报周期短、收益可观。您看看这几年的票房，一路高歌猛进您拿房地产来比较影视行业真的是太恰当了\"},\"2c976cb3abfefd8ee7cece5bdca3055a7a0e09d2\":{\"pcm\":\"2018\\\\07\\\\20\\\\2c976cb3abfefd8ee7cece5bdca3055a7a0e09d2.pcm\",\"path\":\"2018\\\\07\\\\20\\\\2c976cb3abfefd8ee7cece5bdca3055a7a0e09d2.wav\",\"filename\":\"F15\",\"text\":\"中国的股市您懂的，国外的涨国内的不涨，国外的跌国内的跌更多。大盘涨个股不涨，大盘跌个股跌更惨。虽然近期行情可以，但是一年能达到50%以上的股民其实很少的。中国电影市场的情况轻轻松松两三个亿，投资方都不会亏损稍微好一点都能卖到5亿票房利润非常可观。哪怕实在太差，其实每一个剧组都不想这样的，大几千万一个亿都卖的出来。再加上电视版权、网络版权、网络点击、投资方都不会有太大亏损\"},\"89805899ef77a319f4e0f71912c965bac5638ca6\":{\"pcm\":\"2018\\\\07\\\\20\\\\89805899ef77a319f4e0f71912c965bac5638ca6.pcm\",\"path\":\"2018\\\\07\\\\20\\\\89805899ef77a319f4e0f71912c965bac5638ca6.wav\",\"filename\":\"F17\",\"text\":\"这样好不好, 稍后我会安排我们客户经理跟您直接对接, 让他为您详细介绍, 可以吗?\"},\"864feb3e57247e11bd8b5e90a4735a72dbacc85a\":{\"pcm\":\"2018\\\\07\\\\20\\\\864feb3e57247e11bd8b5e90a4735a72dbacc85a.pcm\",\"path\":\"2018\\\\07\\\\20\\\\864feb3e57247e11bd8b5e90a4735a72dbacc85a.wav\",\"filename\":\"F18\",\"text\":\"好的, 我稍后把我们公司还有我个人的信息发短信到您手机上，这样您什么时候有需要的话可以随时联系我, 可以吗?\"},\"4fdebcb551e0ffa348c3bf9e553638f1f0e820e8\":{\"pcm\":\"2018\\\\07\\\\20\\\\4fdebcb551e0ffa348c3bf9e553638f1f0e820e8.pcm\",\"path\":\"2018\\\\07\\\\20\\\\4fdebcb551e0ffa348c3bf9e553638f1f0e820e8.wav\",\"filename\":\"F19\",\"text\":\"怎么会呢, 肯定是人工给您打电话啦, 是不是我说话太快了, 因为我们公司这边要求与客户沟通要统一话术的, 这个请您放心\"},\"57f0717ff9e7b97e0b8bd186272f1822f8ecb1dc\":{\"pcm\":\"2018\\\\07\\\\20\\\\57f0717ff9e7b97e0b8bd186272f1822f8ecb1dc.pcm\",\"path\":\"2018\\\\07\\\\20\\\\57f0717ff9e7b97e0b8bd186272f1822f8ecb1dc.wav\",\"filename\":\"F19\",\"text\":\"怎么会呢, 肯定是人工给您打电话啦, 是不是我说话太快了, 因为我们公司这边要求与客户沟通要统一话术的, 这个请您放心\"},\"198eb7e64f03b5138c82dc7243d4e3586f4ecedf\":{\"pcm\":\"2018\\\\07\\\\20\\\\198eb7e64f03b5138c82dc7243d4e3586f4ecedf.pcm\",\"path\":\"2018\\\\07\\\\20\\\\198eb7e64f03b5138c82dc7243d4e3586f4ecedf.wav\",\"filename\":\"F20\",\"text\":\"不好意思打扰您了, 就是想问一下, 我这边有电影产权投资的项目，您有兴趣考虑投资吗? \"},\"888c84d0f42d07be1af5f9ef675de876fffd4abf\":{\"pcm\":\"2018\\\\07\\\\20\\\\888c84d0f42d07be1af5f9ef675de876fffd4abf.pcm\",\"path\":\"2018\\\\07\\\\20\\\\888c84d0f42d07be1af5f9ef675de876fffd4abf.wav\",\"filename\":\"F21\",\"text\":\"不好意思, 我这边也是新来的, 有些业务还不是很了解, 我稍后让我们客户经理马上给您回个电话, 再介绍一下, 可以吗\"},\"3ed5adcd095e4e8fc32cbaa30a8cd0ae09a51b8f\":{\"pcm\":\"2018\\\\07\\\\20\\\\3ed5adcd095e4e8fc32cbaa30a8cd0ae09a51b8f.pcm\",\"path\":\"2018\\\\07\\\\20\\\\3ed5adcd095e4e8fc32cbaa30a8cd0ae09a51b8f.wav\",\"filename\":\"F22\",\"text\":\"嗯，您请讲\"},\"a387788f641ecd2e98658b4f58404164661077b1\":{\"pcm\":\"2018\\\\07\\\\20\\\\a387788f641ecd2e98658b4f58404164661077b1.pcm\",\"path\":\"2018\\\\07\\\\20\\\\a387788f641ecd2e98658b4f58404164661077b1.wav\",\"filename\":\"F23\",\"text\":\"哦, 那我这边先发个信息给您, 您先做个了解, 等您需要的时候我们随时可以再联系的\"},\"3cbb44bffd186121225b8bda9190bfe678485cd9\":{\"pcm\":\"2018\\\\07\\\\20\\\\3cbb44bffd186121225b8bda9190bfe678485cd9.pcm\",\"path\":\"2018\\\\07\\\\20\\\\3cbb44bffd186121225b8bda9190bfe678485cd9.wav\",\"filename\":\"F24\",\"text\":\"这个我们这边都是公司分配的, 可能您在哪个网站有注册过, 有留下您的号码的.\"},\"6c2f69d4432947a9dc28553fda1aae015e823fce\":{\"pcm\":\"2018\\\\07\\\\20\\\\6c2f69d4432947a9dc28553fda1aae015e823fce.pcm\",\"path\":\"2018\\\\07\\\\20\\\\6c2f69d4432947a9dc28553fda1aae015e823fce.wav\",\"filename\":\"F24\",\"text\":\"这个我们这边都是公司分配的, 可能您在哪个网站有注册过, 有留下您的号码的.\"},\"97a3f51534d966a0dffc727376fc8cad24457ffd\":{\"pcm\":\"2018\\\\07\\\\20\\\\97a3f51534d966a0dffc727376fc8cad24457ffd.pcm\",\"path\":\"2018\\\\07\\\\20\\\\97a3f51534d966a0dffc727376fc8cad24457ffd.wav\",\"filename\":\"F25\",\"text\":\"不好意思哈, 您问的这个问题是不方便做答的, 您看您对我们业务还有没有需要了解的呢?\"},\"c5c8faa13c1247f4734a88a3de30b25d6d7d5563\":{\"pcm\":\"2018\\\\07\\\\20\\\\c5c8faa13c1247f4734a88a3de30b25d6d7d5563.pcm\",\"path\":\"2018\\\\07\\\\20\\\\c5c8faa13c1247f4734a88a3de30b25d6d7d5563.wav\",\"filename\":\"F26\",\"text\":\"不好意思啊， 只要是关于业务方面的问题,我都会竭诚为您解答的, 希望您理解一下, 关于业务方面您还有需要了解的吗\"},\"f2ba8032ce322b27824bf02646aaf2201eb10f00\":{\"pcm\":\"2018\\\\07\\\\20\\\\f2ba8032ce322b27824bf02646aaf2201eb10f00.pcm\",\"path\":\"2018\\\\07\\\\20\\\\f2ba8032ce322b27824bf02646aaf2201eb10f00.wav\",\"filename\":\"F27\",\"text\":\"不好意思呀, 因为我这边是公司新来的客服, 对一些业务细节还不太清楚, 我稍后安排公司的客户经理, 让他帮您详细介绍一下可以吗\"},\"8d1309420f2ea075f9ebf8f12e7f44b485238b96\":{\"pcm\":\"2018\\\\07\\\\20\\\\8d1309420f2ea075f9ebf8f12e7f44b485238b96.pcm\",\"path\":\"2018\\\\07\\\\20\\\\8d1309420f2ea075f9ebf8f12e7f44b485238b96.wav\",\"filename\":\"F27\",\"text\":\"不好意思呀, 因为我这边是公司新来的客服, 对一些业务细节还不太清楚, 我稍后安排公司的客户经理, 让他帮您详细介绍一下可以吗\"},\"7ac3ee387a3cdc56d34bf782d2a15972090e2b9d\":{\"pcm\":\"2018\\\\07\\\\20\\\\7ac3ee387a3cdc56d34bf782d2a15972090e2b9d.pcm\",\"path\":\"2018\\\\07\\\\20\\\\7ac3ee387a3cdc56d34bf782d2a15972090e2b9d.wav\",\"filename\":\"F28\",\"text\":\"这样吧, 稍后我让我们的项目经理联系您, 跟您详细的聊一下合作的具体细节可以吗\"},\"b0564485338624f8f64c90476be5ceaf40acd982\":{\"pcm\":\"2018\\\\07\\\\20\\\\b0564485338624f8f64c90476be5ceaf40acd982.pcm\",\"path\":\"2018\\\\07\\\\20\\\\b0564485338624f8f64c90476be5ceaf40acd982.wav\",\"filename\":\"F29\",\"text\":\"您可以去对比的呀，我们公司是很透明的很公正的，所以我相信你能理解的后续我们会有部门经理给您做如何投资的参考\"},\"8aa5f6b9091bbb013c81abf83d5897e1d5cf3d5b\":{\"pcm\":\"2018\\\\07\\\\21\\\\8aa5f6b9091bbb013c81abf83d5897e1d5cf3d5b.pcm\",\"path\":\"2018\\\\07\\\\21\\\\8aa5f6b9091bbb013c81abf83d5897e1d5cf3d5b.wav\",\"filename\":\"E2\",\"text\":\"那谢谢您的接听，祝您生活愉快，再见\"},\"f3f9eb7ca5beaab26963309e7c191584a32d0d88\":{\"pcm\":\"2018\\\\07\\\\21\\\\f3f9eb7ca5beaab26963309e7c191584a32d0d88.pcm\",\"path\":\"2018\\\\07\\\\21\\\\f3f9eb7ca5beaab26963309e7c191584a32d0d88.wav\",\"filename\":\"F2\",\"text\":\"1、\\t我们剧组在云南、重庆，成都三地地取景。真实的反应了中、美两国飞行员面对占压倒性优势的法西斯空军大无畏的英雄主义精神。你有时间可以过来探班的？\"},\"cf5f3c6329bd216babc5ec3f41a94120437725b7\":{\"pcm\":\"2018\\\\07\\\\21\\\\cf5f3c6329bd216babc5ec3f41a94120437725b7.pcm\",\"path\":\"2018\\\\07\\\\21\\\\cf5f3c6329bd216babc5ec3f41a94120437725b7.wav\",\"filename\":\"F10\",\"text\":\"关于摄制许可证和演员具体签约的文书属于公司机密，尤其是演员签约有的时候导演也不给我们的，但是我们是投资方，风险把控这方面没有问题，您放心\"},\"c711d04638067e71464d6c9273bf9c1c9b1d1771\":{\"pcm\":\"2018\\\\07\\\\21\\\\c711d04638067e71464d6c9273bf9c1c9b1d1771.pcm\",\"path\":\"2018\\\\07\\\\21\\\\c711d04638067e71464d6c9273bf9c1c9b1d1771.wav\",\"filename\":\"F15\",\"text\":\"中国的股市您懂的，国外的涨国内的不涨，国外的跌国内的跌更多。大盘涨个股不涨，大盘跌个股跌更惨。虽然近期行情可以，但是一年能达到50%以上的股民其实很少的。中国电影市场的情况轻轻松松两三个亿，投资方都不会亏损稍微好一点都能卖到5亿票房利润非常可观。哪怕实在太差，其实每一个剧组都不想这样的，大几千万一个亿都卖的出来。再加上电视版权、网络版权、网络点击、投资方都不会有太大亏损\"},\"fd8d8921e68a5bcbc81a729649eca5a36a64bfdf\":{\"pcm\":\"2018\\\\07\\\\21\\\\fd8d8921e68a5bcbc81a729649eca5a36a64bfdf.pcm\",\"path\":\"2018\\\\07\\\\21\\\\fd8d8921e68a5bcbc81a729649eca5a36a64bfdf.wav\",\"filename\":\"F37\",\"text\":\"喂，您还在吗，刚刚是信号不好吗\"},\"8abc214b2631332051c85d6776518c54e5489723\":{\"pcm\":\"2018\\\\07\\\\21\\\\8abc214b2631332051c85d6776518c54e5489723.pcm\",\"path\":\"2018\\\\07\\\\21\\\\8abc214b2631332051c85d6776518c54e5489723.wav\",\"filename\":\"F38\",\"text\":\"不好意思，刚才没听清，您能再说一遍吗？\"}},\"type\":[{\"name\":\"未分类\",\"rule\":\"time:0,10;word:0,5;section:0,10\"},{\"name\":\"空号\",\"rule\":\"\"},{\"name\":\"A类\",\"rule\":\"\"},{\"name\":\"B类\",\"rule\":\"\"},{\"name\":\"C类\",\"rule\":\"\"},{\"name\":\"D类\",\"rule\":\"\"},{\"name\":\"E类\",\"rule\":\"\"},{\"name\":\"F类\",\"rule\":\"\"}]}',0,'2018-07-20 17:50:02'),(6,'王琦测试','admin','{\"main\":\"JUU1JUJDJTgwJUU1JTlDJUJBJUU3JTk5JUJEQTE=\",\"flow\":{\"JUU1JUJDJTgwJUU1JTlDJUJBJUU3JTk5JUJEQTE=\":{\"section\":{\"type\":\"condition\",\"voice\":[\"a79293a6d0bba9218b98d1eda1b19ea6c0451fbb\"],\"choice\":\"random\",\"conds\":[{\"keyword\":[\"有#25\",\"呦#25\",\"对#25\",\"ok#25\",\"yes#25\",\"要#25\",\"好#25\",\"行#25\",\"可以#25\",\"说#25\",\"你讲#25\",\"你说#25\",\"说吧#25\",\"讲吧#25\",\"好的#25\",\"你介绍#25\",\"介绍吧#25\",\"没问题#25\",\"请讲#25\",\"请说#25\",\"怎么卖#25\",\"怎么买#25\",\"了解下#25\",\"想了解#25\",\"不了解#25\",\"介绍下#25\",\"有兴趣#25\",\"感兴趣#25\",\"说说看#25\",\"好啊#25\",\"知道#25\",\"需要#25\",\"我要#25\",\"要呀#25\",\"有的#25\",\"操作#25\",\"好做#25\",\"好弄#25\",\"好办#25\",\"多久#25\",\"麻烦#25\",\"方便#25\",\"怎么搞#25\",\"怎么弄#25\",\"怎么办#25\",\"手续费#25\",\"怎么做#25\",\"这么带#25\",\"哎呦#25\",\"考虑#25\",\"咋弄#25\",\"咋整#25\",\"咋搞#25\",\"怎么合作#25\",\"怎么投资#25\"],\"to\":\"JUU1JTg2JTg1JUU1JUFFJUI5JUU0JUJCJThCJUU3JUJCJThEQjE=\"},{\"keyword\":[\"没有#25\",\"不用#25\",\"不要#25\",\"不想合作#25\",\"不想#25\",\"不买#25\",\"没钱#25\",\"很穷#25\",\"没兴趣#25\",\"买不起#25\",\"不考虑#25\",\"没考虑#25\",\"不需要#25\",\"没需求#25\",\"不想要#25\",\"不感兴趣#25\",\"不想了解#25\",\"没有需要#25\",\"不用介绍#25\",\"没有钱#25\",\"不可以#25\",\"挂了#25\",\"年纪大#25\",\"先这样#25\",\"没有兴趣#25\",\"不听#25\",\"不要听#25\",\"不用说#25\",\"不要钱#25\",\"不用钱#25\",\"还不起#25\",\"没需要#25\",\"没有没有#25\",\"拉倒#25\",\"不缺钱#25\",\"不做#25\"],\"to\":\"JUU2JThDJUJEJUU1JTlCJTlFJUU4JUFGJUFEJUU1JThGJUE1\"}]},\"next\":\"JUU1JTg2JTg1JUU1JUFFJUI5JUU0JUJCJThCJUU3JUJCJThEQjE=\",\"hook\":false,\"type\":0},\"JUU1JTg2JTg1JUU1JUFFJUI5JUU0JUJCJThCJUU3JUJCJThEQjE=\":{\"section\":{\"type\":\"condition\",\"voice\":[\"a7e2e53b5b6c67273d104499b40656e2521d2444\"],\"choice\":\"random\",\"conds\":[{\"keyword\":[\"有#25\",\"呦#25\",\"对#25\",\"ok#25\",\"yes#25\",\"要#25\",\"好#25\",\"行#25\",\"可以#25\",\"说#25\",\"你讲#25\",\"你说#25\",\"说吧#25\",\"讲吧#25\",\"好的#25\",\"你介绍#25\",\"介绍吧#25\",\"没问题#25\",\"请讲#25\",\"请说#25\",\"怎么卖#25\",\"怎么买#25\",\"了解下#25\",\"想了解#25\",\"不了解#25\",\"介绍下#25\",\"有兴趣#25\",\"感兴趣#25\",\"说说看#25\",\"好啊#25\",\"知道#25\",\"需要#25\",\"我要#25\",\"要呀#25\",\"有的#25\",\"操作#25\",\"好做#25\",\"好弄#25\",\"好办#25\",\"多久#25\",\"麻烦#25\",\"方便#25\",\"怎么搞#25\",\"怎么弄#25\",\"怎么办#25\",\"手续费#25\",\"怎么做#25\",\"这么带#25\",\"哎呦#25\",\"考虑#25\",\"咋弄#25\",\"咋整#25\",\"咋搞#25\",\"怎么合作#25\",\"怎么投资#25\"],\"to\":\"JUU5JTgyJTgwJUU3JUJBJUE2RDE=\"},{\"keyword\":[\"没有#25\",\"不用#25\",\"不要#25\",\"不想合作#25\",\"不想#25\",\"不买#25\",\"没钱#25\",\"很穷#25\",\"没兴趣#25\",\"买不起#25\",\"不考虑#25\",\"没考虑#25\",\"不需要#25\",\"没需求#25\",\"不想要#25\",\"不感兴趣#25\",\"不想了解#25\",\"没有需要#25\",\"不用介绍#25\",\"没有钱#25\",\"不可以#25\",\"挂了#25\",\"年纪大#25\",\"先这样#25\",\"没有兴趣#25\",\"不听#25\",\"不要听#25\",\"不用说#25\",\"不要钱#25\",\"不用钱#25\",\"还不起#25\",\"没需要#25\",\"没有没有#25\",\"拉倒#25\",\"不缺钱#25\",\"不做#25\"],\"to\":\"JUU2JThDJUJEJUU1JTlCJTlFJUU4JUFGJUFEJUU1JThGJUE1\"}]},\"next\":\"JUU5JTgyJTgwJUU3JUJBJUE2RDE=\",\"hook\":false,\"type\":0},\"JUU2JThDJUJEJUU1JTlCJTlFJUU4JUFGJUFEJUU1JThGJUE1\":{\"section\":{\"type\":\"condition\",\"voice\":[\"b07b77ba851d365252f89ec70ba45341eb84713a\"],\"choice\":\"random\",\"conds\":[{\"keyword\":[\"有#25\",\"呦#25\",\"对#25\",\"ok#25\",\"yes#25\",\"要#25\",\"好#25\",\"行#25\",\"可以#25\",\"说#25\",\"你讲#25\",\"你说#25\",\"说吧#25\",\"讲吧#25\",\"好的#25\",\"你介绍#25\",\"介绍吧#25\",\"没问题#25\",\"请讲#25\",\"请说#25\",\"怎么卖#25\",\"怎么买#25\",\"了解下#25\",\"想了解#25\",\"不了解#25\",\"介绍下#25\",\"有兴趣#25\",\"感兴趣#25\",\"说说看#25\",\"好啊#25\",\"知道#25\",\"需要#25\",\"我要#25\",\"要呀#25\",\"有的#25\",\"操作#25\",\"好做#25\",\"好弄#25\",\"好办#25\",\"多久#25\",\"麻烦#25\",\"方便#25\",\"怎么搞#25\",\"怎么弄#25\",\"怎么办#25\",\"手续费#25\",\"怎么做#25\",\"这么带#25\",\"哎呦#25\",\"考虑#25\",\"咋弄#25\",\"咋整#25\",\"咋搞#25\",\"怎么合作#25\",\"怎么投资#25\"],\"to\":\"JUU1JTg2JTg1JUU1JUFFJUI5JUU0JUJCJThCJUU3JUJCJThEQzI=\"},{\"keyword\":[\"没有#25\",\"不用#25\",\"不要#25\",\"不想合作#25\",\"不想#25\",\"不买#25\",\"没钱#25\",\"很穷#25\",\"没兴趣#25\",\"买不起#25\",\"不考虑#25\",\"没考虑#25\",\"不需要#25\",\"没需求#25\",\"不想要#25\",\"不感兴趣#25\",\"不想了解#25\",\"没有需要#25\",\"不用介绍#25\",\"没有钱#25\",\"不可以#25\",\"挂了#25\",\"年纪大#25\",\"先这样#25\",\"没有兴趣#25\",\"不听#25\",\"不要听#25\",\"不用说#25\",\"不要钱#25\",\"不用钱#25\",\"还不起#25\",\"没需要#25\",\"没有没有#25\",\"拉倒#25\",\"不缺钱#25\",\"不做#25\"],\"to\":\"JUU3JUJCJTkzJUU2JTlEJTlGRTM=\"}]},\"next\":\"JUU1JTg2JTg1JUU1JUFFJUI5JUU0JUJCJThCJUU3JUJCJThEQzI=\",\"hook\":false,\"type\":0},\"JUU1JTg2JTg1JUU1JUFFJUI5JUU0JUJCJThCJUU3JUJCJThEQzI=\":{\"section\":{\"type\":\"condition\",\"voice\":[\"975a69eacb009454bd55431b613e83ecd5ef231b\"],\"choice\":\"random\",\"conds\":[{\"keyword\":[\"有#25\",\"呦#25\",\"对#25\",\"ok#25\",\"yes#25\",\"要#25\",\"好#25\",\"行#25\",\"可以#25\",\"说#25\",\"你讲#25\",\"你说#25\",\"说吧#25\",\"讲吧#25\",\"好的#25\",\"你介绍#25\",\"介绍吧#25\",\"没问题#25\",\"请讲#25\",\"请说#25\",\"怎么卖#25\",\"怎么买#25\",\"了解下#25\",\"想了解#25\",\"不了解#25\",\"介绍下#25\",\"有兴趣#25\",\"感兴趣#25\",\"说说看#25\",\"好啊#25\",\"知道#25\",\"需要#25\",\"我要#25\",\"要呀#25\",\"有的#25\",\"操作#25\",\"好做#25\",\"好弄#25\",\"好办#25\",\"多久#25\",\"麻烦#25\",\"方便#25\",\"怎么搞#25\",\"怎么弄#25\",\"怎么办#25\",\"手续费#25\",\"怎么做#25\",\"这么带#25\",\"哎呦#25\",\"考虑#25\",\"咋弄#25\",\"咋整#25\",\"咋搞#25\",\"怎么合作#25\",\"怎么投资#25\"],\"to\":\"JUU5JTgyJTgwJUU3JUJBJUE2RDI=\"},{\"keyword\":[\"没有#25\",\"不用#25\",\"不要#25\",\"不想合作#25\",\"不想#25\",\"不买#25\",\"没钱#25\",\"很穷#25\",\"没兴趣#25\",\"买不起#25\",\"不考虑#25\",\"没考虑#25\",\"不需要#25\",\"没需求#25\",\"不想要#25\",\"不感兴趣#25\",\"不想了解#25\",\"没有需要#25\",\"不用介绍#25\",\"没有钱#25\",\"不可以#25\",\"挂了#25\",\"年纪大#25\",\"先这样#25\",\"没有兴趣#25\",\"不听#25\",\"不要听#25\",\"不用说#25\",\"不要钱#25\",\"不用钱#25\",\"还不起#25\",\"没需要#25\",\"没有没有#25\",\"拉倒#25\",\"不缺钱#25\",\"不做#25\"],\"to\":\"JUU3JUJCJTkzJUU2JTlEJTlGRTM=\"}]},\"next\":\"JUU5JTgyJTgwJUU3JUJBJUE2RDI=\",\"hook\":false,\"type\":0},\"JUU5JTgyJTgwJUU3JUJBJUE2RDE=\":{\"section\":{\"type\":\"condition\",\"voice\":[\"57e4e34854f760d891612f229e1a517576c79f2f\"],\"choice\":\"random\",\"conds\":[{\"keyword\":[\"有#25\",\"呦#25\",\"对#25\",\"ok#25\",\"yes#25\",\"要#25\",\"好#25\",\"行#25\",\"可以#25\",\"说#25\",\"你讲#25\",\"你说#25\",\"说吧#25\",\"讲吧#25\",\"好的#25\",\"你介绍#25\",\"介绍吧#25\",\"没问题#25\",\"请讲#25\",\"请说#25\",\"怎么卖#25\",\"怎么买#25\",\"了解下#25\",\"想了解#25\",\"不了解#25\",\"介绍下#25\",\"有兴趣#25\",\"感兴趣#25\",\"说说看#25\",\"好啊#25\",\"知道#25\",\"需要#25\",\"我要#25\",\"要呀#25\",\"有的#25\",\"操作#25\",\"好做#25\",\"好弄#25\",\"好办#25\",\"多久#25\",\"麻烦#25\",\"方便#25\",\"怎么搞#25\",\"怎么弄#25\",\"怎么办#25\",\"手续费#25\",\"怎么做#25\",\"这么带#25\",\"哎呦#25\",\"考虑#25\",\"咋弄#25\",\"咋整#25\",\"咋搞#25\",\"怎么合作#25\",\"怎么投资#25\"],\"to\":\"JUU3JUJCJTkzJUU2JTlEJTlGRTE=\"},{\"keyword\":[\"没有#25\",\"不用#25\",\"不要#25\",\"不想合作#25\",\"不想#25\",\"不买#25\",\"没钱#25\",\"很穷#25\",\"没兴趣#25\",\"买不起#25\",\"不考虑#25\",\"没考虑#25\",\"不需要#25\",\"没需求#25\",\"不想要#25\",\"不感兴趣#25\",\"不想了解#25\",\"没有需要#25\",\"不用介绍#25\",\"没有钱#25\",\"不可以#25\",\"挂了#25\",\"年纪大#25\",\"先这样#25\",\"没有兴趣#25\",\"不听#25\",\"不要听#25\",\"不用说#25\",\"不要钱#25\",\"不用钱#25\",\"还不起#25\",\"没需要#25\",\"没有没有#25\",\"拉倒#25\",\"不缺钱#25\",\"不做#25\"],\"to\":\"JUU3JUJCJTkzJUU2JTlEJTlGRTI=\"}]},\"next\":\"JUU3JUJCJTkzJUU2JTlEJTlGRTE=\",\"hook\":false,\"type\":0},\"JUU5JTgyJTgwJUU3JUJBJUE2RDI=\":{\"section\":{\"type\":\"condition\",\"voice\":[\"118df45485fc37019c1ad8f587b46218fea6a2ee\"],\"choice\":\"random\",\"conds\":[{\"keyword\":[\"有#25\",\"呦#25\",\"对#25\",\"ok#25\",\"yes#25\",\"要#25\",\"好#25\",\"行#25\",\"可以#25\",\"说#25\",\"你讲#25\",\"你说#25\",\"说吧#25\",\"讲吧#25\",\"好的#25\",\"你介绍#25\",\"介绍吧#25\",\"没问题#25\",\"请讲#25\",\"请说#25\",\"怎么卖#25\",\"怎么买#25\",\"了解下#25\",\"想了解#25\",\"不了解#25\",\"介绍下#25\",\"有兴趣#25\",\"感兴趣#25\",\"说说看#25\",\"好啊#25\",\"知道#25\",\"需要#25\",\"我要#25\",\"要呀#25\",\"有的#25\",\"操作#25\",\"好做#25\",\"好弄#25\",\"好办#25\",\"多久#25\",\"麻烦#25\",\"方便#25\",\"怎么搞#25\",\"怎么弄#25\",\"怎么办#25\",\"手续费#25\",\"怎么做#25\",\"这么带#25\",\"哎呦#25\",\"考虑#25\",\"咋弄#25\",\"咋整#25\",\"咋搞#25\",\"怎么合作#25\",\"怎么投资#25\"],\"to\":\"JUU3JUJCJTkzJUU2JTlEJTlGRTE=\"},{\"keyword\":[\"没有#25\",\"不用#25\",\"不要#25\",\"不想合作#25\",\"不想#25\",\"不买#25\",\"没钱#25\",\"很穷#25\",\"没兴趣#25\",\"买不起#25\",\"不考虑#25\",\"没考虑#25\",\"不需要#25\",\"没需求#25\",\"不想要#25\",\"不感兴趣#25\",\"不想了解#25\",\"没有需要#25\",\"不用介绍#25\",\"没有钱#25\",\"不可以#25\",\"挂了#25\",\"年纪大#25\",\"先这样#25\",\"没有兴趣#25\",\"不听#25\",\"不要听#25\",\"不用说#25\",\"不要钱#25\",\"不用钱#25\",\"还不起#25\",\"没需要#25\",\"没有没有#25\",\"拉倒#25\",\"不缺钱#25\",\"不做#25\"],\"to\":\"JUU3JUJCJTkzJUU2JTlEJTlGRTI=\"}]},\"next\":\"JUU3JUJCJTkzJUU2JTlEJTlGRTE=\",\"hook\":false,\"type\":0},\"JUU3JUJCJTkzJUU2JTlEJTlGRTE=\":{\"section\":{\"type\":\"end\",\"voice\":[\"b1fd356f42d510a9b0d03f948858811e8916c8d7\"],\"choice\":\"random\"},\"next\":\"\",\"hook\":false,\"type\":0},\"JUU3JUJCJTkzJUU2JTlEJTlGRTI=\":{\"section\":{\"type\":\"end\",\"voice\":[\"8aa5f6b9091bbb013c81abf83d5897e1d5cf3d5b\"],\"choice\":\"random\"},\"next\":\"\",\"hook\":false,\"type\":0},\"JUU3JUJCJTkzJUU2JTlEJTlGRTM=\":{\"section\":{\"type\":\"end\",\"voice\":[\"b2358ac4ac8a257233719243d8ac2adc3cb8c972\"],\"choice\":\"random\"},\"next\":\"\",\"hook\":false,\"type\":0}},\"keyword\":{\"quiet1\":{\"type\":0,\"voice\":[\"fd8d8921e68a5bcbc81a729649eca5a36a64bfdf\"],\"choice\":\"random\",\"conds\":[],\"next\":\"next\"},\"quiet2\":{\"type\":0,\"voice\":[],\"choice\":\"random\",\"conds\":[],\"next\":\"\"},\"noword1\":{\"type\":0,\"voice\":[\"8abc214b2631332051c85d6776518c54e5489723\"],\"choice\":\"random\",\"conds\":[],\"next\":\"next\"},\"noword2\":{\"type\":0,\"voice\":[],\"choice\":\"random\",\"conds\":[],\"next\":\"\"},\"noword3\":{\"type\":0,\"voice\":[],\"choice\":\"random\",\"conds\":[],\"next\":\"\"},\"JUU1JThEJTk1JUU0JUJEJThE\":{\"type\":0,\"keyword\":[\"哪个单位#25\",\"哪个公司#25\",\"什么公司#25\",\"做什么的#25\",\"是哪的#25\",\"干啥的#25\"],\"voice\":[\"b748c5af1c82a8116400dbed992113360546c566\"],\"choice\":\"random\",\"conds\":[],\"next\":\"next\"},\"JUU2JThCJThEJUU2JTkxJTg0JUU1JTlDJUIw\":{\"type\":0,\"keyword\":[\"拍摄地#25\",\"制作地#25\",\"在哪取景#25\"],\"voice\":[\"f3f9eb7ca5beaab26963309e7c191584a32d0d88\"],\"choice\":\"random\",\"conds\":[],\"next\":\"next\"},\"JUU1JTg4JTg2JUU2JTg4JTkw\":{\"type\":0,\"keyword\":[\"分成#25\",\"比例#25\",\"赚多少#25\",\"怎么分#25\",\"怎么分成#25\",\"分多少#25\"],\"voice\":[\"2622fd299d74e98c3cc4d24000226d8a4b287f0e\"],\"choice\":\"random\",\"conds\":[],\"next\":\"next\"},\"JUU2JTk3JUI2JUU5JTk3JUI0\":{\"type\":0,\"keyword\":[\"时间#25\",\"逾期#25\",\"上映逾期#25\"],\"voice\":[\"dd9324017eadddd4056b6f9791009db5836b927a\"],\"choice\":\"random\",\"conds\":[],\"next\":\"next\"},\"JUU3JTlDJTlGJUU1JUFFJTlFJUU2JTgwJUE3\":{\"type\":0,\"keyword\":[\"真实性#25\"],\"voice\":[\"061dc25da0bc7d3efcf1e0e829d061880bcad933\"],\"choice\":\"random\",\"conds\":[],\"next\":\"next\"},\"JUU5JUEyJTk4JUU2JTlEJTkw\":{\"type\":0,\"keyword\":[\"题材#25\",\"主要讲什么#25\",\"是拍什么的#25\",\"主要讲的是什么#25\",\"内容是什么#25\",\"拍的是什么内容#25\"],\"voice\":[\"1113a318c8b1403e9a6ff94d82f5f7f074bc2257\"],\"choice\":\"random\",\"conds\":[],\"next\":\"next\"},\"JUU3JUE1JUE4JUU2JTg4JUJGJUU5JTgwJUEwJUU1JTgxJTg3\":{\"type\":0,\"keyword\":[\"票房造假#25\"],\"voice\":[\"7d1e756178eeb9c611214ccd8f7168729ad387b0\"],\"choice\":\"random\",\"conds\":[],\"next\":\"next\"},\"JUU1JUFGJUJDJUU2JUJDJTk0\":{\"type\":0,\"keyword\":[\"导演#25\",\"导演是谁#25\",\"谁拍的#25\",\"是谁来拍的#25\"],\"voice\":[\"5e9487fe6b9477780cfe94cf2277863d484c4601\"],\"choice\":\"random\",\"conds\":[],\"next\":\"next\"},\"JUU0JUI4JThEJUU4JUI1JTlBJUU5JTkyJUIx\":{\"type\":0,\"keyword\":[\"不赚钱#25\",\"亏钱#25\"],\"voice\":[\"b9da34ddde04058deafc7db4946ee69224f99cf1\"],\"choice\":\"random\",\"conds\":[],\"next\":\"next\"},\"JUU2JTkxJTg0JUU1JTg4JUI2JUU4JUFFJUI4JUU1JThGJUFGJUU4JUFGJTgx\":{\"type\":0,\"keyword\":[\"摄制许可证#25\"],\"voice\":[\"6296c558fac5feeed9490b0704b20e0e7789e934\"],\"choice\":\"random\",\"conds\":[],\"next\":\"next\"},\"JUU2JThFJUEyJUU3JThGJUFE\":{\"type\":0,\"keyword\":[\"探班#25\",\"去剧组看看#25\"],\"voice\":[\"3eeeed0030017ea300fdc9e8577c888c9f7afcba\"],\"choice\":\"random\",\"conds\":[],\"next\":\"next\"},\"JUU4JUI1JTg0JUU5JTg3JTkxJUU1JUFFJTg5JUU1JTg1JUE4\":{\"type\":0,\"keyword\":[\"资金安全#25\"],\"voice\":[\"aefe2408a44b46497da8b7fd5a29a31b4ec30654\"],\"choice\":\"random\",\"conds\":[],\"next\":\"next\"},\"JUU2JUExJTg4JUU0JUJFJThC\":{\"type\":0,\"keyword\":[\"案例#25\"],\"voice\":[\"0c55f398b8dac807e8d19da4063d8c6a198cf980\"],\"choice\":\"random\",\"conds\":[],\"next\":\"next\"},\"JUU2JTg4JUJGJUU1JTlDJUIwJUU0JUJBJUE3JUU1JUFGJUI5JUU2JUFGJTk0\":{\"type\":0,\"keyword\":[\"房地产对比#25\",\"和房地产相比#25\",\"和房地产比起来#25\"],\"voice\":[\"2024476095e85b701e4d8cfe6c67c8af42c0d0c9\"],\"choice\":\"random\",\"conds\":[],\"next\":\"next\"},\"JUU4JTgyJUExJUU3JUE1JUE4JUU2JThBJTk1JUU4JUI1JTg0JUU1JUFGJUI5JUU2JUFGJTk0\":{\"type\":0,\"keyword\":[\"股票投资对比#25\"],\"voice\":[\"c711d04638067e71464d6c9273bf9c1c9b1d1771\"],\"choice\":\"random\",\"conds\":[],\"next\":\"next\"},\"JUU1JUFFJTlBJUU2JTlDJTlGJUU1JUFEJTk4JUU2JUFDJUJFJUU1JUFGJUI5JUU2JUFGJTk0\":{\"type\":0,\"keyword\":[\"定期存款对比#25\",\"余额宝对比#25\"],\"voice\":[\"ccb1cc95bc862e85e7da29878b89c4a6571953e8\"],\"choice\":\"random\",\"conds\":[],\"next\":\"next\"},\"JUU2JThFJUE4JUU1JUI5JUJG\":{\"type\":0,\"keyword\":[\"推广#25\"],\"voice\":[\"c456671539704aaf2e5eeba22039921213f0f26c\"],\"choice\":\"random\",\"conds\":[],\"next\":\"next\"},\"JUU1JUJFJUFFJUU0JUJGJUEx\":{\"type\":0,\"keyword\":[\"微信#25\",\"短信#25\"],\"voice\":[\"40d943c08def27315ffbc337429633877429bab1\"],\"choice\":\"random\",\"conds\":[],\"next\":\"next\"},\"JUU2JTk4JUFGJUU2JTlDJUJBJUU1JTk5JUE4JUU0JUJBJUJB\":{\"type\":0,\"keyword\":[\"是机器人#25\"],\"voice\":[\"57f0717ff9e7b97e0b8bd186272f1822f8ecb1dc\"],\"choice\":\"random\",\"conds\":[],\"next\":\"next\"},\"JUU1JUJGJUFCJUU3JTgyJUI5JUU4JUFGJUI0\":{\"type\":0,\"keyword\":[\"快点说#25\",\"说重点#25\"],\"voice\":[\"198eb7e64f03b5138c82dc7243d4e3586f4ecedf\"],\"choice\":\"random\",\"conds\":[],\"next\":\"next\"},\"JUU2JTk2JUIwJUU2JTlEJUE1JUU3JTlBJTg0\":{\"type\":0,\"keyword\":[\"新来的#25\"],\"voice\":[\"888c84d0f42d07be1af5f9ef675de876fffd4abf\"],\"choice\":\"random\",\"conds\":[],\"next\":\"next\"},\"JUU4JUFGJUI3JUU2JTk1JTk5\":{\"type\":0,\"keyword\":[\"请教#25\"],\"voice\":[\"3ed5adcd095e4e8fc32cbaa30a8cd0ae09a51b8f\"],\"choice\":\"random\",\"conds\":[],\"next\":\"next\"},\"JUU1JThGJTkxJUU2JTg4JTkxJUU2JTg5JThCJUU2JTlDJUJB\":{\"type\":0,\"keyword\":[\"发我手机#25\"],\"voice\":[\"57460c0597cc7c563f37d1f229aa1df05417fb74\"],\"choice\":\"random\",\"conds\":[],\"next\":\"next\"},\"JUU2JTlDJTg5JUU2JTg4JTkxJUU1JThGJUI3JUU3JUEwJTgx\":{\"type\":0,\"keyword\":[\"有我号码#25\"],\"voice\":[\"6c2f69d4432947a9dc28553fda1aae015e823fce\"],\"choice\":\"random\",\"conds\":[],\"next\":\"next\"},\"JUU1JTg3JUEwJUU1JUIyJTgx\":{\"type\":0,\"keyword\":[\"几岁#25\"],\"voice\":[\"97a3f51534d966a0dffc727376fc8cad24457ffd\"],\"choice\":\"random\",\"conds\":[],\"next\":\"next\"},\"JUU0JUJBJUE0JUU0JUI4JUFBJUU2JTlDJThCJUU1JThGJThC\":{\"type\":0,\"keyword\":[\"交个朋友#25\"],\"voice\":[\"06d192309ecbfb30a0e9ad03ed19f4476ea7ad7a\"],\"choice\":\"random\",\"conds\":[],\"next\":\"next\"},\"JUU2JTgwJThFJUU0JUI5JTg4JUU0JUI4JThEJUU0JUJCJThCJUU3JUJCJThE\":{\"type\":0,\"keyword\":[\"怎么不介绍#25\"],\"voice\":[\"8d1309420f2ea075f9ebf8f12e7f44b485238b96\"],\"choice\":\"random\",\"conds\":[],\"next\":\"next\"},\"JUU2JTgwJThFJUU0JUI5JTg4JUU1JTkwJTg4JUU0JUJEJTlD\":{\"type\":0,\"keyword\":[\"怎么合作#25\"],\"voice\":[\"c5ed7a6a7c262b7ed3afc0b1ca416f01d210161f\"],\"choice\":\"random\",\"conds\":[],\"next\":\"next\"},\"JUU2JTk0JUI2JUU4JUI0JUI5JUU4JUI0JUI1\":{\"type\":0,\"keyword\":[\"收费贵#25\"],\"voice\":[\"99ae47e3ef724eac9b53c4c39f7c2c4f181af862\"],\"choice\":\"random\",\"conds\":[],\"next\":\"next\"}},\"voice\":{\"a79293a6d0bba9218b98d1eda1b19ea6c0451fbb\":{\"pcm\":\"2018\\\\07\\\\20\\\\a79293a6d0bba9218b98d1eda1b19ea6c0451fbb.pcm\",\"path\":\"2018\\\\07\\\\20\\\\a79293a6d0bba9218b98d1eda1b19ea6c0451fbb.wav\",\"filename\":\"A1\",\"text\":\"您好，我这边是西安秦越影视，主要从事院线电影制片经济的，请问您对电影产权投资有兴趣了解一下吗？\"},\"a7e2e53b5b6c67273d104499b40656e2521d2444\":{\"pcm\":\"2018\\\\07\\\\21\\\\a7e2e53b5b6c67273d104499b40656e2521d2444.pcm\",\"path\":\"2018\\\\07\\\\21\\\\a7e2e53b5b6c67273d104499b40656e2521d2444.wav\",\"filename\":\"B1\",\"text\":\"我们的剧本题材，档期，宣传发行都是做的最好的，电影今年8月份开拍，明年暑假上映，目前电影限量礼盒正在发售，每个售价10000元，可以说是小投资大回报，难得的一次机会，您要不要考虑投资一下呢 \"},\"975a69eacb009454bd55431b613e83ecd5ef231b\":{\"pcm\":\"2018\\\\07\\\\21\\\\975a69eacb009454bd55431b613e83ecd5ef231b.pcm\",\"path\":\"2018\\\\07\\\\21\\\\975a69eacb009454bd55431b613e83ecd5ef231b.wav\",\"filename\":\"C2\",\"text\":\"2018年首季度内地总票房突破200亿元大关，超越北美成为世界第一大电影市场，《红海行动》票房完成大逆袭，成为国产电影票房的大赢家.作为同类型题材的鹰猎长空必定会再次引爆大荧幕，这样，我先加您微信发些资料给您看看吧。\"},\"118df45485fc37019c1ad8f587b46218fea6a2ee\":{\"pcm\":\"2018\\\\07\\\\20\\\\118df45485fc37019c1ad8f587b46218fea6a2ee.pcm\",\"path\":\"2018\\\\07\\\\20\\\\118df45485fc37019c1ad8f587b46218fea6a2ee.wav\",\"filename\":\"D2\",\"text\":\"好的, 我这里只是简单的把影视投资给您介绍了下, 具体的流程和操作我稍后让我们的项目经理与您联系给您具体的讲解一下\"},\"b07b77ba851d365252f89ec70ba45341eb84713a\":{\"pcm\":\"2018\\\\07\\\\20\\\\b07b77ba851d365252f89ec70ba45341eb84713a.pcm\",\"path\":\"2018\\\\07\\\\20\\\\b07b77ba851d365252f89ec70ba45341eb84713a.wav\",\"filename\":\"C1\",\"text\":\"没有兴趣是因为您还不了解，这是一个新的市场，我给您介绍一下您肯定就有兴趣了，您看，可以吗？\"},\"57e4e34854f760d891612f229e1a517576c79f2f\":{\"pcm\":\"2018\\\\07\\\\20\\\\57e4e34854f760d891612f229e1a517576c79f2f.pcm\",\"path\":\"2018\\\\07\\\\20\\\\57e4e34854f760d891612f229e1a517576c79f2f.wav\",\"filename\":\"D1\",\"text\":\"您看这样好不好，待会我给您发些电影信息，您多了解一些，我们再详聊，您看可以吗.\"},\"b1fd356f42d510a9b0d03f948858811e8916c8d7\":{\"pcm\":\"2018\\\\07\\\\20\\\\b1fd356f42d510a9b0d03f948858811e8916c8d7.pcm\",\"path\":\"2018\\\\07\\\\20\\\\b1fd356f42d510a9b0d03f948858811e8916c8d7.wav\",\"filename\":\"E1\",\"text\":\"好的, 那其它的话就让我们项目经理与您具体再说, 祝您生活愉快, 再见！\"},\"0996ffb3bbcce6363a998d3954b704712b26e425\":{\"pcm\":\"2018\\\\07\\\\20\\\\0996ffb3bbcce6363a998d3954b704712b26e425.pcm\",\"path\":\"2018\\\\07\\\\20\\\\0996ffb3bbcce6363a998d3954b704712b26e425.wav\",\"filename\":\"E2\",\"text\":\"那谢谢您的接听, 打扰您了，祝您生活愉快，再见！\"},\"b2358ac4ac8a257233719243d8ac2adc3cb8c972\":{\"pcm\":\"2018\\\\07\\\\20\\\\b2358ac4ac8a257233719243d8ac2adc3cb8c972.pcm\",\"path\":\"2018\\\\07\\\\20\\\\b2358ac4ac8a257233719243d8ac2adc3cb8c972.wav\",\"filename\":\"E3\",\"text\":\"那打扰您了, 祝您生活愉快，再见！\"},\"8aa5f6b9091bbb013c81abf83d5897e1d5cf3d5b\":{\"pcm\":\"2018\\\\07\\\\21\\\\8aa5f6b9091bbb013c81abf83d5897e1d5cf3d5b.pcm\",\"path\":\"2018\\\\07\\\\21\\\\8aa5f6b9091bbb013c81abf83d5897e1d5cf3d5b.wav\",\"filename\":\"E2\",\"text\":\"那谢谢您的接听, 打扰您了，祝您生活愉快，再见！\"},\"b748c5af1c82a8116400dbed992113360546c566\":{\"pcm\":\"2018\\\\07\\\\20\\\\b748c5af1c82a8116400dbed992113360546c566.pcm\",\"path\":\"2018\\\\07\\\\20\\\\b748c5af1c82a8116400dbed992113360546c566.wav\",\"filename\":\"F1\",\"text\":\"我们是西安秦越影视，电影《鹰猎长空》的出品方，投资者可以享受到《鹰猎长空》这部电影的票房和版权的分红权益.\"},\"78f67ebeb915b71287973b8df03594cb7614f0d5\":{\"pcm\":\"2018\\\\07\\\\20\\\\78f67ebeb915b71287973b8df03594cb7614f0d5.pcm\",\"path\":\"2018\\\\07\\\\20\\\\78f67ebeb915b71287973b8df03594cb7614f0d5.wav\",\"filename\":\"F2\",\"text\":\"\"},\"2622fd299d74e98c3cc4d24000226d8a4b287f0e\":{\"pcm\":\"2018\\\\07\\\\21\\\\2622fd299d74e98c3cc4d24000226d8a4b287f0e.pcm\",\"path\":\"2018\\\\07\\\\21\\\\2622fd299d74e98c3cc4d24000226d8a4b287f0e.wav\",\"filename\":\"F3\",\"text\":\"您的收益是与制片方挂钩的，电影收益中制片方占35%左右，电视 网络转播的版权收益也全部归制片方所有\"},\"dd9324017eadddd4056b6f9791009db5836b927a\":{\"pcm\":\"2018\\\\07\\\\20\\\\dd9324017eadddd4056b6f9791009db5836b927a.pcm\",\"path\":\"2018\\\\07\\\\20\\\\dd9324017eadddd4056b6f9791009db5836b927a.wav\",\"filename\":\"F4\",\"text\":\"鹰猎长空这部电影是大投资，明年暑期上映，是由上海君懿文化艺术有限公司担保该部影片100%上全国院线\"},\"061dc25da0bc7d3efcf1e0e829d061880bcad933\":{\"pcm\":\"2018\\\\07\\\\20\\\\061dc25da0bc7d3efcf1e0e829d061880bcad933.pcm\",\"path\":\"2018\\\\07\\\\20\\\\061dc25da0bc7d3efcf1e0e829d061880bcad933.wav\",\"filename\":\"F5\",\"text\":\"我们有专业的国家级部门统计票房，而且票房百度和猫眼都搜索到的，您完全可以放心.\"},\"1113a318c8b1403e9a6ff94d82f5f7f074bc2257\":{\"pcm\":\"2018\\\\07\\\\21\\\\1113a318c8b1403e9a6ff94d82f5f7f074bc2257.pcm\",\"path\":\"2018\\\\07\\\\21\\\\1113a318c8b1403e9a6ff94d82f5f7f074bc2257.wav\",\"filename\":\"F6\",\"text\":\"是弘扬中国空军历史战争片，您看《战狼2》大卖,《红海行动》票房完成大逆袭，跟爱国主义也有很大的关系，所以我们电影票房是绝对有保障的\"},\"7d1e756178eeb9c611214ccd8f7168729ad387b0\":{\"pcm\":\"2018\\\\07\\\\20\\\\7d1e756178eeb9c611214ccd8f7168729ad387b0.pcm\",\"path\":\"2018\\\\07\\\\20\\\\7d1e756178eeb9c611214ccd8f7168729ad387b0.wav\",\"filename\":\"F7\",\"text\":\"票房造假有两种情况：1、票房不好2、投资方自己买拉高票房来宣传造势。这点对您来说绝对是好事，因为不管谁买的电影票您都有收益，您自己去看，您都有收益。其实影片上映第一天投资方都会自己买一些票房热热场。您也是投资方呀影片上映您肯定也会带家人、朋友们去捧场啊。票房太好了像《战狼2》一样，院线和别的电影偷我们的票房，这点您更可以放心，整个宣发和制片团队都会去监管的，票房那么好您肯定也赚大了，翻几倍\"},\"5e9487fe6b9477780cfe94cf2277863d484c4601\":{\"pcm\":\"2018\\\\07\\\\20\\\\5e9487fe6b9477780cfe94cf2277863d484c4601.pcm\",\"path\":\"2018\\\\07\\\\20\\\\5e9487fe6b9477780cfe94cf2277863d484c4601.wav\",\"filename\":\"F8\",\"text\":\"我们的总监制韩三平，是中国电影之父，是影视界是数一数二的人物，建国大业，建党伟业都是他监制的，而且是全明星零片酬\"},\"b9da34ddde04058deafc7db4946ee69224f99cf1\":{\"pcm\":\"2018\\\\07\\\\21\\\\b9da34ddde04058deafc7db4946ee69224f99cf1.pcm\",\"path\":\"2018\\\\07\\\\21\\\\b9da34ddde04058deafc7db4946ee69224f99cf1.wav\",\"filename\":\"F9\",\"text\":\"我们电影题材热门，导演监制资历深，主演以及制片人都是行业顶尖级别，怎么会亏钱呢？\"},\"6296c558fac5feeed9490b0704b20e0e7789e934\":{\"pcm\":\"2018\\\\07\\\\20\\\\6296c558fac5feeed9490b0704b20e0e7789e934.pcm\",\"path\":\"2018\\\\07\\\\20\\\\6296c558fac5feeed9490b0704b20e0e7789e934.wav\",\"filename\":\"F10\",\"text\":\"\"},\"f3f9eb7ca5beaab26963309e7c191584a32d0d88\":{\"pcm\":\"2018\\\\07\\\\21\\\\f3f9eb7ca5beaab26963309e7c191584a32d0d88.pcm\",\"path\":\"2018\\\\07\\\\21\\\\f3f9eb7ca5beaab26963309e7c191584a32d0d88.wav\",\"filename\":\"F2\",\"text\":\"1、我们剧组在云南、重庆，成都三地地取景。真实的反应了中、美两国飞行员面对占压倒性优势的法西斯空军大无畏的英雄主义精神。你有时间可以过来探班的？\"},\"3eeeed0030017ea300fdc9e8577c888c9f7afcba\":{\"pcm\":\"2018\\\\07\\\\21\\\\3eeeed0030017ea300fdc9e8577c888c9f7afcba.pcm\",\"path\":\"2018\\\\07\\\\21\\\\3eeeed0030017ea300fdc9e8577c888c9f7afcba.wav\",\"filename\":\"F11\",\"text\":\"公众号会发布电影拍摄进度，影视公司还会不定期组织剧组见面会,当然了，如果您是VIP客户还可以安排到剧组探班\"},\"aefe2408a44b46497da8b7fd5a29a31b4ec30654\":{\"pcm\":\"2018\\\\07\\\\20\\\\aefe2408a44b46497da8b7fd5a29a31b4ec30654.pcm\",\"path\":\"2018\\\\07\\\\20\\\\aefe2408a44b46497da8b7fd5a29a31b4ec30654.wav\",\"filename\":\"F12\",\"text\":\"您放心，资金是由甘肃文交所和平安银行监管的，绝对安全\"},\"0c55f398b8dac807e8d19da4063d8c6a198cf980\":{\"pcm\":\"2018\\\\07\\\\20\\\\0c55f398b8dac807e8d19da4063d8c6a198cf980.pcm\",\"path\":\"2018\\\\07\\\\20\\\\0c55f398b8dac807e8d19da4063d8c6a198cf980.wav\",\"filename\":\"F13\",\"text\":\"这个都是通过渠道发行，有正规的会计律师所进行审计，而且广电总局官网都是有备案的。这些你都可以去网上进行查询验证\"},\"2024476095e85b701e4d8cfe6c67c8af42c0d0c9\":{\"pcm\":\"2018\\\\07\\\\20\\\\2024476095e85b701e4d8cfe6c67c8af42c0d0c9.pcm\",\"path\":\"2018\\\\07\\\\20\\\\2024476095e85b701e4d8cfe6c67c8af42c0d0c9.wav\",\"filename\":\"F14\",\"text\":\"房地产连续10年上涨，经过16年这一轮很多地方的房价又翻了一倍, 您在看现在的调控政策 短期政府不去调控不太可能.不过既然调控就说明还是要涨才调控，只是不让过快上涨的，大的上涨周期还在,可是您能确定是那一年吗？同时一套房产最少几十万,我们一部影片最多才让投20万,一年的周期影片上映，可以说投资金额灵活回报周期短、收益可观。您看看这几年的票房，一路高歌猛进您拿房地产来比较影视行业真的是太恰当了\"},\"2c976cb3abfefd8ee7cece5bdca3055a7a0e09d2\":{\"pcm\":\"2018\\\\07\\\\20\\\\2c976cb3abfefd8ee7cece5bdca3055a7a0e09d2.pcm\",\"path\":\"2018\\\\07\\\\20\\\\2c976cb3abfefd8ee7cece5bdca3055a7a0e09d2.wav\",\"filename\":\"F15\",\"text\":\"\"},\"c711d04638067e71464d6c9273bf9c1c9b1d1771\":{\"pcm\":\"2018\\\\07\\\\21\\\\c711d04638067e71464d6c9273bf9c1c9b1d1771.pcm\",\"path\":\"2018\\\\07\\\\21\\\\c711d04638067e71464d6c9273bf9c1c9b1d1771.wav\",\"filename\":\"F15\",\"text\":\"中国的股市您懂的，国外的涨国内的不涨，国外的跌国内的跌更多。大盘涨个股不涨，大盘跌个股跌更惨。虽然近期行情可以，但是一年能达到50%以上的股民其实很少的。中国电影市场的情况轻轻松松两三个亿，投资方都不会亏损稍微好一点都能卖到5亿票房利润非常可观。哪怕实在太差，其实每一个剧组都不想这样的，大几千万一个亿都卖的出来。再加上电视版权、网络版权、网络点击、投资方都不会有太大亏损\"},\"ccb1cc95bc862e85e7da29878b89c4a6571953e8\":{\"pcm\":\"2018\\\\07\\\\21\\\\ccb1cc95bc862e85e7da29878b89c4a6571953e8.pcm\",\"path\":\"2018\\\\07\\\\21\\\\ccb1cc95bc862e85e7da29878b89c4a6571953e8.wav\",\"filename\":\"F16\",\"text\":\"我们中国人喜欢存钱, 喜欢储蓄这是一个非常好的习惯。但是基本固定收益也就那样了，常常还跑不赢通货膨胀。等于存了一年钱还缩水了。现在物价涨的实在太快了，拿出一部分做一点其他风险不是太大收益还不错的投资绝对是明智的选择\"},\"c456671539704aaf2e5eeba22039921213f0f26c\":{\"pcm\":\"2018\\\\07\\\\21\\\\c456671539704aaf2e5eeba22039921213f0f26c.pcm\",\"path\":\"2018\\\\07\\\\21\\\\c456671539704aaf2e5eeba22039921213f0f26c.wav\",\"filename\":\"F17\",\"text\":\"这样好不好, 稍后我会安排我们客户经理跟您直接对接, 让他为您详细介绍, 可以吗?\"},\"40d943c08def27315ffbc337429633877429bab1\":{\"pcm\":\"2018\\\\07\\\\21\\\\40d943c08def27315ffbc337429633877429bab1.pcm\",\"path\":\"2018\\\\07\\\\21\\\\40d943c08def27315ffbc337429633877429bab1.wav\",\"filename\":\"F18\",\"text\":\"好的, 我稍后把我们公司还有我个人的信息发短信到您手机上，这样您什么时候有需要的话可以随时联系我, 可以吗?\"},\"57f0717ff9e7b97e0b8bd186272f1822f8ecb1dc\":{\"pcm\":\"2018\\\\07\\\\20\\\\57f0717ff9e7b97e0b8bd186272f1822f8ecb1dc.pcm\",\"path\":\"2018\\\\07\\\\20\\\\57f0717ff9e7b97e0b8bd186272f1822f8ecb1dc.wav\",\"filename\":\"F19\",\"text\":\"怎么会呢, 肯定是人工给您打电话啦, 是不是我说话太快了, 因为我们公司这边要求与客户沟通要统一话术的, 这个请您放心\"},\"198eb7e64f03b5138c82dc7243d4e3586f4ecedf\":{\"pcm\":\"2018\\\\07\\\\20\\\\198eb7e64f03b5138c82dc7243d4e3586f4ecedf.pcm\",\"path\":\"2018\\\\07\\\\20\\\\198eb7e64f03b5138c82dc7243d4e3586f4ecedf.wav\",\"filename\":\"F20\",\"text\":\"不好意思打扰您了, 就是想问一下, 我这边有电影产权投资的项目，您有兴趣考虑投资吗?\"},\"888c84d0f42d07be1af5f9ef675de876fffd4abf\":{\"pcm\":\"2018\\\\07\\\\20\\\\888c84d0f42d07be1af5f9ef675de876fffd4abf.pcm\",\"path\":\"2018\\\\07\\\\20\\\\888c84d0f42d07be1af5f9ef675de876fffd4abf.wav\",\"filename\":\"F21\",\"text\":\"不好意思, 我这边也是新来的, 有些业务还不是很了解, 我稍后让我们客户经理马上给您回个电话, 再介绍一下, 可以吗?\"},\"3ed5adcd095e4e8fc32cbaa30a8cd0ae09a51b8f\":{\"pcm\":\"2018\\\\07\\\\20\\\\3ed5adcd095e4e8fc32cbaa30a8cd0ae09a51b8f.pcm\",\"path\":\"2018\\\\07\\\\20\\\\3ed5adcd095e4e8fc32cbaa30a8cd0ae09a51b8f.wav\",\"filename\":\"F22\",\"text\":\"嗯, 您请讲\"},\"57460c0597cc7c563f37d1f229aa1df05417fb74\":{\"pcm\":\"2018\\\\07\\\\21\\\\57460c0597cc7c563f37d1f229aa1df05417fb74.pcm\",\"path\":\"2018\\\\07\\\\21\\\\57460c0597cc7c563f37d1f229aa1df05417fb74.wav\",\"filename\":\"F23\",\"text\":\"哦, 那我这边先发个信息给您, 您先做个了解, 等您需要的时候我们随时可以再联系的.\"},\"6c2f69d4432947a9dc28553fda1aae015e823fce\":{\"pcm\":\"2018\\\\07\\\\20\\\\6c2f69d4432947a9dc28553fda1aae015e823fce.pcm\",\"path\":\"2018\\\\07\\\\20\\\\6c2f69d4432947a9dc28553fda1aae015e823fce.wav\",\"filename\":\"F24\",\"text\":\"这个我们这边都是公司分配的, 可能您在哪个网站有注册过, 有留下您的号码的\"},\"97a3f51534d966a0dffc727376fc8cad24457ffd\":{\"pcm\":\"2018\\\\07\\\\20\\\\97a3f51534d966a0dffc727376fc8cad24457ffd.pcm\",\"path\":\"2018\\\\07\\\\20\\\\97a3f51534d966a0dffc727376fc8cad24457ffd.wav\",\"filename\":\"F25\",\"text\":\"不好意思哈, 您问的这个问题是不方便做答的, 您看您对我们业务还有没有需要了解的呢?\"},\"06d192309ecbfb30a0e9ad03ed19f4476ea7ad7a\":{\"pcm\":\"2018\\\\07\\\\21\\\\06d192309ecbfb30a0e9ad03ed19f4476ea7ad7a.pcm\",\"path\":\"2018\\\\07\\\\21\\\\06d192309ecbfb30a0e9ad03ed19f4476ea7ad7a.wav\",\"filename\":\"F26\",\"text\":\"不好意思啊， 只要是关于业务方面的问题,我都会竭诚为您解答的, 希望您理解一下, 关于业务方面您还有需要了解的吗?\"},\"8d1309420f2ea075f9ebf8f12e7f44b485238b96\":{\"pcm\":\"2018\\\\07\\\\20\\\\8d1309420f2ea075f9ebf8f12e7f44b485238b96.pcm\",\"path\":\"2018\\\\07\\\\20\\\\8d1309420f2ea075f9ebf8f12e7f44b485238b96.wav\",\"filename\":\"F27\",\"text\":\"不好意思呀, 因为我这边是公司新来的客服, 对一些业务细节还不太清楚, 我稍后安排公司的客户经理, 让他帮您详细介绍一下可以吗\"},\"c5ed7a6a7c262b7ed3afc0b1ca416f01d210161f\":{\"pcm\":\"2018\\\\07\\\\21\\\\c5ed7a6a7c262b7ed3afc0b1ca416f01d210161f.pcm\",\"path\":\"2018\\\\07\\\\21\\\\c5ed7a6a7c262b7ed3afc0b1ca416f01d210161f.wav\",\"filename\":\"F28\",\"text\":\"这样吧, 稍后我让我们的项目经理联系您, 跟您详细的聊一下合作的具体细节可以吗?\"},\"99ae47e3ef724eac9b53c4c39f7c2c4f181af862\":{\"pcm\":\"2018\\\\07\\\\21\\\\99ae47e3ef724eac9b53c4c39f7c2c4f181af862.pcm\",\"path\":\"2018\\\\07\\\\21\\\\99ae47e3ef724eac9b53c4c39f7c2c4f181af862.wav\",\"filename\":\"F29\",\"text\":\"您可以去对比的呀，我们公司是很透明的很公正的，所以我相信你能理解的后续我们会有部门经理给您做如何投资的参考\"},\"fd8d8921e68a5bcbc81a729649eca5a36a64bfdf\":{\"pcm\":\"2018\\\\07\\\\21\\\\fd8d8921e68a5bcbc81a729649eca5a36a64bfdf.pcm\",\"path\":\"2018\\\\07\\\\21\\\\fd8d8921e68a5bcbc81a729649eca5a36a64bfdf.wav\",\"filename\":\"F37\",\"text\":\"喂，您还在吗，刚刚是信号不好吗？\"},\"8abc214b2631332051c85d6776518c54e5489723\":{\"pcm\":\"2018\\\\07\\\\21\\\\8abc214b2631332051c85d6776518c54e5489723.pcm\",\"path\":\"2018\\\\07\\\\21\\\\8abc214b2631332051c85d6776518c54e5489723.wav\",\"filename\":\"F38\",\"text\":\"嗯，不好意思，刚才没听清，您能再说一遍吗？\"}},\"type\":[{\"name\":\"未分类\",\"rule\":\"time:0,10;word:0,5;section:0,10\"},{\"name\":\"空号\",\"rule\":\"\"},{\"name\":\"A类\",\"rule\":\"\"},{\"name\":\"B类\",\"rule\":\"\"},{\"name\":\"C类\",\"rule\":\"\"},{\"name\":\"D类\",\"rule\":\"\"},{\"name\":\"E类\",\"rule\":\"\"},{\"name\":\"F类\",\"rule\":\"\"}]}',0,'2018-07-20 17:50:02'),(7,'asasdfasdf','admin','{\"main\":\"\",\"flow\":{\"JUU1JUJDJTgwJUU1JTlDJUJBJUU3JTk5JUJE\":{\"section\":{\"type\":\"condition\",\"voice\":[],\"choice\":\"random\",\"conds\":[]},\"next\":\"\",\"hook\":true,\"type\":0},\"JUU1JTg2JTg1JUU1JUFFJUI5JUU0JUJCJThCJUU3JUJCJThE\":{\"section\":{\"type\":\"condition\",\"voice\":[],\"choice\":\"random\",\"conds\":[]},\"next\":\"\",\"hook\":true,\"type\":0},\"JUU2JThDJUJEJUU1JTlCJTlFJUU4JUFGJUFEJUU1JThGJUE1\":{\"section\":{\"type\":\"condition\",\"voice\":[],\"choice\":\"random\",\"conds\":[]},\"next\":\"\",\"hook\":true,\"type\":0},\"JUU5JTgyJTgwJUU3JUJBJUE2JUU4JUFGJUFEJUU1JThGJUE1\":{\"section\":{\"type\":\"condition\",\"voice\":[],\"choice\":\"random\",\"conds\":[]},\"next\":\"\",\"hook\":true,\"type\":0},\"JUU3JUJCJTkzJUU2JTlEJTlGJUU4JUFGJUFE\":{\"section\":{\"type\":\"end\",\"voice\":[],\"choice\":\"random\"},\"next\":\"\",\"hook\":false,\"type\":0},\"JUU2JUI1JThCJUU4JUFGJTk1JTNDc2NyaXB0JTNFYWxlcnQoJTIyeCUyMiklM0Mvc2NyaXB0JTNF\":{\"section\":{\"type\":\"condition\",\"voice\":[],\"choice\":\"random\",\"conds\":[]},\"next\":\"\",\"hook\":true,\"type\":0}},\"keyword\":{\"quiet1\":{\"type\":0,\"voice\":[],\"choice\":\"random\",\"conds\":[],\"next\":\"\"},\"quiet2\":{\"type\":0,\"voice\":[],\"choice\":\"random\",\"conds\":[],\"next\":\"\"},\"noword1\":{\"type\":0,\"voice\":[],\"choice\":\"random\",\"conds\":[],\"next\":\"\"},\"noword2\":{\"type\":0,\"voice\":[],\"choice\":\"random\",\"conds\":[],\"next\":\"\"},\"noword3\":{\"type\":0,\"voice\":[],\"choice\":\"random\",\"conds\":[],\"next\":\"\"}},\"voice\":{},\"type\":[{\"name\":\"未分类\",\"rule\":\"time:0,10;word:0,5;section:0,10\"},{\"name\":\"空号\",\"rule\":\"\"},{\"name\":\"A类\",\"rule\":\"\"},{\"name\":\"B类\",\"rule\":\"\"},{\"name\":\"C类\",\"rule\":\"\"},{\"name\":\"D类\",\"rule\":\"\"},{\"name\":\"E类\",\"rule\":\"\"},{\"name\":\"F类\",\"rule\":\"\"}]}',0,'2018-07-20 17:50:02');
/*!40000 ALTER TABLE `template` ENABLE KEYS */;
UNLOCK TABLES;

--
-- Table structure for table `user_config`
--

DROP TABLE IF EXISTS `user_config`;
/*!40101 SET @saved_cs_client     = @@character_set_client */;
/*!40101 SET character_set_client = utf8 */;
CREATE TABLE `user_config` (
  `user_id` varchar(30) NOT NULL,
  `key` varchar(50) NOT NULL,
  `value` text DEFAULT NULL COMMENT '配置值'
) ENGINE=InnoDB DEFAULT CHARSET=utf8 COMMENT='用户配置表';
/*!40101 SET character_set_client = @saved_cs_client */;

--
-- Dumping data for table `user_config`
--

LOCK TABLES `user_config` WRITE;
/*!40000 ALTER TABLE `user_config` DISABLE KEYS */;
INSERT INTO `user_config` (`user_id`, `key`, `value`) VALUES ('admin','schedule','{}');
/*!40000 ALTER TABLE `user_config` ENABLE KEYS */;
UNLOCK TABLES;

--
-- Table structure for table `user_order`
--

DROP TABLE IF EXISTS `user_order`;
/*!40101 SET @saved_cs_client     = @@character_set_client */;
/*!40101 SET character_set_client = utf8 */;
CREATE TABLE `user_order` (
  `id` bigint(20) NOT NULL AUTO_INCREMENT,
  `user_id` varchar(30) DEFAULT NULL,
  `used` int(11) DEFAULT 0 COMMENT '已使用量',
  `total` int(11) NOT NULL COMMENT '总量',
  `created_at` datetime DEFAULT current_timestamp(),
  PRIMARY KEY (`id`),
  UNIQUE KEY `user_order_id_uindex` (`id`),
  KEY `user_order_auth_user_uid_fk` (`user_id`),
  CONSTRAINT `user_order_auth_user_uid_fk` FOREIGN KEY (`user_id`) REFERENCES `auth_user` (`uid`) ON DELETE CASCADE
) ENGINE=InnoDB DEFAULT CHARSET=utf8 COMMENT='代理商购买订单';
/*!40101 SET character_set_client = @saved_cs_client */;

--
-- Dumping data for table `user_order`
--

LOCK TABLES `user_order` WRITE;
/*!40000 ALTER TABLE `user_order` DISABLE KEYS */;
/*!40000 ALTER TABLE `user_order` ENABLE KEYS */;
UNLOCK TABLES;

--
-- Table structure for table `user_schedule`
--

DROP TABLE IF EXISTS `user_schedule`;
/*!40101 SET @saved_cs_client     = @@character_set_client */;
/*!40101 SET character_set_client = utf8 */;
CREATE TABLE `user_schedule` (
  `id` int(11) NOT NULL AUTO_INCREMENT,
  `user_id` varchar(30) NOT NULL,
  `start_at` datetime NOT NULL COMMENT '开始工作的时间，包括开始时间',
  `end_at` datetime NOT NULL COMMENT '结束工作的时间，不包括结束时间',
  `repeat` tinyint(4) NOT NULL COMMENT '记录重复规则，通过7位2进制表示一周7天，从左到右依次为，周一到周日。如果对应的位为1，表示这一天是需要工作。',
  PRIMARY KEY (`id`),
  KEY `user_schedule_auth_user_uid_fk` (`user_id`),
  CONSTRAINT `user_schedule_auth_user_uid_fk` FOREIGN KEY (`user_id`) REFERENCES `auth_user` (`uid`) ON DELETE CASCADE
) ENGINE=InnoDB DEFAULT CHARSET=utf8 COMMENT='工作时间设定，支持多段工作时间设定';
/*!40101 SET character_set_client = @saved_cs_client */;

--
-- Dumping data for table `user_schedule`
--

LOCK TABLES `user_schedule` WRITE;
/*!40000 ALTER TABLE `user_schedule` DISABLE KEYS */;
/*!40000 ALTER TABLE `user_schedule` ENABLE KEYS */;
UNLOCK TABLES;

--
-- Table structure for table `voice`
--

DROP TABLE IF EXISTS `voice`;
/*!40101 SET @saved_cs_client     = @@character_set_client */;
/*!40101 SET character_set_client = utf8 */;
CREATE TABLE `voice` (
  `hash` varchar(50) NOT NULL COMMENT 'wav源文件的sha1摘要信息，用于记录文件是否改变，如果文件改变，才需要下载到客户端，这样可以节省宽带',
  `path` varchar(100) NOT NULL COMMENT '原始wav文件的路径',
  `pcm` varchar(100) DEFAULT NULL COMMENT 'pcm文件路径，客户录音不需要保存pcm，所以可以为null',
  `filename` varchar(100) NOT NULL COMMENT '上传之前的源文件名字',
  `visited_at` datetime DEFAULT current_timestamp() COMMENT '记录最后访问的时间，用于后期清理垃圾附件的凭证，超过一定日期，自动删除。',
  PRIMARY KEY (`hash`),
  UNIQUE KEY `voice_hash_uindex` (`hash`),
  UNIQUE KEY `voice_path_uindex` (`path`)
) ENGINE=InnoDB DEFAULT CHARSET=utf8 COMMENT='机器人音频文件，以及通话客户录音文件';
/*!40101 SET character_set_client = @saved_cs_client */;

--
-- Dumping data for table `voice`
--

LOCK TABLES `voice` WRITE;
/*!40000 ALTER TABLE `voice` DISABLE KEYS */;
INSERT INTO `voice` (`hash`, `path`, `pcm`, `filename`, `visited_at`) VALUES ('00d8e90c67215f63c853bcf280388f2de2b0b0f4','2018\\07\\10\\00d8e90c67215f63c853bcf280388f2de2b0b0f4.wav','2018\\07\\10\\00d8e90c67215f63c853bcf280388f2de2b0b0f4.pcm','25','2018-07-10 22:54:28'),('01be40dcdc49605656e20a1fdfdd09dc4f7f32ec','2018\\07\\10\\01be40dcdc49605656e20a1fdfdd09dc4f7f32ec.wav','2018\\07\\10\\01be40dcdc49605656e20a1fdfdd09dc4f7f32ec.pcm','16','2018-07-10 22:29:09'),('061dc25da0bc7d3efcf1e0e829d061880bcad933','2018\\07\\20\\061dc25da0bc7d3efcf1e0e829d061880bcad933.wav','2018\\07\\20\\061dc25da0bc7d3efcf1e0e829d061880bcad933.pcm','F5','2018-07-20 20:48:29'),('06d192309ecbfb30a0e9ad03ed19f4476ea7ad7a','2018\\07\\21\\06d192309ecbfb30a0e9ad03ed19f4476ea7ad7a.wav','2018\\07\\21\\06d192309ecbfb30a0e9ad03ed19f4476ea7ad7a.pcm','F26','2018-07-21 14:34:25'),('0996ffb3bbcce6363a998d3954b704712b26e425','2018\\07\\20\\0996ffb3bbcce6363a998d3954b704712b26e425.wav','2018\\07\\20\\0996ffb3bbcce6363a998d3954b704712b26e425.pcm','E2','2018-07-20 19:41:00'),('0c55f398b8dac807e8d19da4063d8c6a198cf980','2018\\07\\20\\0c55f398b8dac807e8d19da4063d8c6a198cf980.wav','2018\\07\\20\\0c55f398b8dac807e8d19da4063d8c6a198cf980.pcm','F13','2018-07-20 21:06:12'),('0e6a8a0be6cfb7fc78bdcaae9dfef99581adf125','2018\\07\\19\\0e6a8a0be6cfb7fc78bdcaae9dfef99581adf125.wav','2018\\07\\19\\0e6a8a0be6cfb7fc78bdcaae9dfef99581adf125.pcm','24','2018-07-19 22:21:55'),('0ff4ad654d4e5259a2c12cf905675ee0f2500cf5','2018\\07\\10\\0ff4ad654d4e5259a2c12cf905675ee0f2500cf5.wav','2018\\07\\10\\0ff4ad654d4e5259a2c12cf905675ee0f2500cf5.pcm','34','2018-07-10 23:07:18'),('10d5852673c28a2a52767cc25fcae776f08f950a','2018\\07\\19\\10d5852673c28a2a52767cc25fcae776f08f950a.wav','2018\\07\\19\\10d5852673c28a2a52767cc25fcae776f08f950a.pcm','14','2018-07-19 22:01:51'),('1113a318c8b1403e9a6ff94d82f5f7f074bc2257','2018\\07\\21\\1113a318c8b1403e9a6ff94d82f5f7f074bc2257.wav','2018\\07\\21\\1113a318c8b1403e9a6ff94d82f5f7f074bc2257.pcm','F6','2018-07-21 11:50:14'),('118df45485fc37019c1ad8f587b46218fea6a2ee','2018\\07\\20\\118df45485fc37019c1ad8f587b46218fea6a2ee.wav','2018\\07\\20\\118df45485fc37019c1ad8f587b46218fea6a2ee.pcm','D2','2018-07-20 20:28:37'),('128da7f0807efe24e147ada0b0dbce376e12aef2','2018\\07\\10\\128da7f0807efe24e147ada0b0dbce376e12aef2.wav','2018\\07\\10\\128da7f0807efe24e147ada0b0dbce376e12aef2.pcm','20','2018-07-10 22:44:02'),('198eb7e64f03b5138c82dc7243d4e3586f4ecedf','2018\\07\\20\\198eb7e64f03b5138c82dc7243d4e3586f4ecedf.wav','2018\\07\\20\\198eb7e64f03b5138c82dc7243d4e3586f4ecedf.pcm','F20','2018-07-20 21:20:41'),('1ac324c0c52fe122cca70eadf609dbf3d3619711','2018\\07\\19\\1ac324c0c52fe122cca70eadf609dbf3d3619711.wav','2018\\07\\19\\1ac324c0c52fe122cca70eadf609dbf3d3619711.pcm','11','2018-07-19 21:20:05'),('1cf64885d7f6002e45378543fb9adeecdafa1a49','2018\\07\\10\\1cf64885d7f6002e45378543fb9adeecdafa1a49.wav','2018\\07\\10\\1cf64885d7f6002e45378543fb9adeecdafa1a49.pcm','27','2018-07-10 22:56:00'),('1f2368f23cb493ee519c9c129020bded93180fb1','2018\\07\\21\\1f2368f23cb493ee519c9c129020bded93180fb1.wav','2018\\07\\21\\1f2368f23cb493ee519c9c129020bded93180fb1.pcm','./data/audio/audio-K52C1QfIevwCMB8FyDreVwTIHwkB0ucg-2399','2018-07-21 23:24:11'),('2024476095e85b701e4d8cfe6c67c8af42c0d0c9','2018\\07\\20\\2024476095e85b701e4d8cfe6c67c8af42c0d0c9.wav','2018\\07\\20\\2024476095e85b701e4d8cfe6c67c8af42c0d0c9.pcm','F14','2018-07-20 21:07:56'),('233d85447eed84900c2d776e3116ff0b6375e165','2018\\07\\21\\233d85447eed84900c2d776e3116ff0b6375e165.wav','2018\\07\\21\\233d85447eed84900c2d776e3116ff0b6375e165.pcm','./data/audio/audio-WFm9XxdMe2gCxieXzw9gTWV8ZK6M2bOz-1204','2018-07-21 20:39:18'),('23bb5eb6f3cd81bd30684baff76b8a2422ab0dd6','2018\\07\\20\\23bb5eb6f3cd81bd30684baff76b8a2422ab0dd6.wav','2018\\07\\20\\23bb5eb6f3cd81bd30684baff76b8a2422ab0dd6.pcm','29','2018-07-20 13:39:20'),('2622fd299d74e98c3cc4d24000226d8a4b287f0e','2018\\07\\21\\2622fd299d74e98c3cc4d24000226d8a4b287f0e.wav','2018\\07\\21\\2622fd299d74e98c3cc4d24000226d8a4b287f0e.pcm','F3','2018-07-21 11:47:48'),('2add7058811431c52aedb3b4dcc636b84d3dd3df','2018\\07\\21\\2add7058811431c52aedb3b4dcc636b84d3dd3df.wav','2018\\07\\21\\2add7058811431c52aedb3b4dcc636b84d3dd3df.pcm','./data/audio/audio-K52C1QfIevwCMB8FyDreVwTIHwkB0ucg-3508','2018-07-21 23:24:11'),('2c976cb3abfefd8ee7cece5bdca3055a7a0e09d2','2018\\07\\20\\2c976cb3abfefd8ee7cece5bdca3055a7a0e09d2.wav','2018\\07\\20\\2c976cb3abfefd8ee7cece5bdca3055a7a0e09d2.pcm','F15','2018-07-20 21:09:32'),('2e225320aa67d3793bcf14edfc9a436547856eee','2018\\07\\10\\2e225320aa67d3793bcf14edfc9a436547856eee.wav','2018\\07\\10\\2e225320aa67d3793bcf14edfc9a436547856eee.pcm','11','2018-07-10 20:53:10'),('2f8e41a86a111deabcd2b83277a70f8871f86c56','2018\\07\\10\\2f8e41a86a111deabcd2b83277a70f8871f86c56.wav','2018\\07\\10\\2f8e41a86a111deabcd2b83277a70f8871f86c56.pcm','2','2018-07-10 21:11:02'),('31e2c0f853f5daf81cfa4b032741e4f751fe17fa','2018\\07\\20\\31e2c0f853f5daf81cfa4b032741e4f751fe17fa.wav','2018\\07\\20\\31e2c0f853f5daf81cfa4b032741e4f751fe17fa.pcm','45','2018-07-20 13:45:27'),('377aff082a9a2e687dba81827db295ed4f4adc53','2018\\07\\19\\377aff082a9a2e687dba81827db295ed4f4adc53.wav','2018\\07\\19\\377aff082a9a2e687dba81827db295ed4f4adc53.pcm','6','2018-07-19 21:43:32'),('3a2631bce0a0e1e17e704035bfea1cc48d3001da','2018\\07\\20\\3a2631bce0a0e1e17e704035bfea1cc48d3001da.wav','2018\\07\\20\\3a2631bce0a0e1e17e704035bfea1cc48d3001da.pcm','44','2018-07-20 13:45:16'),('3cbb44bffd186121225b8bda9190bfe678485cd9','2018\\07\\20\\3cbb44bffd186121225b8bda9190bfe678485cd9.wav','2018\\07\\20\\3cbb44bffd186121225b8bda9190bfe678485cd9.pcm','F24','2018-07-20 21:31:10'),('3cef980ffc3124f2e35f060b025f75e554914895','2018\\07\\10\\3cef980ffc3124f2e35f060b025f75e554914895.wav','2018\\07\\10\\3cef980ffc3124f2e35f060b025f75e554914895.pcm','5.1.1.ai1','2018-07-10 22:19:05'),('3db1727276984fb31669f751e2631eddbf72497b','2018\\07\\10\\3db1727276984fb31669f751e2631eddbf72497b.wav','2018\\07\\10\\3db1727276984fb31669f751e2631eddbf72497b.pcm','36','2018-07-10 23:08:33'),('3ed5adcd095e4e8fc32cbaa30a8cd0ae09a51b8f','2018\\07\\20\\3ed5adcd095e4e8fc32cbaa30a8cd0ae09a51b8f.wav','2018\\07\\20\\3ed5adcd095e4e8fc32cbaa30a8cd0ae09a51b8f.pcm','F22','2018-07-20 21:23:57'),('3eeeed0030017ea300fdc9e8577c888c9f7afcba','2018\\07\\21\\3eeeed0030017ea300fdc9e8577c888c9f7afcba.wav','2018\\07\\21\\3eeeed0030017ea300fdc9e8577c888c9f7afcba.pcm','F11','2018-07-21 14:21:12'),('3f10ee5c9773284f9a86eb23c011262514b310ce','2018\\07\\21\\3f10ee5c9773284f9a86eb23c011262514b310ce.wav','2018\\07\\21\\3f10ee5c9773284f9a86eb23c011262514b310ce.pcm','./data/audio/audio-K52C1QfIevwCMB8FyDreVwTIHwkB0ucg-963','2018-07-21 23:24:11'),('3f1522a9a536845b0b68fc6a5f91c7c5f9e895f1','2018\\07\\20\\3f1522a9a536845b0b68fc6a5f91c7c5f9e895f1.wav','2018\\07\\20\\3f1522a9a536845b0b68fc6a5f91c7c5f9e895f1.pcm','33','2018-07-20 13:40:26'),('40d943c08def27315ffbc337429633877429bab1','2018\\07\\21\\40d943c08def27315ffbc337429633877429bab1.wav','2018\\07\\21\\40d943c08def27315ffbc337429633877429bab1.pcm','F18','2018-07-21 14:27:30'),('41152b9f5842ffc4bc06145b102274f3a4e71d4a','2018\\07\\10\\41152b9f5842ffc4bc06145b102274f3a4e71d4a.wav','2018\\07\\10\\41152b9f5842ffc4bc06145b102274f3a4e71d4a.pcm','3.4.2','2018-07-10 22:20:50'),('4337e7d2214ba20d07f5c0c902d0929b9ac839b6','2018\\07\\21\\4337e7d2214ba20d07f5c0c902d0929b9ac839b6.wav','2018\\07\\21\\4337e7d2214ba20d07f5c0c902d0929b9ac839b6.pcm','./data/audio/audio-WFm9XxdMe2gCxieXzw9gTWV8ZK6M2bOz-3226','2018-07-21 20:39:18'),('4438818f564ed16dfa01844a8033c1c8dee59c68','2018\\07\\10\\4438818f564ed16dfa01844a8033c1c8dee59c68.wav','2018\\07\\10\\4438818f564ed16dfa01844a8033c1c8dee59c68.pcm','31','2018-07-10 23:03:44'),('44700462a363f7633b550c2dfd1b4b0c4534121f','2018\\07\\20\\44700462a363f7633b550c2dfd1b4b0c4534121f.wav','2018\\07\\20\\44700462a363f7633b550c2dfd1b4b0c4534121f.pcm','25','2018-07-20 13:38:27'),('458695b6cfd3040c75d58053cedd6ad0aafee0c0','2018\\07\\19\\458695b6cfd3040c75d58053cedd6ad0aafee0c0.wav','2018\\07\\19\\458695b6cfd3040c75d58053cedd6ad0aafee0c0.pcm','22','2018-07-19 22:19:22'),('46bb57ec9bdfe89394d72695e56c1bc0e7693c0b','2018\\07\\21\\46bb57ec9bdfe89394d72695e56c1bc0e7693c0b.wav','2018\\07\\21\\46bb57ec9bdfe89394d72695e56c1bc0e7693c0b.pcm','./data/audio/audio-oBINRDERfepb00oQp1FVqgjBYF0KIDZA-1727','2018-07-21 23:03:40'),('47c88fb61b1c17874ecbc13d5a065cdea4619bf1','2018\\07\\10\\47c88fb61b1c17874ecbc13d5a065cdea4619bf1.wav','2018\\07\\10\\47c88fb61b1c17874ecbc13d5a065cdea4619bf1.pcm','35','2018-07-10 21:56:00'),('4fdebcb551e0ffa348c3bf9e553638f1f0e820e8','2018\\07\\20\\4fdebcb551e0ffa348c3bf9e553638f1f0e820e8.wav','2018\\07\\20\\4fdebcb551e0ffa348c3bf9e553638f1f0e820e8.pcm','F19','2018-07-20 21:15:08'),('5267a48d75a9b77fecb7fb7ed18fef9a66fc6ed5','2018\\07\\20\\5267a48d75a9b77fecb7fb7ed18fef9a66fc6ed5.wav','2018\\07\\20\\5267a48d75a9b77fecb7fb7ed18fef9a66fc6ed5.pcm','31','2018-07-20 13:39:57'),('535a12eff01cf6deb1176fd848362431f819efc7','2018\\07\\10\\535a12eff01cf6deb1176fd848362431f819efc7.wav','2018\\07\\10\\535a12eff01cf6deb1176fd848362431f819efc7.pcm','1','2018-07-10 20:08:45'),('5738a429e322cce6405ab55874b9265664a94797','2018\\07\\10\\5738a429e322cce6405ab55874b9265664a94797.wav','2018\\07\\10\\5738a429e322cce6405ab55874b9265664a94797.pcm','14','2018-07-10 21:49:11'),('57460c0597cc7c563f37d1f229aa1df05417fb74','2018\\07\\21\\57460c0597cc7c563f37d1f229aa1df05417fb74.wav','2018\\07\\21\\57460c0597cc7c563f37d1f229aa1df05417fb74.pcm','F23','2018-07-21 14:32:01'),('57e4e34854f760d891612f229e1a517576c79f2f','2018\\07\\20\\57e4e34854f760d891612f229e1a517576c79f2f.wav','2018\\07\\20\\57e4e34854f760d891612f229e1a517576c79f2f.pcm','D1','2018-07-20 18:12:14'),('57f0717ff9e7b97e0b8bd186272f1822f8ecb1dc','2018\\07\\20\\57f0717ff9e7b97e0b8bd186272f1822f8ecb1dc.wav','2018\\07\\20\\57f0717ff9e7b97e0b8bd186272f1822f8ecb1dc.pcm','F19','2018-07-20 21:19:33'),('590039d2aa47750279a98e58f2298b94e1ec0283','2018\\07\\21\\590039d2aa47750279a98e58f2298b94e1ec0283.wav','2018\\07\\21\\590039d2aa47750279a98e58f2298b94e1ec0283.pcm','./data/audio/audio-WFm9XxdMe2gCxieXzw9gTWV8ZK6M2bOz-1934','2018-07-21 20:39:18'),('5997a8fff399cd6c38067a8eeb2c791347fba603','2018\\07\\19\\5997a8fff399cd6c38067a8eeb2c791347fba603.wav','2018\\07\\19\\5997a8fff399cd6c38067a8eeb2c791347fba603.pcm','7','2018-07-19 21:44:31'),('5c4f911fbefc1787c63f03407386116502630506','2018\\07\\20\\5c4f911fbefc1787c63f03407386116502630506.wav','2018\\07\\20\\5c4f911fbefc1787c63f03407386116502630506.pcm','3','2018-07-20 11:33:50'),('5cf624717b30dba7b22b62161732a30005493c11','2018\\07\\10\\5cf624717b30dba7b22b62161732a30005493c11.wav','2018\\07\\10\\5cf624717b30dba7b22b62161732a30005493c11.pcm','24','2018-07-10 22:53:08'),('5d107ea1d4a433462e48916bca9422c9e6db55a3','2018\\07\\20\\5d107ea1d4a433462e48916bca9422c9e6db55a3.wav','2018\\07\\20\\5d107ea1d4a433462e48916bca9422c9e6db55a3.pcm','F3','2018-07-20 20:45:37'),('5e4cf1d10f0548a841bd373af1e5c5aa23f68b6d','2018\\07\\21\\5e4cf1d10f0548a841bd373af1e5c5aa23f68b6d.wav','2018\\07\\21\\5e4cf1d10f0548a841bd373af1e5c5aa23f68b6d.pcm','./data/audio/audio-NnMxMBgGRg3wNc6wPszlDE5HVjxuhNpU-2062','2018-07-21 22:56:08'),('5e9487fe6b9477780cfe94cf2277863d484c4601','2018\\07\\20\\5e9487fe6b9477780cfe94cf2277863d484c4601.wav','2018\\07\\20\\5e9487fe6b9477780cfe94cf2277863d484c4601.pcm','F8','2018-07-20 20:53:29'),('608df84ba67e12c512fae5002ab9fad2f27714c7','2018\\07\\10\\608df84ba67e12c512fae5002ab9fad2f27714c7.wav','2018\\07\\10\\608df84ba67e12c512fae5002ab9fad2f27714c7.pcm','12','2018-07-10 20:53:20'),('6296c558fac5feeed9490b0704b20e0e7789e934','2018\\07\\20\\6296c558fac5feeed9490b0704b20e0e7789e934.wav','2018\\07\\20\\6296c558fac5feeed9490b0704b20e0e7789e934.pcm','F10','2018-07-20 20:59:40'),('657806cb81e7da55000dd680a2878ba1ce63f89f','2018\\07\\23\\657806cb81e7da55000dd680a2878ba1ce63f89f.wav','2018\\07\\23\\657806cb81e7da55000dd680a2878ba1ce63f89f.pcm','./data/audio/audio-QR6fPi2dYpH259VckyPt121pn4nHjw5Y-3132','2018-07-23 10:34:07'),('67c37f337876a84aafb70800e39c5a39a0b8e481','2018\\07\\21\\67c37f337876a84aafb70800e39c5a39a0b8e481.wav','2018\\07\\21\\67c37f337876a84aafb70800e39c5a39a0b8e481.pcm','./data/audio/audio-NnMxMBgGRg3wNc6wPszlDE5HVjxuhNpU-1761','2018-07-21 22:56:08'),('688fe966d6ffe68ec58b8156f91e4505365c3ab6','2018\\07\\10\\688fe966d6ffe68ec58b8156f91e4505365c3ab6.wav','2018\\07\\10\\688fe966d6ffe68ec58b8156f91e4505365c3ab6.pcm','19','2018-07-10 22:41:13'),('692e41f2a1f6010b350a5b69b1a64650012409d6','2018\\07\\10\\692e41f2a1f6010b350a5b69b1a64650012409d6.wav','2018\\07\\10\\692e41f2a1f6010b350a5b69b1a64650012409d6.pcm','35','2018-07-10 21:53:42'),('698f898b0b6e067af0228a3835b23797f200437a','2018\\07\\21\\698f898b0b6e067af0228a3835b23797f200437a.wav','2018\\07\\21\\698f898b0b6e067af0228a3835b23797f200437a.pcm','./data/audio/audio-QXdgkx1iA4hwWEOAdoLnGBdCN2ORoq39-2739','2018-07-21 23:19:00'),('6c2f69d4432947a9dc28553fda1aae015e823fce','2018\\07\\20\\6c2f69d4432947a9dc28553fda1aae015e823fce.wav','2018\\07\\20\\6c2f69d4432947a9dc28553fda1aae015e823fce.pcm','F24','2018-07-20 21:32:49'),('6df848122e9ab0d3c1abc95fe4aad50611281086','2018\\07\\20\\6df848122e9ab0d3c1abc95fe4aad50611281086.wav','2018\\07\\20\\6df848122e9ab0d3c1abc95fe4aad50611281086.pcm','30','2018-07-20 13:39:37'),('6ec3873420d55a3e4e315daebf858256b8a1881d','2018\\07\\21\\6ec3873420d55a3e4e315daebf858256b8a1881d.wav','2018\\07\\21\\6ec3873420d55a3e4e315daebf858256b8a1881d.pcm','./data/audio/audio-NnMxMBgGRg3wNc6wPszlDE5HVjxuhNpU-1054','2018-07-21 22:56:08'),('6f680d09fecaa7c39d2fa6a307985ab76824273b','2018\\07\\20\\6f680d09fecaa7c39d2fa6a307985ab76824273b.wav','2018\\07\\20\\6f680d09fecaa7c39d2fa6a307985ab76824273b.pcm','B1','2018-07-20 17:30:09'),('7121a9b105d2e25afb7269bdd8152fde7b2d88c3','2018\\07\\21\\7121a9b105d2e25afb7269bdd8152fde7b2d88c3.wav','2018\\07\\21\\7121a9b105d2e25afb7269bdd8152fde7b2d88c3.pcm','./data/audio/audio-oBINRDERfepb00oQp1FVqgjBYF0KIDZA-1837','2018-07-21 23:03:40'),('71832c1c57bd4424da03678b95efbb551af6c9ff','2018\\07\\20\\71832c1c57bd4424da03678b95efbb551af6c9ff.wav','2018\\07\\20\\71832c1c57bd4424da03678b95efbb551af6c9ff.pcm','37','2018-07-20 13:44:01'),('74d608f7c5b86302d14d7455f1f74eadf59c4e71','2018\\07\\19\\74d608f7c5b86302d14d7455f1f74eadf59c4e71.wav','2018\\07\\19\\74d608f7c5b86302d14d7455f1f74eadf59c4e71.pcm','5','2018-07-19 21:30:43'),('78604a29f091a43908dad6d543e213e4ac8d0e14','2018\\07\\20\\78604a29f091a43908dad6d543e213e4ac8d0e14.wav','2018\\07\\20\\78604a29f091a43908dad6d543e213e4ac8d0e14.pcm','F9','2018-07-20 20:55:41'),('78be12d4d7a4f6bda1867d4427bf95f95f07e8e8','2018\\07\\10\\78be12d4d7a4f6bda1867d4427bf95f95f07e8e8.wav','2018\\07\\10\\78be12d4d7a4f6bda1867d4427bf95f95f07e8e8.pcm','29','2018-07-10 23:01:22'),('78f67ebeb915b71287973b8df03594cb7614f0d5','2018\\07\\20\\78f67ebeb915b71287973b8df03594cb7614f0d5.wav','2018\\07\\20\\78f67ebeb915b71287973b8df03594cb7614f0d5.pcm','F2','2018-07-20 20:41:15'),('7ac3ee387a3cdc56d34bf782d2a15972090e2b9d','2018\\07\\20\\7ac3ee387a3cdc56d34bf782d2a15972090e2b9d.wav','2018\\07\\20\\7ac3ee387a3cdc56d34bf782d2a15972090e2b9d.pcm','F28','2018-07-20 21:41:57'),('7cb518e2e44425f4e091489a10722bea0ae4bcf9','2018\\07\\10\\7cb518e2e44425f4e091489a10722bea0ae4bcf9.wav','2018\\07\\10\\7cb518e2e44425f4e091489a10722bea0ae4bcf9.pcm','9','2018-07-10 20:07:13'),('7d1e756178eeb9c611214ccd8f7168729ad387b0','2018\\07\\20\\7d1e756178eeb9c611214ccd8f7168729ad387b0.wav','2018\\07\\20\\7d1e756178eeb9c611214ccd8f7168729ad387b0.pcm','F7','2018-07-20 20:52:33'),('7ef8dd6e6e09883030350bbe9f39f651995e912d','2018\\07\\19\\7ef8dd6e6e09883030350bbe9f39f651995e912d.wav','2018\\07\\19\\7ef8dd6e6e09883030350bbe9f39f651995e912d.pcm','19','2018-07-19 22:12:54'),('7f71e2fd606d20531fd89c7c394f7303eba79af9','2018\\07\\20\\7f71e2fd606d20531fd89c7c394f7303eba79af9.wav','2018\\07\\20\\7f71e2fd606d20531fd89c7c394f7303eba79af9.pcm','F13','2018-07-20 21:04:30'),('807cf2e89d9818185c138de3a8db527fbcaa75a6','2018\\07\\10\\807cf2e89d9818185c138de3a8db527fbcaa75a6.wav','2018\\07\\10\\807cf2e89d9818185c138de3a8db527fbcaa75a6.pcm','22','2018-07-10 22:48:31'),('8141dbcc261062a04b123a9ce5894dc8acb1fb0c','2018\\07\\10\\8141dbcc261062a04b123a9ce5894dc8acb1fb0c.wav','2018\\07\\10\\8141dbcc261062a04b123a9ce5894dc8acb1fb0c.pcm','18','2018-07-10 22:39:34'),('843343ec0694f1c4c472a001968fc4c8d875f8fc','2018\\07\\10\\843343ec0694f1c4c472a001968fc4c8d875f8fc.wav','2018\\07\\10\\843343ec0694f1c4c472a001968fc4c8d875f8fc.pcm','3','2018-07-10 20:12:57'),('864feb3e57247e11bd8b5e90a4735a72dbacc85a','2018\\07\\20\\864feb3e57247e11bd8b5e90a4735a72dbacc85a.wav','2018\\07\\20\\864feb3e57247e11bd8b5e90a4735a72dbacc85a.pcm','F18','2018-07-20 21:13:59'),('8801ffcf687b4266914b76e4aa2c5a67b365d094','2018\\07\\10\\8801ffcf687b4266914b76e4aa2c5a67b365d094.wav','2018\\07\\10\\8801ffcf687b4266914b76e4aa2c5a67b365d094.pcm','41','2018-07-10 22:20:02'),('888c84d0f42d07be1af5f9ef675de876fffd4abf','2018\\07\\20\\888c84d0f42d07be1af5f9ef675de876fffd4abf.wav','2018\\07\\20\\888c84d0f42d07be1af5f9ef675de876fffd4abf.pcm','F21','2018-07-20 21:22:45'),('89805899ef77a319f4e0f71912c965bac5638ca6','2018\\07\\20\\89805899ef77a319f4e0f71912c965bac5638ca6.wav','2018\\07\\20\\89805899ef77a319f4e0f71912c965bac5638ca6.pcm','F17','2018-07-20 21:12:04'),('8aa5f6b9091bbb013c81abf83d5897e1d5cf3d5b','2018\\07\\21\\8aa5f6b9091bbb013c81abf83d5897e1d5cf3d5b.wav','2018\\07\\21\\8aa5f6b9091bbb013c81abf83d5897e1d5cf3d5b.pcm','E2','2018-07-21 11:14:33'),('8abc214b2631332051c85d6776518c54e5489723','2018\\07\\21\\8abc214b2631332051c85d6776518c54e5489723.wav','2018\\07\\21\\8abc214b2631332051c85d6776518c54e5489723.pcm','F38','2018-07-21 14:54:44'),('8d1309420f2ea075f9ebf8f12e7f44b485238b96','2018\\07\\20\\8d1309420f2ea075f9ebf8f12e7f44b485238b96.wav','2018\\07\\20\\8d1309420f2ea075f9ebf8f12e7f44b485238b96.pcm','F27','2018-07-20 21:40:33'),('8dd0c34982fa9ea3487be35098517490c59b52ad','2018\\07\\10\\8dd0c34982fa9ea3487be35098517490c59b52ad.wav','2018\\07\\10\\8dd0c34982fa9ea3487be35098517490c59b52ad.pcm','5','2018-07-10 21:20:57'),('90f10562dbc6767e4dc0236ad25d7612b3beec1c','2018\\07\\20\\90f10562dbc6767e4dc0236ad25d7612b3beec1c.wav','2018\\07\\20\\90f10562dbc6767e4dc0236ad25d7612b3beec1c.pcm','43','2018-07-20 13:45:01'),('92b02de94ece36ba634000ea645906d07655a79a','2018\\07\\20\\92b02de94ece36ba634000ea645906d07655a79a.wav','2018\\07\\20\\92b02de94ece36ba634000ea645906d07655a79a.pcm','47','2018-07-20 13:45:46'),('975a69eacb009454bd55431b613e83ecd5ef231b','2018\\07\\21\\975a69eacb009454bd55431b613e83ecd5ef231b.wav','2018\\07\\21\\975a69eacb009454bd55431b613e83ecd5ef231b.pcm','C2','2018-07-21 10:58:57'),('97a3f51534d966a0dffc727376fc8cad24457ffd','2018\\07\\20\\97a3f51534d966a0dffc727376fc8cad24457ffd.wav','2018\\07\\20\\97a3f51534d966a0dffc727376fc8cad24457ffd.pcm','F25','2018-07-20 21:33:21'),('99ae47e3ef724eac9b53c4c39f7c2c4f181af862','2018\\07\\21\\99ae47e3ef724eac9b53c4c39f7c2c4f181af862.wav','2018\\07\\21\\99ae47e3ef724eac9b53c4c39f7c2c4f181af862.pcm','F29','2018-07-21 11:33:01'),('9bd8eda6f839baa61bfe5f055e85c41945891c8c','2018\\07\\21\\9bd8eda6f839baa61bfe5f055e85c41945891c8c.wav','2018\\07\\21\\9bd8eda6f839baa61bfe5f055e85c41945891c8c.pcm','./data/audio/audio-K52C1QfIevwCMB8FyDreVwTIHwkB0ucg-1985','2018-07-21 23:24:11'),('9e772505cbb815651e68a52facba54c15ca97080','2018\\07\\20\\9e772505cbb815651e68a52facba54c15ca97080.wav','2018\\07\\20\\9e772505cbb815651e68a52facba54c15ca97080.pcm','34','2018-07-20 13:43:29'),('a0d6983bba1e427851ed6e11c479b1f1e710d32a','2018\\07\\20\\a0d6983bba1e427851ed6e11c479b1f1e710d32a.wav','2018\\07\\20\\a0d6983bba1e427851ed6e11c479b1f1e710d32a.pcm','F11','2018-07-20 21:01:20'),('a214fed35f1fde60e366c5a3f65f7c1f994ee02d','2018\\07\\20\\a214fed35f1fde60e366c5a3f65f7c1f994ee02d.wav','2018\\07\\20\\a214fed35f1fde60e366c5a3f65f7c1f994ee02d.pcm','36','2018-07-20 13:43:45'),('a387788f641ecd2e98658b4f58404164661077b1','2018\\07\\20\\a387788f641ecd2e98658b4f58404164661077b1.wav','2018\\07\\20\\a387788f641ecd2e98658b4f58404164661077b1.pcm','F23','2018-07-20 21:29:50'),('a5472025cb56a3437d3e08337ca0420fabeaefda','2018\\07\\19\\a5472025cb56a3437d3e08337ca0420fabeaefda.wav','2018\\07\\19\\a5472025cb56a3437d3e08337ca0420fabeaefda.pcm','35','2018-07-19 22:03:48'),('a54b8055088c787131ad1bad52504736d8c92ba6','2018\\07\\10\\a54b8055088c787131ad1bad52504736d8c92ba6.wav','2018\\07\\10\\a54b8055088c787131ad1bad52504736d8c92ba6.pcm','17','2018-07-10 22:37:29'),('a5f815548ca589be6253efc1c8c562ed3a814780','2018\\07\\10\\a5f815548ca589be6253efc1c8c562ed3a814780.wav','2018\\07\\10\\a5f815548ca589be6253efc1c8c562ed3a814780.pcm','23','2018-07-10 22:51:37'),('a74ec2821c5314b2a2851ee621d99b1f73976deb','2018\\07\\23\\a74ec2821c5314b2a2851ee621d99b1f73976deb.wav','2018\\07\\23\\a74ec2821c5314b2a2851ee621d99b1f73976deb.pcm','./data/audio/audio-QR6fPi2dYpH259VckyPt121pn4nHjw5Y-2794','2018-07-23 10:34:07'),('a79293a6d0bba9218b98d1eda1b19ea6c0451fbb','2018\\07\\20\\a79293a6d0bba9218b98d1eda1b19ea6c0451fbb.wav','2018\\07\\20\\a79293a6d0bba9218b98d1eda1b19ea6c0451fbb.pcm','A1','2018-07-20 17:20:27'),('a7e2e53b5b6c67273d104499b40656e2521d2444','2018\\07\\21\\a7e2e53b5b6c67273d104499b40656e2521d2444.wav','2018\\07\\21\\a7e2e53b5b6c67273d104499b40656e2521d2444.pcm','B1','2018-07-21 10:54:19'),('aa251477b43405e3c62a5aea5e57405d8b27d1d4','2018\\07\\20\\aa251477b43405e3c62a5aea5e57405d8b27d1d4.wav','2018\\07\\20\\aa251477b43405e3c62a5aea5e57405d8b27d1d4.pcm','F6','2018-07-20 20:49:42'),('ae97fac5f2eff71a4316e1f5d2f52a4a52f25084','2018\\07\\20\\ae97fac5f2eff71a4316e1f5d2f52a4a52f25084.wav','2018\\07\\20\\ae97fac5f2eff71a4316e1f5d2f52a4a52f25084.pcm','32','2018-07-20 13:40:14'),('aefe2408a44b46497da8b7fd5a29a31b4ec30654','2018\\07\\20\\aefe2408a44b46497da8b7fd5a29a31b4ec30654.wav','2018\\07\\20\\aefe2408a44b46497da8b7fd5a29a31b4ec30654.pcm','F12','2018-07-20 21:03:08'),('b0564485338624f8f64c90476be5ceaf40acd982','2018\\07\\20\\b0564485338624f8f64c90476be5ceaf40acd982.wav','2018\\07\\20\\b0564485338624f8f64c90476be5ceaf40acd982.pcm','F29','2018-07-20 21:45:23'),('b07b77ba851d365252f89ec70ba45341eb84713a','2018\\07\\20\\b07b77ba851d365252f89ec70ba45341eb84713a.wav','2018\\07\\20\\b07b77ba851d365252f89ec70ba45341eb84713a.pcm','C1','2018-07-20 18:20:02'),('b098ca5419f42c24d2445209b4f9d3134bc81f2f','2018\\07\\19\\b098ca5419f42c24d2445209b4f9d3134bc81f2f.wav','2018\\07\\19\\b098ca5419f42c24d2445209b4f9d3134bc81f2f.pcm','9','2018-07-19 21:35:40'),('b1fd356f42d510a9b0d03f948858811e8916c8d7','2018\\07\\20\\b1fd356f42d510a9b0d03f948858811e8916c8d7.wav','2018\\07\\20\\b1fd356f42d510a9b0d03f948858811e8916c8d7.pcm','E1','2018-07-20 19:40:20'),('b2358ac4ac8a257233719243d8ac2adc3cb8c972','2018\\07\\20\\b2358ac4ac8a257233719243d8ac2adc3cb8c972.wav','2018\\07\\20\\b2358ac4ac8a257233719243d8ac2adc3cb8c972.pcm','E3','2018-07-20 19:41:13'),('b2bfc30e4ffc85bc61aab652e14d89d3bc7378d7','2018\\07\\19\\b2bfc30e4ffc85bc61aab652e14d89d3bc7378d7.wav','2018\\07\\19\\b2bfc30e4ffc85bc61aab652e14d89d3bc7378d7.pcm','8','2018-07-19 21:58:34'),('b748c5af1c82a8116400dbed992113360546c566','2018\\07\\20\\b748c5af1c82a8116400dbed992113360546c566.wav','2018\\07\\20\\b748c5af1c82a8116400dbed992113360546c566.pcm','F1','2018-07-20 20:37:24'),('b9906d704f9d3811839d0154cc5006886fdfb45a','2018\\07\\23\\b9906d704f9d3811839d0154cc5006886fdfb45a.wav','2018\\07\\23\\b9906d704f9d3811839d0154cc5006886fdfb45a.pcm','./data/audio/audio-QR6fPi2dYpH259VckyPt121pn4nHjw5Y-1954','2018-07-23 10:34:07'),('b9da34ddde04058deafc7db4946ee69224f99cf1','2018\\07\\21\\b9da34ddde04058deafc7db4946ee69224f99cf1.wav','2018\\07\\21\\b9da34ddde04058deafc7db4946ee69224f99cf1.pcm','F9','2018-07-21 14:19:17'),('bed4999d9224a780640a4e8d3ff1885b30dd9270','2018\\07\\10\\bed4999d9224a780640a4e8d3ff1885b30dd9270.wav','2018\\07\\10\\bed4999d9224a780640a4e8d3ff1885b30dd9270.pcm','30','2018-07-10 23:02:36'),('bee4e29f6ca190e52321af29cb1dbe14b100f4e5','2018\\07\\10\\bee4e29f6ca190e52321af29cb1dbe14b100f4e5.wav','2018\\07\\10\\bee4e29f6ca190e52321af29cb1dbe14b100f4e5.pcm','32','2018-07-10 22:18:19'),('c04cdee1a86ad6e3f66135d7d59ae6688c573a8a','2018\\07\\10\\c04cdee1a86ad6e3f66135d7d59ae6688c573a8a.wav','2018\\07\\10\\c04cdee1a86ad6e3f66135d7d59ae6688c573a8a.pcm','3.3.1.ai1','2018-07-10 20:06:02'),('c0a43eaf793db93ddab5e4c8697cc0bd9f084c31','2018\\07\\10\\c0a43eaf793db93ddab5e4c8697cc0bd9f084c31.wav','2018\\07\\10\\c0a43eaf793db93ddab5e4c8697cc0bd9f084c31.pcm','4','2018-07-10 20:44:19'),('c2fea2182648516b42446bfa29cbad920315c6b4','2018\\07\\10\\c2fea2182648516b42446bfa29cbad920315c6b4.wav','2018\\07\\10\\c2fea2182648516b42446bfa29cbad920315c6b4.pcm','4.2.1ai2','2018-07-10 22:10:53'),('c31cbd5c8cd0107364a94830768cabf8749594b8','2018\\07\\20\\c31cbd5c8cd0107364a94830768cabf8749594b8.wav','2018\\07\\20\\c31cbd5c8cd0107364a94830768cabf8749594b8.pcm','F1','2018-07-20 20:33:08'),('c456671539704aaf2e5eeba22039921213f0f26c','2018\\07\\21\\c456671539704aaf2e5eeba22039921213f0f26c.wav','2018\\07\\21\\c456671539704aaf2e5eeba22039921213f0f26c.pcm','F17','2018-07-21 14:26:49'),('c56b23d72cc900bea8515d4d2bb3e8c411834d41','2018\\07\\21\\c56b23d72cc900bea8515d4d2bb3e8c411834d41.wav','2018\\07\\21\\c56b23d72cc900bea8515d4d2bb3e8c411834d41.pcm','./data/audio/audio-QXdgkx1iA4hwWEOAdoLnGBdCN2ORoq39-1000','2018-07-21 23:19:00'),('c5c8faa13c1247f4734a88a3de30b25d6d7d5563','2018\\07\\20\\c5c8faa13c1247f4734a88a3de30b25d6d7d5563.wav','2018\\07\\20\\c5c8faa13c1247f4734a88a3de30b25d6d7d5563.pcm','F26','2018-07-20 21:35:33'),('c5ed7a6a7c262b7ed3afc0b1ca416f01d210161f','2018\\07\\21\\c5ed7a6a7c262b7ed3afc0b1ca416f01d210161f.wav','2018\\07\\21\\c5ed7a6a7c262b7ed3afc0b1ca416f01d210161f.pcm','F28','2018-07-21 14:35:46'),('c711d04638067e71464d6c9273bf9c1c9b1d1771','2018\\07\\21\\c711d04638067e71464d6c9273bf9c1c9b1d1771.wav','2018\\07\\21\\c711d04638067e71464d6c9273bf9c1c9b1d1771.pcm','F15','2018-07-21 14:29:57'),('c73a2c158cd59e1687dc6c56cfaa8879ff8363b2','2018\\07\\10\\c73a2c158cd59e1687dc6c56cfaa8879ff8363b2.wav','2018\\07\\10\\c73a2c158cd59e1687dc6c56cfaa8879ff8363b2.pcm','10','2018-07-10 21:26:58'),('c7471009851f30430b87c982bd8da65298ae1c59','2018\\07\\19\\c7471009851f30430b87c982bd8da65298ae1c59.wav','2018\\07\\19\\c7471009851f30430b87c982bd8da65298ae1c59.pcm','20','2018-07-19 22:14:24'),('c9424768b5cf9fe905ab0d79aa93c1cf2a45cd15','2018\\07\\20\\c9424768b5cf9fe905ab0d79aa93c1cf2a45cd15.wav','2018\\07\\20\\c9424768b5cf9fe905ab0d79aa93c1cf2a45cd15.pcm','28','2018-07-20 13:39:02'),('cb771f1c8eea3829b26e395fe84ea7b09f5bb137','2018\\07\\19\\cb771f1c8eea3829b26e395fe84ea7b09f5bb137.wav','2018\\07\\19\\cb771f1c8eea3829b26e395fe84ea7b09f5bb137.pcm','16','2018-07-19 22:10:38'),('ccb1cc95bc862e85e7da29878b89c4a6571953e8','2018\\07\\21\\ccb1cc95bc862e85e7da29878b89c4a6571953e8.wav','2018\\07\\21\\ccb1cc95bc862e85e7da29878b89c4a6571953e8.pcm','F16','2018-07-21 14:25:46'),('ceb6b50a524759fba8cedd9f51ae09d593be77c3','2018\\07\\10\\ceb6b50a524759fba8cedd9f51ae09d593be77c3.wav','2018\\07\\10\\ceb6b50a524759fba8cedd9f51ae09d593be77c3.pcm','28','2018-07-10 22:59:44'),('cf5f3c6329bd216babc5ec3f41a94120437725b7','2018\\07\\21\\cf5f3c6329bd216babc5ec3f41a94120437725b7.wav','2018\\07\\21\\cf5f3c6329bd216babc5ec3f41a94120437725b7.pcm','F10','2018-07-21 14:24:36'),('cfde722931c32e58bf739f12a1ddd293f26896b2','2018\\07\\10\\cfde722931c32e58bf739f12a1ddd293f26896b2.wav','2018\\07\\10\\cfde722931c32e58bf739f12a1ddd293f26896b2.pcm','13','2018-07-10 20:53:44'),('d0287cf7fc6ffde62d6854db3bc10ea1848e1dfe','2018\\07\\19\\d0287cf7fc6ffde62d6854db3bc10ea1848e1dfe.wav','2018\\07\\19\\d0287cf7fc6ffde62d6854db3bc10ea1848e1dfe.pcm','4','2018-07-19 21:08:23'),('d0356ad102ff18951da11525bc5c0fb3b77c8871','2018\\07\\19\\d0356ad102ff18951da11525bc5c0fb3b77c8871.wav','2018\\07\\19\\d0356ad102ff18951da11525bc5c0fb3b77c8871.pcm','1','2018-07-19 21:06:36'),('d3222453fca753129ce40f9f68ddd945afb898f9','2018\\07\\10\\d3222453fca753129ce40f9f68ddd945afb898f9.wav','2018\\07\\10\\d3222453fca753129ce40f9f68ddd945afb898f9.pcm','6','2018-07-10 21:21:39'),('d4de9eba05a138d1c1d0748e14b46f31475fc211','2018\\07\\19\\d4de9eba05a138d1c1d0748e14b46f31475fc211.wav','2018\\07\\19\\d4de9eba05a138d1c1d0748e14b46f31475fc211.pcm','2','2018-07-19 21:39:37'),('d670abd9b042c30b82c69cb4a5ca6b8d475dc32e','2018\\07\\19\\d670abd9b042c30b82c69cb4a5ca6b8d475dc32e.wav','2018\\07\\19\\d670abd9b042c30b82c69cb4a5ca6b8d475dc32e.pcm','23','2018-07-19 22:20:34'),('da06844bd973d30042fad4ecf6168602e0a13e84','2018\\07\\19\\da06844bd973d30042fad4ecf6168602e0a13e84.wav','2018\\07\\19\\da06844bd973d30042fad4ecf6168602e0a13e84.pcm','10','2018-07-19 21:36:24'),('dd6823ae7bb867cb6a8c61ef2b6abca243548bb4','2018\\07\\10\\dd6823ae7bb867cb6a8c61ef2b6abca243548bb4.wav','2018\\07\\10\\dd6823ae7bb867cb6a8c61ef2b6abca243548bb4.pcm','33','2018-07-10 23:06:16'),('dd9324017eadddd4056b6f9791009db5836b927a','2018\\07\\20\\dd9324017eadddd4056b6f9791009db5836b927a.wav','2018\\07\\20\\dd9324017eadddd4056b6f9791009db5836b927a.pcm','F4','2018-07-20 20:47:32'),('e1a80e036900161b1359145ef339573c8bcab788','2018\\07\\21\\e1a80e036900161b1359145ef339573c8bcab788.wav','2018\\07\\21\\e1a80e036900161b1359145ef339573c8bcab788.pcm','./data/audio/audio-QXdgkx1iA4hwWEOAdoLnGBdCN2ORoq39-1698','2018-07-21 23:19:00'),('e3bd741c4be852ff6d0932df1194bea862a184fc','2018\\07\\10\\e3bd741c4be852ff6d0932df1194bea862a184fc.wav','2018\\07\\10\\e3bd741c4be852ff6d0932df1194bea862a184fc.pcm','7','2018-07-10 21:22:18'),('e782174ab7985dba8b572a64398d80ca1fec4a82','2018\\07\\20\\e782174ab7985dba8b572a64398d80ca1fec4a82.wav','2018\\07\\20\\e782174ab7985dba8b572a64398d80ca1fec4a82.pcm','2','2018-07-20 13:20:20'),('e94770b309dca6d4332530c72d96b75fdfeeff3a','2018\\07\\20\\e94770b309dca6d4332530c72d96b75fdfeeff3a.wav','2018\\07\\20\\e94770b309dca6d4332530c72d96b75fdfeeff3a.pcm','D2','2018-07-20 20:15:18'),('ed1a07ce20fca27d9ae674750a06ba7701343c40','2018\\07\\10\\ed1a07ce20fca27d9ae674750a06ba7701343c40.wav','2018\\07\\10\\ed1a07ce20fca27d9ae674750a06ba7701343c40.pcm','15','2018-07-10 22:01:05'),('edcd8dcaa495e4b7bae9975644336f8df5476948','2018\\07\\19\\edcd8dcaa495e4b7bae9975644336f8df5476948.wav','2018\\07\\19\\edcd8dcaa495e4b7bae9975644336f8df5476948.pcm','10','2018-07-19 21:37:45'),('eec4230c9b90bc614e2bd33e03a96e8005c833a8','2018\\07\\20\\eec4230c9b90bc614e2bd33e03a96e8005c833a8.wav','2018\\07\\20\\eec4230c9b90bc614e2bd33e03a96e8005c833a8.pcm','38','2018-07-20 13:44:23'),('f2ba8032ce322b27824bf02646aaf2201eb10f00','2018\\07\\20\\f2ba8032ce322b27824bf02646aaf2201eb10f00.wav','2018\\07\\20\\f2ba8032ce322b27824bf02646aaf2201eb10f00.pcm','F27','2018-07-20 21:38:56'),('f3f9eb7ca5beaab26963309e7c191584a32d0d88','2018\\07\\21\\f3f9eb7ca5beaab26963309e7c191584a32d0d88.wav','2018\\07\\21\\f3f9eb7ca5beaab26963309e7c191584a32d0d88.pcm','F2','2018-07-21 14:23:01'),('f55e28d55eb6b3ea39d1399f7d292c3b92e6b5c6','2018\\07\\20\\f55e28d55eb6b3ea39d1399f7d292c3b92e6b5c6.wav','2018\\07\\20\\f55e28d55eb6b3ea39d1399f7d292c3b92e6b5c6.pcm','40','2018-07-20 13:44:44'),('f5f0335f3246e4d73d57f0e179e5c73eea5d321a','2018\\07\\19\\f5f0335f3246e4d73d57f0e179e5c73eea5d321a.wav','2018\\07\\19\\f5f0335f3246e4d73d57f0e179e5c73eea5d321a.pcm','27','2018-07-19 22:25:48'),('f617d1661f1738a59d1cc03733c85a0ad6e56e35','2018\\07\\10\\f617d1661f1738a59d1cc03733c85a0ad6e56e35.wav','2018\\07\\10\\f617d1661f1738a59d1cc03733c85a0ad6e56e35.pcm','3.4.1','2018-07-10 22:22:19'),('fa0473ecaa111af9a7c63550236215f97a388c80','2018\\07\\19\\fa0473ecaa111af9a7c63550236215f97a388c80.wav','2018\\07\\19\\fa0473ecaa111af9a7c63550236215f97a388c80.pcm','15','2018-07-19 22:08:55'),('fae788d49cf23b3198761edfb5db4fc29a639fd8','2018\\07\\21\\fae788d49cf23b3198761edfb5db4fc29a639fd8.wav','2018\\07\\21\\fae788d49cf23b3198761edfb5db4fc29a639fd8.pcm','./data/audio/audio-WFm9XxdMe2gCxieXzw9gTWV8ZK6M2bOz-2820','2018-07-21 20:39:18'),('fd8d8921e68a5bcbc81a729649eca5a36a64bfdf','2018\\07\\21\\fd8d8921e68a5bcbc81a729649eca5a36a64bfdf.wav','2018\\07\\21\\fd8d8921e68a5bcbc81a729649eca5a36a64bfdf.pcm','F37','2018-07-21 14:54:08'),('fe0ac972e356d22d0ff085cf8585dd1bbf419ac0','2018\\07\\19\\fe0ac972e356d22d0ff085cf8585dd1bbf419ac0.wav','2018\\07\\19\\fe0ac972e356d22d0ff085cf8585dd1bbf419ac0.pcm','7.1','2018-07-19 21:44:32'),('fea1f0bb32278ef26b20d529dca531cda153ca09','2018\\07\\21\\fea1f0bb32278ef26b20d529dca531cda153ca09.wav','2018\\07\\21\\fea1f0bb32278ef26b20d529dca531cda153ca09.pcm','./data/audio/audio-oBINRDERfepb00oQp1FVqgjBYF0KIDZA-998','2018-07-21 23:03:40');
/*!40000 ALTER TABLE `voice` ENABLE KEYS */;
UNLOCK TABLES;
/*!40103 SET TIME_ZONE=@OLD_TIME_ZONE */;

/*!40101 SET SQL_MODE=@OLD_SQL_MODE */;
/*!40014 SET FOREIGN_KEY_CHECKS=@OLD_FOREIGN_KEY_CHECKS */;
/*!40014 SET UNIQUE_CHECKS=@OLD_UNIQUE_CHECKS */;
/*!40101 SET CHARACTER_SET_CLIENT=@OLD_CHARACTER_SET_CLIENT */;
/*!40101 SET CHARACTER_SET_RESULTS=@OLD_CHARACTER_SET_RESULTS */;
/*!40101 SET COLLATION_CONNECTION=@OLD_COLLATION_CONNECTION */;
/*!40111 SET SQL_NOTES=@OLD_SQL_NOTES */;

-- Dump completed on 2018-07-23 10:52:44
